Rk,Player,Age,Team,Pos,G,GS,Att,Yds,TD,1D,Succ%,Lng,Y/A,Y/G,A/G,Fmb,Awards,-9999
1,Curtis Martin,31,NYJ,RB,16,16,371,1697,12,93,52.6,25,4.6,106.1,23.2,2,PBAP-1AP OPoY-4,MartCu00
2,Rudi Johnson,25,CIN,RB,16,16,361,1454,12,74,46.0,52,4.0,90.9,22.6,4,PB,JohnRu00
3,Shaun Alexander,27,SEA,RB,16,16,353,1696,16,78,44.8,44,4.8,106.0,22.1,5,PBAP-2,AlexSh00
4,Corey Dillon,30,NWE,RB,15,14,345,1635,12,84,53.0,44,4.7,109.0,23.0,5,PBAP CPoY-5,DillCo00
5,Clinton Portis,23,WAS,RB,15,15,343,1315,5,67,44.3,64,3.8,87.7,22.9,5,,PortCl00
6,LaDainian Tomlinson,25,SDG,RB,15,15,339,1335,17,74,43.4,42,3.9,89.0,22.6,6,PBAP-1AP OPoY-5,TomlLa00
7,Edgerrin James,26,IND,RB,16,16,334,1548,9,78,56.0,40,4.6,96.8,20.9,6,PBAP-2,JameEd00
8,Tiki Barber,29,NYG,RB,16,14,322,1518,13,82,47.2,72,4.7,94.9,20.1,5,PB,BarbTi00
9,Domanick Williams,24,HOU,RB,15,15,302,1188,13,57,42.7,44,3.9,79.2,20.1,4,,DaviDo01
10,Willis McGahee,23,BUF,RB,16,11,284,1128,13,65,45.1,41,4.0,70.5,17.8,4,AP CPoY-3,McGaWi00
11,Reuben Droughns,26,DEN,RB,16,15,275,1240,6,72,49.1,51,4.5,77.5,17.2,5,,DrouRe00
12,Deuce McAllister,26,NOR,RB,14,14,269,1074,9,54,40.9,71,4.0,76.7,19.2,5,,McAlDe00
13,Emmitt Smith,35,ARI,RB,15,15,267,937,9,43,38.2,29,3.5,62.5,17.8,4,,SmitEm00
14,Warrick Dunn,29,ATL,RB,16,16,265,1106,9,47,41.1,60,4.2,69.1,16.6,3,,DunnWa00
15,Fred Taylor,28,JAX,RB,14,14,260,1224,2,49,42.7,46,4.7,87.4,18.6,3,,TaylFr00
16,Ahman Green,27,GNB,RB,15,15,259,1163,7,58,49.8,90,4.5,77.5,17.3,7,PB,GreeAh00
17,Jerome Bettis,32,PIT,RB,15,6,250,941,13,50,48.0,29,3.8,62.7,16.7,1,PBAP CPoY-4,BettJe00
18,Kevan Barlow,25,SFO,RB,15,14,244,822,7,45,38.9,60,3.4,54.8,16.3,2,,BarlKe00
19,Kevin Jones,22,DET,RB,15,14,241,1133,5,59,46.9,74,4.7,75.5,16.1,2,,JoneKe02
20,Thomas Jones,26,CHI,RB,14,14,240,948,7,49,45.8,54,4.0,67.7,17.1,2,,JoneTh00
21,Jamal Lewis,25,BAL,RB,12,12,235,1006,7,51,45.1,75,4.3,83.8,19.6,2,,LewiJa00
22,Chris Brown,23,TEN,RB,11,11,220,1067,6,40,43.2,52,4.9,97.0,20.0,6,,BrowCh03
23,Michael Pittman,29,TAM,RB,13,13,219,926,7,41,41.1,78,4.2,71.2,16.8,6,,PittMi00
24,Nick Goings,26,CAR,RB,16,8,217,821,6,42,41.9,57,3.8,51.3,13.6,1,,GoinNi00
25,Lee Suggs,24,CLE,RB,10,3,199,744,2,39,43.7,39,3.7,74.4,19.9,6,,SuggLe00
26,Julius Jones,23,DAL,RB,8,7,197,819,7,44,43.7,53,4.2,102.4,24.6,3,,JoneJu01
27,Priest Holmes,31,KAN,RB,8,8,196,892,14,59,53.1,33,4.6,111.5,24.5,4,,HolmPr00
28,Marshall Faulk,31,STL,RB,14,14,195,774,3,46,46.2,40,4.0,55.3,13.9,2,,FaulMa00
29,Duce Staley,29,PIT,RB,10,10,192,830,1,38,49.0,38,4.3,83.0,19.2,3,,StalDu00
30,Brian Westbrook,25,PHI,RB,13,12,177,812,3,41,41.8,50,4.6,62.5,13.6,1,PB,WestBr00
31,William Green,25,CLE,RB,15,13,163,585,2,29,35.6,46,3.6,39.0,10.9,3,,GreeWi01
32,Chester Taylor,25,BAL,RB,16,4,160,714,2,34,41.3,47,4.5,44.6,10.0,1,,TaylCh01
33,Antowain Smith,32,TEN,RB,13,4,137,509,4,23,38.7,43,3.7,39.2,10.5,2,,SmitAn00
34,Steven Jackson,21,STL,RB,14,3,134,673,4,37,56.0,48,5.0,48.1,9.6,1,,JackSt00
35,Eddie George,31,DAL,RB,13,8,132,432,4,28,42.4,24,3.3,33.2,10.2,3,,GeorEd00
36,Sammy Morris,27,MIA,RB,13,8,132,523,6,33,45.5,35,4.0,40.2,10.2,1,,MorrSa00
37,Onterrio Smith,24,MIN,RB,11,6,124,544,2,18,46.0,38,4.4,49.5,11.3,2,,SmitOn00
38,Anthony Thomas,27,CHI,RB,12,2,122,404,2,16,38.5,41,3.3,33.7,10.2,1,,ThomAn01
39,Larry Johnson,25,KAN,RB,10,3,120,581,9,36,53.3,46,4.8,58.1,12.0,0,,JohnLa00
40,Michael Vick,24,ATL,QB,15,15,120,902,3,52,58.3,58,7.5,60.1,8.0,16,PBAP MVP-2AP OPoY-5AP CPoY-6,VickMi00
41,Derrick Blaylock,25,KAN,RB,12,5,118,539,8,34,55.9,24,4.6,44.9,9.8,0,,BlayDe00
42,Amos Zereoue,28,OAK,RB,15,6,112,425,3,20,41.1,55,3.8,28.3,7.5,1,,ZereAm00
43,Travis Minor,25,MIA,RB,11,4,109,388,3,22,35.8,34,3.6,35.3,9.9,0,,MinoTr00
44,T.J. Duckett,23,ATL,RB,13,0,104,509,8,30,54.8,35,4.9,39.2,8.0,2,,DuckT.00
45,Maurice Hicks,26,SFO,RB,9,2,96,362,2,20,37.5,35,3.8,40.2,10.7,3,,HickMa00
46,Travis Henry,26,BUF,RB,10,5,94,326,0,18,40.4,19,3.5,32.6,9.4,0,,HenrTr00
47,Dorsey Levens,34,PHI,RB,15,5,94,410,4,25,53.2,45,4.4,27.3,6.3,0,,LeveDo00
48,LaMont Jordan,26,NYJ,RB,16,0,93,479,2,27,53.8,33,5.2,29.9,5.8,1,,JordLa00
49,Ladell Betts,25,WAS,RB,16,1,90,371,1,20,48.9,27,4.1,23.2,5.6,0,,BettLa00
50,Daunte Culpepper,27,MIN,QB,16,16,88,406,2,31,55.7,16,4.6,25.4,5.5,9,PBAP OPoY-2,CulpDa00
51,Quentin Griffin,23,DEN,RB,6,4,85,311,2,14,32.9,47,3.7,51.8,14.2,3,,GrifQu00
52,Tyrone Wheatley,32,OAK,RB,8,7,85,327,4,25,50.6,60,3.8,40.9,10.6,0,,WheaTy00
53,Jonathan Wells,25,HOU,RB,16,1,82,299,3,17,45.1,14,3.6,18.7,5.1,1,,WellJo00
54,Tatum Bell,23,DEN,RB,14,0,75,396,3,20,57.3,29,5.3,28.3,5.4,1,,BellTa00
55,David Carr,25,HOU,QB,16,16,73,299,0,25,46.6,24,4.1,18.7,4.6,10,,CarrDa00
56,Najeh Davenport,25,GNB,RB,11,1,71,359,2,16,46.5,40,5.1,32.6,6.5,1,,DaveNa00
57,Michael Bennett,26,MIN,RB,11,7,70,276,1,14,40.0,25,3.9,25.1,6.4,1,,BennMi00
58,Brad Hoover,28,CAR,FB,14,9,68,246,0,14,38.2,16,3.6,17.6,4.9,0,,HoovBr00
59,Mike Alstott,31,TAM,FB,14,11,67,230,2,20,56.7,32,3.4,16.4,4.8,2,,AlstMi00
60,Jesse Chatman,25,SDG,RB,15,0,65,392,3,19,49.2,52,6.0,26.1,4.3,1,,ChatJe00
61,Tony Fisher,25,GNB,RB,16,0,65,224,0,16,43.1,24,3.4,14.0,4.1,1,,FishTo00
62,Mewelde Moore,22,MIN,RB,10,3,65,379,0,17,56.9,33,5.8,37.9,6.5,0,,MoorMe00
63,Troy Hambrick,28,ARI,RB,10,0,63,283,1,12,34.9,62,4.5,28.3,6.3,0,,HambTr00
64,Greg Jones,23,JAX,RB,16,3,62,162,3,14,45.2,12,2.6,10.1,3.9,1,,JoneGr01
65,Jake Plummer,30,DEN,QB,16,16,62,202,1,16,38.7,22,3.3,12.6,3.9,6,,PlumJa00
66,DeShaun Foster,24,CAR,RB,4,3,59,255,2,13,42.4,71,4.3,63.8,14.8,0,,FostDe00
67,Aaron Brooks,28,NOR,QB,16,16,58,173,4,15,44.8,15,3.0,10.8,3.6,13,,BrooAa00
68,Aaron Stecker,29,NOR,RB,16,3,58,244,2,11,36.2,42,4.2,15.3,3.6,1,,StecAa00
69,Richie Anderson,33,DAL,FB,12,4,57,246,1,12,40.4,27,4.3,20.5,4.8,1,,AndeRi00
70,Artose Pinner,26,DET,RB,9,2,57,174,2,11,50.9,14,3.1,19.3,6.3,0,,PinnAr00
71,Ben Roethlisberger,22,PIT,QB,14,13,56,144,1,12,26.8,20,2.6,10.3,4.0,2,AP ORoY-1,RoetBe00
72,Verron Haynes,25,PIT,RB,13,0,55,272,0,17,47.3,18,4.9,20.9,4.2,0,,HaynVe00
73,Kevin Faulk,28,NWE,RB,11,1,54,255,2,14,51.9,20,4.7,23.2,4.9,2,,FaulKe00
74,Kyle Boller,23,BAL,QB,16,16,53,189,1,12,41.5,19,3.6,11.8,3.3,11,,BollKy00
75,Drew Brees,25,SDG,QB,15,15,53,85,2,18,39.6,22,1.6,5.7,3.5,7,PBAP OPoY-5AP CPoY-1,BreeDr00
76,Dominic Rhodes,25,IND,RB,16,0,53,254,1,16,45.3,55,4.8,15.9,3.3,2,,RhodDo00
77,Ron Dayne,26,NYG,RB,14,2,52,179,1,10,46.2,15,3.4,12.8,3.7,0,,DaynRo00
78,LaBrandon Toefield,24,JAX,RB,14,0,51,169,0,7,49.0,16,3.3,12.1,3.6,1,,ToefLa00
79,Shawn Bryson,28,DET,RB,16,1,50,264,0,15,46.0,28,5.3,16.5,3.1,1,,BrysSh00
80,Zack Crockett,32,OAK,FB,16,9,48,232,2,12,62.5,47,4.8,14.5,3.0,0,,CrocZa00
81,Joey Harrington,26,DET,QB,16,16,48,175,0,13,31.3,17,3.6,10.9,3.0,6,,HarrJo00
82,Leonard Henry,26,MIA,RB,6,2,46,141,0,5,30.4,53,3.1,23.5,7.7,1,,HenrLe20
83,Tom Brady,27,NWE,QB,16,16,43,28,0,12,27.9,10,0.7,1.8,2.7,7,PB,BradTo00
84,Shaud Williams,24,BUF,RB,4,0,42,167,2,9,42.9,27,4.0,41.8,10.5,1,,WillSh01
85,Donovan McNabb,28,PHI,QB,15,15,41,220,3,12,46.3,28,5.4,14.7,2.7,8,PB,McNaDo00
86,Byron Leftwich,24,JAX,QB,14,14,39,148,2,7,30.8,17,3.8,10.6,2.8,5,,LeftBy00
87,Patrick Pass,27,NWE,FB,14,4,39,141,0,8,43.6,19,3.6,10.1,2.8,1,,PassPa00
88,Josh McCown,25,ARI,QB,14,13,36,112,2,10,41.7,12,3.1,8.0,2.6,12,,McCoJo01
89,Mack Strong,33,SEA,FB,16,13,36,131,0,13,52.8,11,3.6,8.2,2.3,2,,StroMa00
90,Justin Fargas,24,OAK,FB,12,0,35,126,1,9,51.4,15,3.6,10.5,2.9,1,,FargJu00
91,Jeff Garcia,34,CLE,QB,11,10,35,169,2,16,57.1,21,4.8,15.4,3.2,9,,GarcJe00
92,Lamar Gordon,24,MIA,RB,3,2,35,64,0,3,28.6,11,1.8,21.3,11.7,1,,GordLa00
93,Chad Pennington,28,NYJ,QB,13,13,34,126,1,13,52.9,16,3.7,9.7,2.6,5,,PennCh01
94,Willie Parker,24,PIT,RB,8,0,32,186,0,9,43.8,58,5.8,23.3,4.0,0,,ParkWi00
95,Obafemi Ayanbadejo,29,ARI,FB,16,5,30,122,3,9,63.3,23,4.1,7.6,1.9,1,,AyanOb00
96,Charlie Garner,32,TAM,RB,3,3,30,111,0,3,40.0,25,3.7,37.0,10.0,0,,GarnCh00
97,Brian Griese,29,TAM,QB,11,10,30,17,0,1,10.0,7,0.6,1.5,2.7,6,AP CPoY-7,GrieBr00
98,Maurice Morris,25,SEA,RB,15,0,30,126,0,9,56.7,12,4.2,8.4,2.0,0,,MorrMa00
99,Moe Williams,30,MIN,RB,14,1,30,161,3,13,66.7,49,5.4,11.5,2.1,0,,WillMo00
100,Larry Croom,23,ARI,RB,6,1,29,76,0,3,31.0,20,2.6,12.7,4.8,2,,CrooLa00
101,Matt Hasselbeck,29,SEA,QB,14,14,27,90,1,6,29.6,19,3.3,6.4,1.9,5,,HassMa00
102,ReShard Lee,24,DAL,RB,14,0,27,128,1,8,48.1,14,4.7,9.1,1.9,0,,LeexRe00
103,Josh Scobey,25,ARI,RB,12,0,27,89,0,7,40.7,10,3.3,7.4,2.3,1,,ScobJo00
104,Jamel White,27,2TM,RB,13,0,27,82,0,2,25.9,16,3.0,6.3,2.1,0,,WhitJa00
104,Jamel White,27,TAM,RB,7,0,13,20,0,0,15.4,10,1.5,2.9,1.9,0,,WhitJa00
104,Jamel White,27,BAL,RB,6,0,14,62,0,2,35.7,16,4.4,10.3,2.3,0,,WhitJa00
105,Terry Jackson,28,SFO,FB,16,0,26,101,0,4,30.8,13,3.9,6.3,1.6,3,,JackTe00
106,Kenny Watson,26,CIN,RB,16,0,26,161,0,8,50.0,25,6.2,10.1,1.6,2,,WatsKe00
107,Jake Delhomme,29,CAR,QB,16,16,25,71,1,10,36.0,13,2.8,4.4,1.6,12,,DelhJa00
108,Trent Green,34,KAN,QB,16,16,25,85,0,4,48.0,13,3.4,5.3,1.6,11,,GreeTr00
109,Peyton Manning,28,IND,QB,16,16,25,38,0,4,20.0,19,1.5,2.4,1.6,5,PBAP-1AP MVP-1AP OPoY-1,MannPe00
110,Stephen Davis,30,CAR,RB,2,2,24,92,0,5,45.8,12,3.8,46.0,12.0,0,,DaviSt00
111,Reno Mahe,24,PHI,RB,11,0,23,91,0,6,39.1,22,4.0,8.3,2.1,1,,MaheRe00
112,Steve McNair,31,TEN,QB,8,8,23,128,1,11,52.2,23,5.6,16.0,2.9,5,,McNaSt00
113,Drew Bledsoe,32,BUF,QB,16,16,22,37,0,3,31.8,17,1.7,2.3,1.4,9,,BledDr00
114,Cedric Cobbs,23,NWE,RB,3,0,22,50,0,3,27.3,13,2.3,16.7,7.3,1,,CobbCe00
115,Mike Cloud,29,NYG,RB,10,0,21,90,3,9,47.6,26,4.3,9.0,2.1,0,,ClouMi00
116,J.R. Redmond,27,OAK,RB,16,1,21,119,0,5,47.6,18,5.7,7.4,1.3,2,,RedmJ.00
117,Vinny Testaverde,41,DAL,QB,16,15,21,38,1,2,23.8,10,1.8,2.4,1.3,8,,TestVi00
118,Joe Burns,25,BUF,RB,16,0,20,73,0,2,25.0,21,3.7,4.6,1.3,0,,BurnJo00
119,Chris Fuamatu-Ma'afala,27,JAX,RB,7,1,20,69,1,7,65.0,10,3.5,9.9,2.9,0,,FuamCh00
120,Arlen Harris,24,STL,RB,14,1,20,63,0,3,40.0,14,3.2,4.5,1.4,1,,HarrAr00
121,Garrison Hearst,33,DEN,RB,7,0,20,81,1,8,45.0,11,4.1,11.6,2.9,0,,HearGa00
122,Michael Turner,22,SDG,RB,14,1,20,104,0,4,35.0,30,5.2,7.4,1.4,1,,TurnMi00
123,Mark Brunell,34,WAS,QB,9,9,19,62,0,2,26.3,21,3.3,6.9,2.1,6,,BrunMa00
124,Marc Bulger,27,STL,QB,14,14,19,89,3,7,42.1,19,4.7,6.4,1.4,5,,BulgMa00
125,Brock Forsey,24,MIA,RB,7,0,19,53,0,2,42.1,15,2.8,7.6,2.7,1,,ForsBr00
126,Craig Krenzel,23,CHI,QB,6,5,18,41,0,4,22.2,12,2.3,6.8,3.0,8,,KrenCr00
127,Carson Palmer,25,CIN,QB,13,13,18,47,1,5,38.9,14,2.6,3.6,1.4,2,,PalmCa00
128,Robert Holcombe,29,TEN,FB,16,8,17,62,0,3,35.3,20,3.6,3.9,1.1,0,,HolcRo00
129,Kerry Collins,32,OAK,QB,14,13,16,36,0,3,25.0,8,2.3,2.6,1.1,7,,CollKe00
130,Brett Favre,35,GNB,QB,16,16,16,36,0,2,18.8,17,2.3,2.3,1.0,4,,FavrBr00
131,Lorenzo Neal,34,SDG,FB,16,10,16,53,0,11,81.3,8,3.3,3.3,1.0,1,,NealLo00
132,Jamal Robertson,27,2TM,RB,12,0,16,71,1,6,62.5,16,4.4,5.9,1.3,3,,RobeJa00
132,Jamal Robertson,27,SFO,RB,7,0,16,71,1,6,62.5,16,4.4,10.1,2.3,3,,RobeJa00
133,Joey Harris,24,CAR,RB,4,0,15,53,0,3,33.3,19,3.5,13.3,3.8,0,,HarrJo01
134,A.J. Feeley,27,MIA,QB,11,8,14,13,1,2,14.3,7,0.9,1.2,1.3,10,,FeelA.00
135,Rabih Abdullah,29,NWE,RB,9,0,13,13,1,3,23.1,5,1.0,1.4,1.4,0,,AbduRa00
136,Earnest Graham,24,TAM,RB,9,0,13,73,0,2,76.9,13,5.6,8.1,1.4,0,,GrahEa00
137,Kurt Warner,33,NYG,QB,10,9,13,30,1,5,38.5,13,2.3,3.0,1.3,12,,WarnKu00
138,Quincy Carter,27,NYJ,QB,7,3,12,20,0,2,25.0,9,1.7,2.9,1.7,2,,CartQu00
139,Jay Fiedler,33,MIA,QB,8,7,12,59,0,3,33.3,26,4.9,7.4,1.5,9,,FiedJa00
140,David Garrard,26,JAX,QB,4,2,12,76,1,5,75.0,12,6.3,19.0,3.0,0,,GarrDa00
141,James Jackson,28,2TM,RB,5,0,12,81,0,2,41.7,38,6.8,16.2,2.4,1,,JackJa00
141,James Jackson,28,CLE,RB,4,0,12,81,0,2,41.7,38,6.8,20.3,3.0,1,,JackJa00
142,Tim Rattay,27,SFO,QB,9,9,12,55,0,4,41.7,15,4.6,6.1,1.3,11,,RattTi00
143,Tony Richardson,33,KAN,FB,16,16,12,56,0,3,50.0,13,4.7,3.5,0.8,0,PBAP-2,RichTo00
144,Musa Smith,22,BAL,RB,9,0,12,48,0,4,33.3,13,4.0,5.3,1.3,0,,SmitMu00
145,Thomas Tapeh,24,PHI,FB,7,0,12,42,0,2,33.3,10,3.5,6.0,1.7,0,,TapeTh00
146,Bobby Wade,23,CHI,WR,16,14,12,76,0,5,75.0,14,6.3,4.8,0.8,2,,WadeBo00
147,Rex Grossman,24,CHI,QB,3,3,11,48,1,4,54.5,8,4.4,16.0,3.7,2,,GrosRe00
148,Tony Hollings,23,HOU,RB,7,0,11,47,0,2,63.6,13,4.3,6.7,1.6,0,,HollTo00
149,Billy Volek,28,TEN,QB,10,8,11,50,1,5,54.5,14,4.5,5.0,1.1,6,,VoleBi00
150,Ki-Jana Carter,31,NOR,RB,2,0,10,17,0,2,20.0,8,1.7,8.5,5.0,0,,CartKi00
151,Koy Detmer,31,PHI,QB,16,1,10,-7,0,0,0.0,2,-0.7,-0.4,0.6,1,,DetmKo00
152,Trent Dilfer,32,SEA,QB,5,2,10,14,0,1,20.0,11,1.4,2.8,2.0,1,,DilfTr00
153,Jon Kitna,32,CIN,QB,4,3,10,42,0,2,40.0,15,4.2,10.5,2.5,2,,KitnJo00
154,Nick Luchey,27,GNB,FB,16,6,10,24,0,4,60.0,4,2.4,1.5,0.6,0,,WillNi00
155,Patrick Ramsey,25,WAS,QB,9,7,10,19,0,1,10.0,17,1.9,2.1,1.1,6,,RamsPa00
156,Alan Ricard,27,BAL,FB,16,9,10,36,0,3,70.0,14,3.6,2.3,0.6,0,,RicaAl00
157,Fred Beasley,30,SFO,FB,14,10,9,15,0,4,44.4,4,1.7,1.1,0.6,0,,BeasFr00
158,Chris Chambers,26,MIA,WR,15,15,9,76,0,4,66.7,24,8.4,5.1,0.6,1,,ChamCh00
159,Justin Griffith,24,ATL,FB,12,11,9,39,0,2,44.4,10,4.3,3.3,0.8,0,,GrifJu00
160,Shaun King,27,ARI,QB,3,2,9,30,0,1,22.2,16,3.3,10.0,3.0,4,,KingSh00
161,Tommy Maddox,33,PIT,QB,4,3,9,15,0,2,22.2,10,1.7,3.8,2.3,3,,MaddTo00
162,Eric McCoo,24,PHI,RB,1,0,9,54,0,3,66.7,12,6.0,54.0,9.0,0,,McCoEr00
163,Andrew Pinnock,24,SDG,FB,1,0,9,26,0,2,44.4,11,2.9,26.0,9.0,1,,PinnAn00
164,Bernard Berrian,24,CHI,WR,16,1,8,28,0,1,25.0,25,3.5,1.8,0.5,0,,BerrBe00
165,Adimchinobe Echemandu,24,CLE,RB,4,0,8,25,0,2,37.5,6,3.1,6.3,2.0,1,,EcheAd00
166,Larry Fitzgerald,21,ARI,WR,16,16,8,14,0,2,25.0,10,1.8,0.9,0.5,1,,FitzLa00
167,Dante Hall,26,KAN,WR,16,6,8,56,0,2,75.0,17,7.0,3.5,0.5,1,,HallDa00
168,Dennis Northcutt,27,CLE,WR,16,11,8,19,0,1,50.0,8,2.4,1.2,0.5,2,,NortDe00
169,Antwaan Randle El,25,PIT,WR,16,7,8,34,0,1,50.0,12,4.3,2.1,0.5,5,,RandAn00
170,Matt Schaub,23,ATL,QB,6,1,8,26,0,2,50.0,11,3.3,4.3,1.3,1,,SchaMa00
171,Jim Sorgi,24,IND,QB,4,0,8,-5,0,0,0.0,2,-0.6,-1.3,2.0,1,,SorgJi00
172,Heath Evans,26,SEA,FB,15,0,7,20,0,3,57.1,7,2.9,1.3,0.5,1,,EvanHe00
173,Troy Fleming,24,TEN,RB,16,0,7,40,0,2,42.9,13,5.7,2.5,0.4,0,,FlemTr00
174,Johnnie Morton,33,KAN,WR,13,12,7,43,0,3,71.4,14,6.1,3.3,0.5,2,,MortJo00
175,Chris Simms,24,TAM,QB,5,2,7,14,0,1,14.3,12,2.0,2.8,1.4,3,,SimmCh00
176,Hines Ward,28,PIT,WR,16,16,7,25,1,2,28.6,16,3.6,1.6,0.4,1,PBAP-2,WardHi00
177,B.J. Askew,24,NYJ,FB,16,0,6,23,0,1,16.7,14,3.8,1.4,0.4,0,,AskeB.00
178,Brandon Bennett,31,CAR,RB,8,0,6,17,1,2,33.3,11,2.8,2.1,0.8,0,,BennBr00
179,Nate Burleson,23,MIN,WR,16,15,6,49,0,4,100.0,11,8.2,3.1,0.4,1,,BurlNa00
180,T.J. Houshmandzadeh,27,CIN,WR,16,13,6,51,0,2,83.3,16,8.5,3.2,0.4,0,AP CPoY-7,HousTJ00
181,Chad Hutchinson,27,CHI,QB,5,5,6,14,0,1,16.7,11,2.3,2.8,1.2,8,,HutcCh00
182,Eli Manning,23,NYG,QB,9,7,6,35,0,2,50.0,15,5.8,3.9,0.7,3,,MannEl00
183,Luke McCown,23,CLE,QB,5,4,6,25,0,2,33.3,11,4.2,5.0,1.2,2,,McCoLu00
184,Santana Moss,25,NYJ,WR,15,14,6,18,0,2,66.7,12,3.0,1.2,0.4,2,,MossSa00
185,Adrian Peterson,25,CHI,RB,14,0,6,19,0,2,16.7,13,3.2,1.4,0.4,0,,PeteAd00
186,Stanley Pritchett,31,ATL,FB,14,2,6,18,0,1,33.3,8,3.0,1.3,0.4,0,,PritSt00
187,Donte' Stallworth,24,NOR,WR,16,10,6,37,0,1,50.0,26,6.2,2.3,0.4,0,,StalDo00
188,Walter Williams,27,GNB,RB,1,0,6,42,0,1,33.3,28,7.0,42.0,6.0,0,,WillWa02
189,Darian Barnes,24,DAL,FB,16,10,5,10,0,3,40.0,8,2.0,0.6,0.3,1,,BarnDa00
190,Michael Clayton,22,TAM,WR,16,13,5,30,0,3,80.0,15,6.0,1.9,0.3,1,,ClayMi00
191,Ken Dorsey,23,SFO,QB,8,7,5,7,0,1,20.0,3,1.4,0.9,0.6,5,,DorsKe00
192,Lee Evans,23,BUF,WR,16,11,5,85,0,3,80.0,48,17.0,5.3,0.3,1,,EvanLe00
193,Doug Flutie,42,SDG,QB,2,1,5,39,2,4,100.0,20,7.8,19.5,2.5,0,,FlutDo00
194,Rich Gannon,39,OAK,QB,3,3,5,26,0,1,20.0,20,5.2,8.7,1.7,3,,GannRi00
195,Brad Johnson,36,TAM,QB,4,4,5,23,0,1,60.0,7,4.6,5.8,1.3,2,,JohnBr00
196,Eric Moulds,31,BUF,WR,16,16,5,19,0,1,20.0,12,3.8,1.2,0.3,1,,MoulEr00
197,James Mungro,26,IND,RB,15,0,5,19,0,1,40.0,8,3.8,1.3,0.3,0,,MungJa00
198,Rod Smith,34,DEN,WR,16,16,5,33,0,2,80.0,14,6.6,2.1,0.3,4,,SmitRo01
199,Darius Watts,23,DEN,WR,16,2,5,33,0,2,100.0,10,6.6,2.1,0.3,1,,WattDa00
200,Reche Caldwell,25,SDG,WR,6,6,4,45,0,2,100.0,20,11.3,7.5,0.7,1,,CaldRe00
201,Kerry Carter,24,SEA,RB,16,0,4,15,0,2,75.0,6,3.8,0.9,0.3,0,,CartKe01
202,Antonio Chatman,25,GNB,WR,16,2,4,36,0,2,75.0,18,9.0,2.3,0.3,3,,ChatAn00
203,Rohan Davey,26,NWE,QB,4,0,4,-1,0,0,0.0,3,-0.3,-0.3,1.0,0,,DaveRo01
204,Tim Dwight,29,SDG,WR,12,0,4,54,0,1,25.0,48,13.5,4.5,0.3,0,,DwigTi00
205,Omar Easy,27,KAN,FB,15,0,4,1,0,0,0.0,4,0.3,0.1,0.3,0,,EasyOm00
206,Jabar Gaffney,24,HOU,WR,16,12,4,30,0,1,100.0,10,7.5,1.9,0.3,1,,GaffJa00
207,Andre Johnson,23,HOU,WR,16,16,4,12,0,2,50.0,14,3.0,0.8,0.3,1,PB,JohnAn02
208,Chad Johnson,26,CIN,WR,16,16,4,39,0,1,75.0,18,9.8,2.4,0.3,1,PB,JohnCh01
209,Vick King,24,MIA,RB,2,0,4,9,0,1,25.0,3,2.3,4.5,2.0,0,,KingVi00
210,Dan Kreider,27,PIT,FB,16,9,4,18,0,1,50.0,6,4.5,1.1,0.3,0,,KreiDa00
211,Greg Lewis,24,PHI,WR,16,3,4,16,0,1,50.0,11,4.0,1.0,0.3,0,,LewiGr01
212,Shaun McDonald,23,STL,WR,16,0,4,0,0,0,25.0,,0.0,0.0,0.3,4,,McDoSh00
213,Eric Parker,25,SDG,WR,15,13,4,53,0,2,50.0,38,13.3,3.5,0.3,5,,ParkEr00
214,Philip Rivers,23,SDG,QB,2,0,4,-5,0,0,0.0,-1,-1.3,-2.5,2.0,1,,RivePh00
215,B.J. Sams,24,BAL,RB,16,1,4,19,1,2,75.0,8,4.8,1.2,0.3,5,,SamsB.00
216,Cecil Sapp,26,DEN,RB,5,0,4,32,0,2,75.0,18,8.0,6.4,0.8,0,,SappCe00
217,Cory Schlesinger,32,DET,FB,13,11,4,7,0,1,25.0,2,1.8,0.5,0.3,0,,SchlCo00
218,Terrelle Smith,26,CLE,FB,16,9,4,9,0,3,100.0,4,2.3,0.6,0.3,0,,SmitTe00
219,Brian St. Pierre,25,PIT,QB,1,0,4,-3,0,1,25.0,2,-0.8,-3.0,4.0,0,,St.PBr20
220,Jeff Blake,34,PHI,QB,3,0,3,6,0,0,33.3,8,2.0,2.0,1.0,1,,BlakJe00
221,Kelly Campbell,24,MIN,WR,16,3,3,4,0,1,33.3,16,1.3,0.3,0.2,1,,CampKe00
222,Laveranues Coles,27,WAS,WR,16,16,3,-3,0,2,66.7,7,-1.0,-0.2,0.2,1,,ColeLa00
223,Kevin Curtis,26,STL,WR,15,0,3,24,0,2,66.7,15,8.0,1.6,0.2,1,,CurtKe00
224,Donald Driver,29,GNB,WR,16,11,3,4,0,0,33.3,14,1.3,0.3,0.2,2,,DrivDo00
225,Jim Finn,28,NYG,FB,16,9,3,7,0,0,33.3,5,2.3,0.4,0.2,0,,FinnJi00
226,Rod Gardner,27,WAS,WR,16,14,3,7,0,2,66.7,11,2.3,0.4,0.2,0,,GardRo00
227,Joey Goodspeed,26,STL,FB,16,5,3,6,1,2,66.7,2,2.0,0.4,0.2,1,,GoodJo00
228,Ike Hilliard,28,NYG,WR,16,15,3,34,0,2,100.0,17,11.3,2.1,0.2,3,,HillIk00
229,Kelly Holcomb,31,CLE,QB,4,2,3,-2,0,0,0.0,,-0.7,-0.5,0.8,1,,HolcKe00
230,Jeremi Johnson,24,CIN,FB,16,6,3,5,0,0,33.3,4,1.7,0.3,0.2,1,,JohnJe00
231,Mike Karney,23,NOR,FB,16,8,3,7,0,1,66.7,4,2.3,0.4,0.2,0,,KarnMi00
232,Ashley Lelie,24,DEN,WR,16,16,3,5,0,0,33.3,8,1.7,0.3,0.2,0,,LeliAs00
233,Muhsin Muhammad,31,CAR,WR,16,16,3,15,0,1,33.3,13,5.0,0.9,0.2,3,PBAP-1,MuhaMu00
234,Craig Nall,25,GNB,QB,5,0,3,7,0,0,0.0,9,2.3,1.4,0.6,1,,NallCr00
235,Terrell Owens,31,PHI,WR,14,14,3,-5,0,1,33.3,6,-1.7,-0.4,0.2,2,PBAP-1AP OPoY-2,OwenTe00
236,Peerless Price,28,ATL,WR,16,15,3,34,0,1,100.0,16,11.3,2.1,0.2,0,,PricPe00
237,Jonathan Quinn,29,CHI,QB,5,3,3,35,0,3,66.7,23,11.7,7.0,0.6,2,,QuinJo00
238,Cliff Russell,25,CIN,WR,13,1,3,15,0,2,66.7,13,5.0,1.2,0.2,2,,RussCl00
239,Rod Smart,27,CAR,RB,3,0,3,4,0,0,0.0,3,1.3,1.3,1.0,1,,SmarRo00
240,David Terrell,25,CHI,WR,16,15,3,10,0,1,66.7,20,3.3,0.6,0.2,1,,TerrDa00
241,Dez White,25,ATL,WR,16,15,3,14,0,1,33.3,26,4.7,0.9,0.2,0,,WhitDe00
242,Jason Wright,22,ATL,RB,2,0,3,10,0,0,0.0,8,3.3,5.0,1.5,0,,WrigJa01
243,Arnaz Battle,24,SFO,WR,14,0,2,5,0,0,50.0,7,2.5,0.4,0.1,2,,BattAr00
244,Jarrod Baxter,25,HOU,FB,8,1,2,1,0,0,0.0,1,0.5,0.1,0.3,0,,BaxtJa00
245,Tim Carter,25,NYG,WR,5,0,2,23,0,1,100.0,15,11.5,4.6,0.4,0,,CartTi00
246,Rock Cartwright,25,WAS,FB,13,0,2,0,0,0,0.0,,0.0,0.0,0.2,0,,CartRo01
247,Troy Edwards,27,JAX,WR,16,4,2,2,0,0,0.0,2,1.0,0.1,0.1,3,,EdwaTr00
248,Doug Gabriel,24,OAK,WR,16,5,2,7,0,0,50.0,4,3.5,0.4,0.1,2,,GabrDo00
249,Joey Galloway,33,TAM,WR,10,7,2,19,0,1,100.0,14,9.5,1.9,0.2,3,,GallJo00
250,Bethel Johnson,25,NWE,WR,13,1,2,8,0,1,50.0,11,4.0,0.6,0.2,2,,JohnBe00
251,Bryant Johnson,23,ARI,WR,16,11,2,-6,0,0,0.0,1,-3.0,-0.4,0.1,1,,JohnBr02
252,Doug Johnson,27,TEN,QB,2,0,2,-2,0,0,0.0,-1,-1.0,-1.0,1.0,0,,JohnDo00
253,Keyshawn Johnson,32,DAL,WR,16,16,2,13,0,1,50.0,13,6.5,0.8,0.1,1,,JohnKe00
254,Eddie Kennison,31,KAN,WR,14,14,2,15,0,1,50.0,15,7.5,1.1,0.1,1,,KennEd00
255,Rob Konrad,28,MIA,FB,10,1,2,18,0,1,100.0,15,9.0,1.8,0.2,0,,KonrRo00
256,J.P. Losman,23,BUF,QB,4,0,2,15,0,1,100.0,10,7.5,3.8,0.5,1,,LosmJ.00
257,Shane Matthews,34,BUF,QB,3,0,2,-3,0,0,0.0,-1,-1.5,-1.0,0.7,0,,MattSh00
258,Fred McAfee,36,NOR,RB,11,0,2,54,0,1,50.0,53,27.0,4.9,0.2,0,,McAfFr00
259,Justin McCareins,26,NYJ,WR,16,16,2,-5,0,0,0.0,-2,-2.5,-0.3,0.1,3,,McCaJu00
260,Mike McMahon,25,DET,QB,1,0,2,18,0,0,50.0,14,9.0,18.0,2.0,1,,McMaMi00
261,Brian Moorman,28,BUF,P,16,0,2,23,0,1,50.0,34,11.5,1.4,0.1,2,,MoorBr24
262,Quincy Morgan,27,2TM,WR,15,12,2,23,0,1,50.0,24,11.5,1.5,0.1,1,,MorgQu00
262,Quincy Morgan,27,DAL,WR,9,7,2,23,0,1,50.0,24,11.5,2.6,0.2,0,,MorgQu00
263,J.T. O'Sullivan,25,GNB,QB,1,0,2,-2,0,0,0.0,-1,-1.0,-2.0,2.0,0,,OSulJ.00
264,Doug Pederson,36,GNB,QB,4,0,2,15,0,1,50.0,9,7.5,3.8,0.5,0,,PedeDo00
265,Chris Perry,23,CIN,RB,2,0,2,1,0,0,0.0,1,0.5,0.5,1.0,0,,PerrCh00
266,Josh Reed,24,BUF,WR,12,1,2,-1,0,0,50.0,6,-0.5,-0.1,0.2,0,,ReedJo01
267,Ian Smart,24,TAM,RB,4,0,2,26,0,1,50.0,25,13.0,6.5,0.5,0,,SmarIa00
268,Jonathan Smith,23,BUF,WR,9,0,2,11,0,1,50.0,8,5.5,1.2,0.2,0,,SmitJo00
269,Jerald Sowell,30,NYJ,FB,16,16,2,28,0,1,50.0,19,14.0,1.8,0.1,1,,SoweJe00
270,Peter Warrick,27,CIN,WR,4,1,2,14,0,0,100.0,8,7.0,3.5,0.5,0,,WarrPe00
271,Karl Williams,33,ARI,WR,15,2,2,6,0,1,100.0,3,3.0,0.4,0.1,4,,WillKa00
272,Damien Anderson,25,ARI,RB,4,0,1,2,0,0,0.0,2,2.0,0.5,0.3,0,,AndeDa00
273,Drew Bennett,26,TEN,WR,16,16,1,12,0,1,100.0,12,12.0,0.8,0.1,3,,BennDr00
274,Anquan Boldin,24,ARI,WR,10,9,1,3,0,0,0.0,3,3.0,0.3,0.1,1,,BoldAn00
275,Brooks Bollinger,25,NYJ,QB,1,0,1,2,0,0,0.0,2,2.0,2.0,1.0,0,,BollBr00
276,Marty Booker,28,MIA,WR,15,15,1,-8,0,0,0.0,-8,-8.0,-0.5,0.1,0,,BookMa00
277,Dante Brown,24,PIT,RB,1,0,1,2,0,1,100.0,2,2.0,2.0,1.0,0,,BrowDa02
278,Chris Chandler,39,STL,QB,5,2,1,2,0,0,0.0,2,2.0,0.4,0.2,1,,ChanCh00
279,Stephen Cheek,27,KAN,P,12,0,1,0,0,0,0.0,,0.0,0.0,0.1,1,,CheeSt20
280,Cam Cleeland,29,STL,TE,16,9,1,-2,0,0,0.0,-2,-2.0,-0.1,0.1,0,,CleeCa00
281,Dexter Coakley,32,DAL,RLB,16,16,1,33,0,1,100.0,33,33.0,2.1,0.1,0,,CoakDe00
282,Todd Collins,33,KAN,QB,2,0,1,4,0,0,0.0,4,4.0,2.0,0.5,0,,CollTo00
283,Terrance Copper,22,DAL,WR,10,0,1,-1,0,0,0.0,-1,-1.0,-0.1,0.1,0,,CoppTe00
284,Ronald Curry,25,OAK,WR,12,3,1,-3,0,0,0.0,-3,-3.0,-0.3,0.1,1,,CurrRo01
285,Andre' Davis,25,CLE,WR,7,7,1,-3,0,0,0.0,-3,-3.0,-0.4,0.1,0,,DaviAn01
286,Eddie Drummond,24,DET,WR,11,1,1,9,0,0,0.0,9,9.0,0.8,0.1,0,PBAP-1,DrumEd00
287,Derrick Frost,24,CLE,P,16,0,1,1,0,0,0.0,1,1.0,0.1,0.1,0,,FrosDe20
288,Terry Glenn,30,DAL,WR,6,6,1,-3,0,0,0.0,-3,-3.0,-0.5,0.2,0,,GlenTe00
289,Tony Gonzalez,28,KAN,TE,16,16,1,5,0,0,100.0,5,5.0,0.3,0.1,0,PBAP-2,GonzTo00
290,Jabari Greer,22,BUF,DB,12,1,1,-6,0,0,0.0,-6,-6.0,-0.5,0.1,0,,GreeJa22
291,Az-Zahir Hakim,27,DET,WR,12,5,1,0,0,0,0.0,,0.0,0.0,0.1,0,,HakiAz00
292,Nick Harris,26,DET,P,16,0,1,-7,0,0,0.0,-7,-7.0,-0.4,0.1,0,,HarrNi20
293,Drew Henson,24,DAL,QB,7,1,1,7,0,1,100.0,7,7.0,1.0,0.1,1,,HensDr00
294,Craig Hentrich,33,TEN,P,16,0,1,8,0,1,100.0,8,8.0,0.5,0.1,0,,hentrcra01
295,Chris Hetherington,32,OAK,FB,5,2,1,4,0,0,0.0,4,4.0,0.8,0.2,1,,HethCh00
296,Chris Horn,27,KAN,WR,14,0,1,12,0,1,100.0,12,12.0,0.9,0.1,0,,HornCh00
297,Jasen Isom,27,SFO,FB,5,1,1,0,0,0,0.0,,0.0,0.0,0.2,0,,IsomJa00
298,Larry Izzo,30,NWE,LB,16,0,1,0,0,0,0.0,,0.0,0.0,0.1,0,PB,IzzoLa00
299,Frisman Jackson,25,CLE,WR,10,0,1,4,0,1,100.0,4,4.0,0.4,0.1,1,,JackFr01
300,Taylor Jacobs,23,WAS,WR,15,4,1,-6,0,0,0.0,-6,-6.0,-0.4,0.1,0,,JacoTa00
301,Michael Jenkins,22,ATL,WR,16,0,1,2,0,0,0.0,2,2.0,0.1,0.1,0,,JenkMi00
302,Kevin Johnson,28,BAL,WR,16,5,1,0,0,0,0.0,,0.0,0.0,0.1,1,,JohnKe01
303,Kyle Larson,24,CIN,P,16,0,1,11,1,1,100.0,11,11.0,0.7,0.1,0,,LarsKy20
304,George Layne,26,2TM,RB,4,0,1,12,0,1,100.0,12,12.0,3.0,0.3,0,,LaynGe00
304,George Layne,26,ATL,RB,2,0,1,12,0,1,100.0,12,12.0,6.0,0.5,0,,LaynGe00
305,Derrick Mason,30,TEN,WR,16,16,1,-3,0,0,0.0,-3,-3.0,-0.2,0.1,2,,MasoDe00
306,Keenan McCardell,34,SDG,WR,7,6,1,3,0,0,100.0,3,3.0,0.4,0.1,0,,McCaKe00
307,Jason McKie,24,CHI,FB,15,2,1,1,0,0,0.0,1,1.0,0.1,0.1,1,,McKiJa00
308,Moran Norris,26,HOU,FB,12,4,1,0,0,0,0.0,,0.0,0.0,0.1,0,,NorrMo00
309,David Patten,30,NWE,WR,16,11,1,5,0,0,100.0,5,5.0,0.3,0.1,0,,PattDa00
310,Rodney Peete,38,CAR,QB,1,0,1,-1,0,0,0.0,-1,-1.0,-1.0,1.0,0,,PeetRo00
311,Cody Pickett,24,SFO,QB,1,0,1,5,0,0,0.0,5,5.0,5.0,1.0,1,,PickCo00
312,Willie Ponder,24,NYG,WR,11,0,1,-4,0,0,0.0,-4,-4.0,-0.4,0.1,1,,PondWi00
313,Jerry Porter,26,OAK,WR,16,16,1,-4,0,0,0.0,-4,-4.0,-0.3,0.1,2,,PortJe00
314,Ricky Proehl,36,CAR,WR,16,3,1,9,0,0,100.0,9,9.0,0.6,0.1,0,,ProeRi00
315,Koren Robinson,24,SEA,WR,10,8,1,3,0,0,0.0,3,3.0,0.3,0.1,0,,RobiKo00
316,Allen Rossum,29,ATL,DB,16,1,1,0,0,0,0.0,,0.0,0.0,0.1,2,PB,RossAl99
317,Brian Russell,26,MIN,FS,16,16,1,4,0,0,0.0,4,4.0,0.3,0.1,0,,RussBr20
318,Deion Sanders,37,BAL,DB,9,2,1,-10,0,0,0.0,-10,-10.0,-1.1,0.1,0,,SandDe00
319,Bobby Shaw,29,2TM,WR,11,0,1,1,0,0,0.0,1,1.0,0.1,0.1,0,,ShawBo00
319,Bobby Shaw,29,SDG,WR,7,0,1,1,0,0,0.0,1,1.0,0.1,0.1,0,,ShawBo00
320,Jason Simmons,28,HOU,FS,10,6,1,1,0,1,100.0,1,1.0,0.1,0.1,0,,SimmJa20
321,Hunter Smith,27,IND,P,16,0,1,2,0,0,0.0,2,2.0,0.1,0.1,0,,SmitHu21
322,Chad Stanley,28,HOU,P,16,0,1,5,0,1,100.0,5,5.0,0.3,0.1,0,,StanCh20
323,Kordell Stewart,32,BAL,QB,2,0,1,-1,0,0,0.0,-1,-1.0,-0.5,0.5,0,,StewKo00
324,Reggie Swinton,29,DET,WR,13,1,1,3,0,0,0.0,3,3.0,0.2,0.1,1,,SwinRe00
325,Jamaar Taylor,23,NYG,WR,8,0,1,-8,0,0,0.0,-8,-8.0,-1.0,0.1,0,,TaylJa00
326,Matt Turk,36,MIA,P,16,0,1,3,0,0,0.0,3,3.0,0.2,0.1,0,,TurkMa20
327,Dedric Ward,30,DAL,WR,8,0,1,11,0,1,100.0,11,11.0,1.4,0.1,1,,WardDe00
328,Kelley Washington,25,CIN,WR,16,2,1,-1,0,0,0.0,-1,-1.0,-0.1,0.1,0,,WashKe00
329,Reggie Wayne,26,IND,WR,16,16,1,-4,0,0,0.0,-4,-4.0,-0.3,0.1,0,,WaynRe00
330,Jeff Wilkins,32,STL,K,16,0,1,-5,0,0,0.0,-5,-5.0,-0.3,0.1,0,,wilkijef01
331,Randal Williams,26,DAL,WR,2,2,1,13,0,1,100.0,13,13.0,6.5,0.5,0,,WillRa01
332,Roy Williams,23,DET,WR,14,12,1,1,0,0,0.0,1,1.0,0.1,0.1,1,,WillRo04
333,Cedrick Wilson,26,SFO,WR,15,15,1,6,0,1,100.0,6,6.0,0.4,0.1,0,,WilsCe00
