Rk,Player,Age,Team,Pos,G,GS,Att,Yds,TD,1D,Succ%,Lng,Y/A,Y/G,A/G,Fmb,Awards,-9999
1,Shaun Alexander,28,SEA,RB,16,16,370,1880,27,109,52.7,88,5.1,117.5,23.1,5,PBAP-1AP MVP-1AP OPoY-1,AlexSh00
2,Edgerrin James,27,IND,RB,15,15,360,1506,13,97,58.9,33,4.2,100.4,24.0,2,PB,JameEd00
3,Tiki Barber,30,NYG,RB,16,16,357,1860,9,74,47.9,95,5.2,116.3,22.3,1,PBAP-1AP MVP-4AP OPoY-3,BarbTi00
4,Clinton Portis,24,WAS,RB,16,16,352,1516,11,76,48.3,47,4.3,94.8,22.0,3,,PortCl00
5,LaDainian Tomlinson,26,SDG,RB,16,16,339,1462,18,72,46.9,62,4.3,91.4,21.2,3,PBAP-2,TomlLa00
6,Rudi Johnson,26,CIN,RB,16,14,337,1458,12,80,50.1,33,4.3,91.1,21.1,1,,JohnRu00
7,Larry Johnson,26,KAN,RB,16,9,336,1750,20,99,53.0,49,5.2,109.4,21.0,5,PBAP-2,JohnLa00
8,Willis McGahee,24,BUF,RB,16,15,325,1247,5,71,44.3,27,3.8,77.9,20.3,1,,McGaWi00
9,Thomas Jones,27,CHI,RB,15,15,314,1335,9,63,38.9,42,4.3,89.0,20.9,2,,JoneTh00
10,Reuben Droughns,27,CLE,RB,16,16,309,1232,2,61,44.0,75,4.0,77.0,19.3,6,,DrouRe00
11,Cadillac Williams,23,TAM,RB,14,14,290,1178,6,59,42.4,71,4.1,84.1,20.7,3,AP ORoY-1,WillCa02
12,Warrick Dunn,30,ATL,RB,16,16,280,1416,3,67,45.4,65,5.1,88.5,17.5,3,PB,DunnWa00
13,LaMont Jordan,27,OAK,RB,14,14,272,1025,9,62,45.6,26,3.8,73.2,19.4,2,,JordLa00
14,Jamal Lewis,26,BAL,RB,15,15,269,906,3,49,41.3,25,3.4,60.4,17.9,5,,LewiJa00
15,Julius Jones,24,DAL,RB,13,12,257,993,5,48,38.1,51,3.9,76.4,19.8,4,,JoneJu01
16,Willie Parker,25,PIT,RB,15,15,255,1202,4,48,47.1,80,4.7,80.1,17.0,4,,ParkWi00
17,Steven Jackson,22,STL,RB,15,15,254,1046,8,50,41.7,51,4.1,69.7,16.9,3,,JackSt00
18,Mike Anderson,32,DEN,RB,15,15,239,1014,12,61,48.1,44,4.2,67.6,15.9,2,,AndeMi00
19,Domanick Williams,25,HOU,RB,11,11,230,976,2,39,43.5,44,4.2,88.7,20.9,2,,DaviDo01
20,Chris Brown,24,TEN,RB,15,14,224,851,5,37,40.6,38,3.8,56.7,14.9,4,,BrowCh03
21,Curtis Martin,32,NYJ,RB,12,12,220,735,5,37,40.0,49,3.3,61.3,18.3,2,,MartCu00
22,Corey Dillon,31,NWE,RB,12,10,209,733,12,51,47.4,29,3.5,61.1,17.4,1,,DillCo00
23,Ronnie Brown,24,MIA,RB,15,14,207,907,4,42,44.9,65,4.4,60.5,13.8,4,,BrowRo05
24,DeShaun Foster,25,CAR,RB,15,5,205,879,2,38,41.0,70,4.3,58.6,13.7,2,,FostDe00
25,Fred Taylor,29,JAX,RB,11,11,194,787,3,29,37.6,71,4.1,71.5,17.6,0,,TaylFr00
26,Kevin Jones,23,DET,RB,13,13,186,664,5,29,41.4,40,3.6,51.1,14.3,2,,JoneKe02
27,Stephen Davis,31,CAR,RB,13,11,180,549,12,32,37.2,39,3.1,42.2,13.8,2,,DaviSt00
28,Kevan Barlow,26,SFO,RB,12,12,176,581,3,20,27.8,29,3.3,48.4,14.7,2,,BarlKe00
29,Tatum Bell,24,DEN,RB,15,1,173,921,8,42,39.9,68,5.3,61.4,11.5,3,,BellTa00
30,Ricky Williams,28,MIA,RB,12,3,168,743,6,39,45.8,35,4.4,61.9,14.0,1,AP CPoY-5,WillRi00
31,Antowain Smith,33,NOR,RB,16,7,166,659,3,23,36.1,42,4.0,41.2,10.4,2,,SmitAn00
32,Marcel Shipp,27,ARI,RB,15,11,157,451,0,23,40.8,19,2.9,30.1,10.5,4,,ShipMa00
33,Brian Westbrook,26,PHI,RB,12,12,156,617,3,29,37.8,31,4.0,51.4,13.0,0,,WestBr00
34,Mewelde Moore,23,MIN,RB,16,8,155,662,1,33,40.0,33,4.3,41.4,9.7,2,,MoorMe00
35,Greg Jones,24,JAX,FB,14,13,151,575,4,32,42.4,27,3.8,41.1,10.8,0,,JoneGr01
36,Samkon Gado,23,GNB,RB,8,5,143,582,6,32,42.0,64,4.1,72.8,17.9,4,,GadoSa00
37,Marion Barber III,22,DAL,RB,13,2,138,538,5,31,37.7,28,3.9,41.4,10.6,3,,BarbMa01
38,Frank Gore,22,SFO,RB,14,1,127,608,3,27,45.7,72,4.8,43.4,9.1,2,,GoreFr00
39,Michael Bennett,27,MIN,RB,16,6,126,473,3,21,38.9,61,3.8,29.6,7.9,5,,BennMi00
40,T.J. Duckett,24,ATL,RB,14,0,121,380,8,24,37.2,25,3.1,27.1,8.6,2,,DuckT.00
41,Priest Holmes,32,KAN,RB,7,7,119,451,6,30,43.7,35,3.8,64.4,17.0,1,,HolmPr00
42,Chester Taylor,26,BAL,RB,15,1,117,487,0,30,41.9,52,4.2,32.5,7.8,3,,TaylCh01
43,J.J. Arrington,22,ARI,RB,15,5,112,370,2,16,38.4,32,3.3,24.7,7.5,1,,ArriJ.00
44,Jerome Bettis,33,PIT,RB,12,0,110,368,9,30,50.0,39,3.3,30.7,9.2,0,,BettJe00
45,Artose Pinner,27,DET,RB,16,2,106,349,3,22,45.3,19,3.3,21.8,6.6,0,,PinnAr00
46,Michael Vick,25,ATL,QB,15,15,102,597,6,43,56.9,32,5.9,39.8,6.8,11,PB,VickMi00
47,Aaron Stecker,30,NOR,RB,15,4,95,363,0,24,42.1,32,3.8,24.2,6.3,3,,StecAa00
48,Deuce McAllister,27,NOR,RB,5,5,93,335,3,21,41.9,26,3.6,67.0,18.6,0,,McAlDe00
49,Jonathan Wells,26,HOU,RB,15,6,90,325,4,20,51.1,14,3.6,21.7,6.0,1,,WellJo00
50,Ladell Betts,26,WAS,RB,12,0,89,338,1,17,38.2,22,3.8,28.2,7.4,3,,BettLa00
51,Travis Henry,27,TEN,RB,10,1,88,335,0,13,31.8,29,3.8,33.5,8.8,2,,HenrTr00
52,Cedric Houston,23,NYJ,RB,12,4,81,302,2,15,42.0,17,3.7,25.2,6.8,1,,HousCe00
53,Ahman Green,28,GNB,RB,5,5,77,255,0,12,39.0,13,3.3,51.0,15.4,1,,GreeAh00
54,Adrian Peterson,26,CHI,RB,16,0,76,391,2,21,46.1,36,5.1,24.4,4.8,1,,PeteAd00
55,Verron Haynes,26,PIT,RB,14,0,74,274,3,17,31.1,20,3.7,19.6,5.3,2,,HaynVe00
56,Maurice Morris,26,SEA,RB,16,2,71,288,1,18,42.3,49,4.1,18.0,4.4,0,,MorrMa00
57,Michael Pittman,30,TAM,RB,16,4,70,436,1,10,37.1,64,6.2,27.3,4.4,1,,PittMi00
58,Cedric Benson,23,CHI,RB,9,1,67,272,0,12,35.8,36,4.1,30.2,7.4,1,,BensCe00
59,Marshall Faulk,32,STL,RB,16,1,65,292,0,15,46.2,20,4.5,18.3,4.1,2,,FaulMa00
60,Shawn Bryson,29,DET,RB,16,2,64,306,1,12,35.9,77,4.8,19.1,4.0,1,,BrysSh00
61,Chris Perry,24,CIN,RB,14,2,61,279,0,17,47.5,30,4.6,19.9,4.4,2,,PerrCh00
62,Zack Crockett,33,OAK,FB,16,10,60,208,1,11,40.0,24,3.5,13.0,3.8,1,,CrocZa00
63,Tony Fisher,26,GNB,RB,14,4,60,173,1,9,40.0,17,2.9,12.4,4.3,2,,FishTo00
64,Maurice Hicks,27,SFO,RB,14,3,59,308,3,13,40.7,73,5.2,22.0,4.2,0,,HickMa00
65,Michael Turner,23,SDG,RB,16,0,57,335,3,12,47.4,83,5.9,20.9,3.6,0,,TurnMi00
66,David Carr,26,HOU,QB,16,16,56,308,1,20,50.0,20,5.5,19.3,3.5,17,,CarrDa00
67,Ryan Moats,23,PHI,RB,7,1,55,278,3,12,38.2,59,5.1,39.7,7.9,3,,MoatRy00
68,Lamar Gordon,25,PHI,RB,14,4,54,182,1,12,53.7,11,3.4,13.0,3.9,3,,GordLa00
69,Patrick Pass,28,NWE,FB,12,4,54,245,3,13,40.7,31,4.5,20.4,4.5,2,,PassPa00
70,Ron Dayne,27,DEN,RB,10,0,53,270,1,14,50.9,55,5.1,27.0,5.3,1,,DaynRo00
71,Heath Evans,27,2TM,FB,12,3,52,192,0,12,38.5,21,3.7,16.0,4.3,0,,EvanHe00
71,Heath Evans,27,MIA,FB,6,2,1,0,0,0,0.0,,0.0,0.0,0.2,0,,EvanHe00
71,Heath Evans,27,NWE,FB,6,1,51,192,0,12,39.2,21,3.8,32.0,8.5,0,,EvanHe00
72,Kevin Faulk,29,NWE,RB,8,2,51,145,0,6,29.4,13,2.8,18.1,6.4,3,,FaulKe00
73,Noah Herron,23,2TM,RB,7,0,48,123,2,9,39.6,17,2.6,17.6,6.9,0,,HerrNo00
73,Noah Herron,23,PIT,RB,2,0,3,2,0,0,0.0,1,0.7,1.0,1.5,0,,HerrNo00
73,Noah Herron,23,GNB,RB,5,0,45,121,2,9,42.2,17,2.7,24.2,9.0,0,,HerrNo00
74,Vernand Morency,25,HOU,RB,12,1,46,184,2,7,34.8,25,4.0,15.3,3.8,1,,MoreVe00
75,Jake Plummer,31,DEN,QB,16,16,46,151,2,14,37.0,22,3.3,9.4,2.9,4,PB,PlumJa00
76,Tyson Thompson,24,DAL,RB,15,0,46,182,0,11,37.0,16,4.0,12.1,3.1,2,,ThomTy00
77,Aaron Brooks,29,NOR,QB,13,13,45,281,2,20,60.0,22,6.2,21.6,3.5,4,,BrooAa00
78,Shaud Williams,25,BUF,RB,16,0,45,161,0,7,31.1,28,3.6,10.1,2.8,0,,WillSh01
79,Anthony Thomas,28,2TM,RB,9,2,43,92,0,5,23.3,12,2.1,10.2,4.8,0,,ThomAn01
79,Anthony Thomas,28,DAL,RB,5,2,36,80,0,5,27.8,12,2.2,16.0,7.2,0,,ThomAn01
79,Anthony Thomas,28,NOR,RB,4,0,7,12,0,0,0.0,4,1.7,3.0,1.8,0,,ThomAn01
80,Mark Brunell,35,WAS,QB,16,15,42,111,0,12,28.6,25,2.6,6.9,2.6,11,AP CPoY-3,BrunMa00
81,Dominic Rhodes,26,IND,RB,13,1,40,118,4,11,40.0,24,3.0,9.1,3.1,2,,RhodDo00
82,Alvin Pearman,23,JAX,RB,16,0,39,149,1,6,35.9,45,3.8,9.3,2.4,4,,PearAl00
83,Brandon Jacobs,23,NYG,RB,16,0,38,99,7,19,57.9,21,2.6,6.2,2.4,1,,JacoBr00
84,Duce Staley,30,PIT,RB,5,1,38,148,1,10,47.4,17,3.9,29.6,7.6,1,,StalDu00
85,Nick Goings,27,CAR,RB,16,1,37,133,0,6,32.4,17,3.6,8.3,2.3,1,,GoinNi00
86,Matt Hasselbeck,30,SEA,QB,16,16,36,124,1,8,38.9,23,3.4,7.8,2.3,4,PB,HassMa00
87,LaBrandon Toefield,25,JAX,RB,9,2,36,142,4,9,41.7,32,3.9,15.8,4.0,0,,ToefLa00
88,Brooks Bollinger,26,NYJ,QB,11,9,35,135,0,13,45.7,15,3.9,12.3,3.2,3,,BollBr00
89,Trent Green,35,KAN,QB,16,16,35,82,0,10,31.4,13,2.3,5.1,2.2,8,PB,GreeTr00
90,Derrick Ward,25,NYG,RB,14,0,35,123,0,6,37.1,12,3.5,8.8,2.5,0,,WardDe01
91,Mike Alstott,32,TAM,FB,16,7,34,80,6,12,55.9,9,2.4,5.0,2.1,0,,AlstMi00
92,Drew Bledsoe,33,DAL,QB,16,16,34,50,2,7,29.4,9,1.5,3.1,2.1,17,,BledDr00
93,Mike McMahon,26,PHI,QB,9,7,34,118,3,9,47.1,19,3.5,13.1,3.8,8,,McMaMi00
94,Carson Palmer,26,CIN,QB,16,16,34,41,1,6,29.4,14,1.2,2.6,2.1,5,PBAP MVP-5AP OPoY-4,PalmCa00
95,Peyton Manning,29,IND,QB,16,16,33,45,0,6,21.2,12,1.4,2.8,2.1,5,PBAP-1AP MVP-2AP OPoY-2,MannPe00
96,Jarrett Payton,25,TEN,RB,13,0,33,105,2,6,36.4,15,3.2,8.1,2.5,0,,PaytJa00
97,Ciatrick Fason,23,MIN,RB,13,0,32,62,4,12,40.6,15,1.9,4.8,2.5,1,,FasoCi00
98,Steve McNair,32,TEN,QB,14,14,32,139,1,12,46.9,19,4.3,9.9,2.3,7,PB,McNaSt00
99,David Garrard,27,JAX,QB,7,5,31,172,3,14,51.6,28,5.5,24.6,4.4,4,,GarrDa00
100,Byron Leftwich,25,JAX,QB,11,11,31,67,2,7,38.7,9,2.2,6.1,2.8,8,,LeftBy00
101,J.P. Losman,24,BUF,QB,9,8,31,154,0,11,45.2,30,5.0,17.1,3.4,7,,LosmJ.00
102,Ben Roethlisberger,23,PIT,QB,12,12,31,69,3,10,32.3,13,2.2,5.8,2.6,2,,RoetBe00
103,Najeh Davenport,26,GNB,RB,5,1,30,105,2,9,43.3,24,3.5,21.0,6.0,1,,DaveNa00
104,Alex Smith,21,SFO,QB,9,7,30,103,0,3,30.0,19,3.4,11.4,3.3,11,,SmitAl03
105,Eli Manning,24,NYG,QB,16,16,29,80,1,6,34.5,14,2.8,5.0,1.8,9,,MannEl00
106,Josh McCown,26,ARI,QB,9,6,29,139,0,7,51.7,12,4.8,15.4,3.2,5,,McCoJo01
107,Lorenzo Neal,35,SDG,FB,16,15,29,98,0,18,82.8,9,3.4,6.1,1.8,0,PBAP-2,NealLo00
108,Earnest Graham,25,TAM,RB,16,0,28,83,0,4,28.6,16,3.0,5.2,1.8,1,,GrahEa00
109,Tom Brady,28,NWE,QB,16,16,27,89,1,15,63.0,15,3.3,5.6,1.7,4,PBAP-2AP MVP-3AP OPoY-4,BradTo00
110,Rock Cartwright,26,WAS,FB,16,0,27,199,2,10,55.6,52,7.4,12.4,1.7,1,,CartRo01
111,Gus Frerotte,34,MIA,QB,16,15,27,61,0,6,33.3,14,2.3,3.8,1.7,13,,FrerGu00
112,Donovan McNabb,29,PHI,QB,9,9,25,55,1,7,28.0,11,2.2,6.1,2.8,8,,McNaDo00
113,Daunte Culpepper,28,MIN,QB,7,7,24,147,1,11,54.2,18,6.1,21.0,3.4,5,,CulpDa00
114,Jake Delhomme,30,CAR,QB,16,16,24,31,1,3,20.8,12,1.3,1.9,1.5,12,PB,DelhJa00
115,Joey Harrington,27,DET,QB,12,11,24,80,0,3,29.2,15,3.3,6.7,2.0,7,,HarrJo00
116,Kyle Orton,23,CHI,QB,15,15,24,44,0,3,8.3,15,1.8,2.9,1.6,12,,OrtoKy00
117,Mike Cloud,30,2TM,RB,7,0,24,59,0,1,25.0,15,2.5,8.4,3.4,0,,ClouMi00
117,Mike Cloud,30,NWE,RB,6,0,23,59,0,1,26.1,15,2.6,9.8,3.8,0,,ClouMi00
117,Mike Cloud,30,NYG,RB,1,0,1,0,0,0,0.0,,0.0,0.0,1.0,0,,ClouMi00
118,Kyle Boller,24,BAL,QB,9,9,23,66,1,7,43.5,9,2.9,7.3,2.6,8,,BollKy00
119,Obafemi Ayanbadejo,30,ARI,RB,16,2,22,46,0,5,40.9,11,2.1,2.9,1.4,1,,AyanOb00
120,Drew Brees,26,SDG,QB,16,16,21,49,1,8,47.6,9,2.3,3.1,1.3,8,,BreeDr00
121,Trent Dilfer,33,CLE,QB,11,11,20,46,0,2,15.0,12,2.3,4.2,1.8,9,,DilfTr00
122,William Green,26,CLE,RB,8,0,20,78,0,4,40.0,17,3.9,9.8,2.5,0,,GreeWi01
123,Reno Mahe,25,PHI,RB,15,0,20,87,0,3,45.0,13,4.4,5.8,1.3,2,,MaheRe00
124,Chris Simms,25,TAM,QB,11,10,19,31,0,2,21.1,10,1.6,2.8,1.7,6,,SimmCh00
125,Brett Favre,36,GNB,QB,16,16,18,62,0,4,27.8,20,3.4,3.9,1.1,10,,FavrBr00
126,Charlie Frye,24,CLE,QB,7,5,18,60,1,6,38.9,16,3.3,8.6,2.6,7,,FryeCh00
127,Kelly Holcomb,32,BUF,QB,10,8,18,11,1,5,33.3,8,0.6,1.1,1.8,13,,HolcKe00
128,Brad Johnson,37,MIN,QB,15,9,18,53,0,2,16.7,16,2.9,3.5,1.2,5,,JohnBr00
129,Anthony Wright,29,BAL,QB,9,7,18,68,0,9,50.0,22,3.8,7.6,2.0,5,,WrigAn00
130,Derrick Blaylock,26,NYJ,RB,7,1,17,53,0,3,41.2,11,3.1,7.6,2.4,0,,BlayDe00
131,Kerry Collins,33,OAK,QB,15,15,17,39,1,3,29.4,18,2.3,2.6,1.1,13,,CollKe00
132,Jeff Garcia,35,DET,QB,6,5,17,51,1,5,35.3,14,3.0,8.5,2.8,1,,GarcJe00
133,Mack Strong,34,SEA,FB,16,6,17,78,0,7,47.1,16,4.6,4.9,1.1,0,PBAP-1,StroMa00
134,Leonard Weaver,23,SEA,RB,16,0,17,80,0,3,47.1,24,4.7,5.0,1.1,0,,WeavLe00
135,Sammy Morris,28,MIA,RB,16,2,16,58,1,3,50.0,9,3.6,3.6,1.0,0,,MorrSa00
136,Bruce Perry,24,PHI,RB,2,1,16,74,0,3,50.0,11,4.6,37.0,8.0,0,,PerrBr01
137,Justin Griffith,25,ATL,FB,16,15,15,65,0,3,46.7,19,4.3,4.1,0.9,1,,GrifJu00
138,Ryan Fitzpatrick,23,STL,QB,4,3,14,64,2,6,50.0,14,4.6,16.0,3.5,3,,FitzRy00
139,Jamal Robertson,28,CAR,RB,7,0,14,41,1,3,35.7,11,2.9,5.9,2.0,1,,RobeJa00
140,B.J. Askew,25,NYJ,FB,10,1,13,59,0,3,46.2,14,4.5,5.9,1.3,0,,AskeB.00
141,Ran Carthon,24,IND,RB,6,0,13,18,1,3,46.2,7,1.4,3.0,2.2,1,,CartRa00
142,Brian Griese,30,TAM,QB,6,6,13,12,0,1,7.7,7,0.9,2.0,2.2,2,,GrieBr00
143,Arlen Harris,25,STL,RB,16,0,13,21,1,2,23.1,10,1.6,1.3,0.8,0,,HarrAr00
144,Cody Pickett,25,SFO,QB,5,2,13,42,0,4,30.8,12,3.2,8.4,2.6,3,,PickCo00
145,Kurt Warner,34,ARI,QB,10,10,13,28,0,3,38.5,13,2.2,2.8,1.3,9,,WarnKu00
146,Moe Williams,31,MIN,RB,6,1,13,20,0,2,30.8,9,1.5,3.3,2.2,1,,WillMo00
147,Anquan Boldin,25,ARI,WR,14,14,12,45,0,2,50.0,11,3.8,3.2,0.9,2,,BoldAn00
148,Chris Chambers,27,MIA,WR,16,16,12,92,0,4,50.0,61,7.7,5.8,0.8,5,PB,ChamCh00
149,Matt Jones,22,JAX,WR,16,1,12,51,0,2,33.3,25,4.3,3.2,0.8,2,,JoneMa00
150,Antwaan Randle El,26,PIT,WR,16,15,12,73,0,2,41.7,43,6.1,4.6,0.8,4,,RandAn00
151,Jim Sorgi,25,IND,QB,5,0,12,1,0,1,16.7,6,0.1,0.2,2.4,1,,SorgJi00
152,Charlie Batch,31,PIT,QB,4,2,11,30,1,3,27.3,15,2.7,7.5,2.8,1,,BatcCh00
153,ReShard Lee,25,GNB,RB,7,1,11,16,0,1,18.2,4,1.5,2.3,1.6,2,,LeexRe00
154,Bradlee Van Pelt,25,DEN,QB,3,0,11,48,1,5,54.5,11,4.4,16.0,3.7,0,,VanPBr00
155,Jason Wright,23,CLE,RB,3,0,11,27,1,1,27.3,6,2.5,9.0,3.7,0,,WrigJa01
156,Aveion Cason,26,STL,RB,2,0,10,65,1,3,60.0,14,6.5,32.5,5.0,0,,CasoAv00
157,Brad Hoover,29,CAR,FB,15,15,10,22,0,4,50.0,4,2.2,1.5,0.7,0,,HoovBr00
158,Marc Bulger,28,STL,QB,8,8,9,29,0,2,55.6,9,3.2,3.6,1.1,4,,BulgMa00
159,Jamie Martin,35,STL,QB,8,5,9,6,0,1,11.1,9,0.7,0.8,1.1,2,,MartJa00
160,Matt Schaub,24,ATL,QB,16,1,9,76,0,5,55.6,23,8.4,4.8,0.6,1,,SchaMa00
161,Arnaz Battle,25,SFO,WR,10,8,8,11,0,2,37.5,9,1.4,1.1,0.8,1,,BattAr00
162,Todd Bouman,33,NOR,QB,16,3,8,15,0,2,37.5,6,1.9,0.9,0.5,4,,BoumTo00
163,Antonio Chatman,26,GNB,WR,16,3,8,34,0,3,62.5,11,4.3,2.1,0.5,0,,ChatAn00
164,Mark Clayton,23,BAL,WR,14,10,8,33,1,2,62.5,11,4.1,2.4,0.6,0,,ClayMa01
165,Larry Fitzgerald,22,ARI,WR,16,16,8,41,0,3,62.5,15,5.1,2.6,0.5,0,PB,FitzLa00
166,T.J. Houshmandzadeh,28,CIN,WR,14,12,8,62,1,3,87.5,17,7.8,4.4,0.6,1,,HousTJ00
167,Jeremi Johnson,25,CIN,FB,16,11,8,14,0,1,25.0,5,1.8,0.9,0.5,2,,JohnJe00
168,Tommy Maddox,34,PIT,QB,4,2,8,26,0,2,25.0,16,3.3,6.5,2.0,2,,MaddTo00
169,Darren Sproles,22,SDG,RB,15,0,8,50,0,2,50.0,21,6.3,3.3,0.5,3,,SproDa00
170,Lee Suggs,25,CLE,RB,8,0,8,15,0,1,25.0,7,1.9,1.9,1.0,0,,SuggLe00
171,Chris Weinke,33,CAR,QB,3,0,8,-5,0,0,0.0,1,-0.6,-1.7,2.7,0,,WeinCh00
172,Dee Brown,27,KAN,RB,8,0,7,21,0,0,28.6,7,3.0,2.6,0.9,0,,BrowDe02
173,Dante Hall,27,KAN,WR,16,2,7,11,0,0,42.9,7,1.6,0.7,0.4,5,,HallDa00
174,Eddie Kennison,32,KAN,WR,16,16,7,43,0,1,28.6,23,6.1,2.7,0.4,1,,KennEd00
175,Matt Mauck,26,TEN,QB,2,1,7,39,0,2,42.9,12,5.6,19.5,3.5,1,,MaucMa00
176,James Mungro,27,IND,RB,12,0,7,15,0,1,28.6,7,2.1,1.3,0.6,0,,MungJa00
177,Patrick Ramsey,26,WAS,QB,4,1,7,3,0,0,14.3,5,0.4,0.8,1.8,2,,RamsPa00
178,Tim Rattay,28,SFO,QB,4,4,7,18,0,2,42.9,13,2.6,4.5,1.8,3,,RattTi00
179,Vinny Testaverde,42,NYJ,QB,6,4,7,4,2,2,28.6,2,0.6,0.7,1.2,8,,TestVi00
180,Amos Zereoue,29,NWE,RB,3,0,7,14,0,2,28.6,12,2.0,4.7,2.3,0,,ZereAm00
181,Tim Carter,26,NYG,WR,15,1,6,46,0,2,66.7,22,7.7,3.1,0.4,0,,CartTi00
182,Matt Cassel,23,NWE,QB,2,0,6,12,0,2,50.0,9,2.0,6.0,3.0,2,,CassMa00
183,Andre Johnson,24,HOU,WR,13,13,6,10,0,2,33.3,5,1.7,0.8,0.5,1,,JohnAn02
184,Mike Karney,24,NOR,FB,16,14,6,12,0,2,50.0,3,2.0,0.8,0.4,0,,KarnMi00
185,Damien Nash,23,TEN,RB,3,0,6,32,0,2,83.3,8,5.3,10.7,2.0,0,,NashDa00
186,Chad Pennington,29,NYJ,QB,3,3,6,27,0,2,50.0,14,4.5,9.0,2.0,8,,PennCh01
187,Tony Richardson,34,KAN,FB,16,16,6,20,0,1,50.0,8,3.3,1.3,0.4,0,,RichTo00
188,Sage Rosenfels,27,MIA,QB,4,1,6,15,0,2,33.3,12,2.5,3.8,1.5,1,,RoseSa00
189,Terrelle Smith,27,CLE,FB,16,15,6,9,0,1,16.7,4,1.5,0.6,0.4,0,,SmitTe00
190,Seneca Wallace,25,SEA,QB,7,0,6,-5,0,0,0.0,,-0.8,-0.7,0.9,2,,WallSe00
191,Jamel White,28,BAL,RB,5,0,6,17,0,0,0.0,5,2.8,3.4,1.2,0,,WhitJa00
192,Charlie Adams,26,DEN,WR,16,2,5,14,0,1,40.0,13,2.8,0.9,0.3,4,,AdamCh00
193,Justin Fargas,25,OAK,FB,14,0,5,28,0,1,40.0,15,5.6,2.0,0.4,0,,FargJu00
194,Doug Flutie,43,NWE,QB,5,0,5,-1,0,0,0.0,2,-0.2,-0.2,1.0,2,,FlutDo00
195,Justin Green,23,BAL,FB,12,4,5,4,0,0,20.0,4,0.8,0.3,0.4,0,,GreeJu00
196,Chad Johnson,27,CIN,WR,16,16,5,33,0,2,80.0,11,6.6,2.1,0.3,1,PBAP-1,JohnCh01
197,Ashley Lelie,25,DEN,WR,16,13,5,84,0,5,100.0,39,16.8,5.3,0.3,0,,LeliAs00
198,Travis Minor,26,MIA,RB,16,0,5,17,0,0,0.0,9,3.4,1.1,0.3,0,,MinoTr00
199,Cecil Sapp,27,DEN,RB,16,0,5,21,0,1,20.0,10,4.2,1.3,0.3,0,,SappCe00
200,Ken Dorsey,24,SFO,QB,3,3,4,11,0,0,25.0,6,2.8,3.7,1.3,2,,DorsKe00
201,Tim Dwight,30,NWE,WR,16,1,4,11,0,2,50.0,12,2.8,0.7,0.3,1,,DwigTi00
202,Lee Evans,24,BUF,WR,16,15,4,38,0,2,50.0,39,9.5,2.4,0.3,0,,EvanLe00
203,Jabar Gaffney,25,HOU,WR,16,13,4,13,0,1,50.0,10,3.3,0.8,0.3,0,,GaffJa00
204,James Jackson,29,ARI,RB,8,0,4,11,0,0,0.0,3,2.8,1.4,0.5,0,,JackJa00
205,Kyle Johnson,27,DEN,FB,16,14,4,9,1,3,75.0,4,2.3,0.6,0.3,0,,JohnKy00
206,Eric Parker,26,SDG,WR,15,9,4,55,0,3,75.0,30,13.8,3.7,0.3,2,,ParkEr00
207,Koren Robinson,25,MIN,WR,14,5,4,27,1,1,75.0,13,6.8,1.9,0.3,2,PBAP CPoY-5,RobiKo00
208,Paul Smith,27,DET,FB,12,5,4,16,0,1,50.0,6,4.0,1.3,0.3,1,,SmitPa00
209,Steve Smith Sr.,26,CAR,WR,16,16,4,25,1,2,75.0,20,6.3,1.6,0.3,2,PBAP-1AP CPoY-1,SmitSt01
210,Kordell Stewart,33,BAL,QB,1,0,4,24,0,2,75.0,13,6.0,24.0,4.0,0,,StewKo00
211,Roddy White,24,ATL,WR,16,8,4,12,0,1,25.0,16,3.0,0.8,0.3,1,,WhitRo00
212,Quinn Gray,26,JAX,QB,1,0,3,1,0,1,33.3,3,0.3,1.0,3.0,1,,GrayQu00
213,Dan Kreider,28,PIT,FB,16,8,3,21,0,1,66.7,12,7.0,1.3,0.2,0,,KreiDa00
214,Jason McKie,25,CHI,FB,8,2,3,22,0,1,66.7,13,7.3,2.8,0.4,0,,McKiJa00
215,Santana Moss,26,WAS,WR,16,16,3,-3,0,0,0.0,3,-1.0,-0.2,0.2,3,PBAP-2,MossSa00
216,Tab Perry,23,CIN,WR,16,0,3,9,1,1,66.7,7,3.0,0.6,0.2,1,,PerrTa00
217,Rod Smart,28,CAR,RB,12,0,3,6,0,1,33.3,6,2.0,0.5,0.3,1,,SmarRo00
218,Hines Ward,29,PIT,WR,15,15,3,10,0,1,66.7,7,3.3,0.7,0.2,1,,WardHi00
219,Troy Williamson,22,MIN,WR,14,3,3,28,0,2,100.0,11,9.3,2.0,0.2,0,,WillTr01
220,Derrick Wimbush,25,JAX,RB,14,1,3,12,1,1,66.7,7,4.0,0.9,0.2,1,,WimbDe00
221,Damien Anderson,26,ARI,RB,5,0,2,7,0,0,0.0,6,3.5,1.4,0.4,0,,AndeDa00
222,Tony Banks,32,HOU,QB,2,0,2,-2,0,0,0.0,-1,-1.0,-1.0,1.0,0,,BankTo00
223,Bernard Berrian,25,CHI,WR,11,2,2,31,0,1,50.0,37,15.5,2.8,0.2,1,,BerrBe00
224,Antonio Brown,27,WAS,WR,7,0,2,7,0,0,0.0,4,3.5,1.0,0.3,2,,BrowAn01
225,Nate Burleson,24,MIN,WR,12,9,2,-6,0,0,0.0,-2,-3.0,-0.5,0.2,0,,BurlNa00
226,Reche Caldwell,26,SDG,WR,16,2,2,10,0,1,50.0,7,5.0,0.6,0.1,2,,CaldRe00
227,Todd Collins,34,KAN,QB,1,0,2,-2,0,0,0.0,-1,-1.0,-2.0,2.0,0,,CollTo00
228,Donald Driver,30,GNB,WR,16,16,2,13,0,0,100.0,9,6.5,0.8,0.1,0,,DrivDo00
229,Joey Galloway,34,TAM,WR,16,16,2,4,0,0,50.0,4,2.0,0.3,0.1,0,AP CPoY-5,GallJo00
230,David Givens,25,NWE,WR,13,10,2,13,0,0,50.0,9,6.5,1.0,0.2,0,,GiveDa00
231,Terry Glenn,31,DAL,WR,16,16,2,-4,1,1,50.0,6,-2.0,-0.3,0.1,0,,GlenTe00
232,Tim Hasselbeck,27,NYG,QB,2,0,2,-3,0,0,0.0,-1,-1.5,-1.5,1.0,0,,HassTi00
233,Shaun Hill,25,MIN,QB,1,0,2,-2,0,0,0.0,-1,-1.0,-2.0,2.0,0,,HillSh00
234,Terry Jackson,29,SFO,FB,16,0,2,11,0,0,0.0,11,5.5,0.7,0.1,0,,JackTe00
235,Jon Kitna,33,CIN,QB,3,0,2,14,0,2,100.0,11,7.0,4.7,0.7,0,,KitnJo00
236,Greg Lewis,25,PHI,WR,16,16,2,13,0,0,0.0,8,6.5,0.8,0.1,0,,LewiGr01
237,Keenan McCardell,35,SDG,WR,16,16,2,6,0,0,0.0,3,3.0,0.4,0.1,0,,McCaKe00
238,Dennis Northcutt,28,CLE,WR,16,7,2,33,0,1,50.0,31,16.5,2.1,0.1,0,,NortDe00
239,Roscoe Parrish,23,BUF,WR,10,1,2,-2,0,0,0.0,4,-1.0,-0.2,0.2,2,,ParrRo00
240,Lousaka Polite,24,DAL,RB,14,3,2,8,0,1,100.0,6,4.0,0.6,0.1,0,,PoliLo00
241,Courtney Roby,22,TEN,WR,13,6,2,16,0,1,100.0,11,8.0,1.2,0.2,1,,RobyCo00
242,Aaron Rodgers,22,GNB,QB,3,0,2,7,0,1,50.0,8,3.5,2.3,0.7,2,,RodgAa00
243,Tony Romo,25,DAL,QB,16,0,2,-2,0,0,0.0,-1,-1.0,-0.1,0.1,0,,RomoTo00
244,Donte' Stallworth,25,NOR,WR,16,13,2,2,0,0,0.0,3,1.0,0.1,0.1,1,,StalDo00
245,Travis Taylor,27,MIN,WR,16,13,2,3,0,0,50.0,5,1.5,0.2,0.1,1,,TaylTr01
246,Marques Tuiasosopo,26,OAK,QB,1,1,2,19,0,1,100.0,10,9.5,19.0,2.0,2,,TuiaMa00
247,Alvis Whitted,31,OAK,WR,16,0,2,51,0,2,100.0,27,25.5,3.2,0.1,0,,WhitAl00
248,Reggie Williams,22,JAX,WR,16,7,2,3,0,1,50.0,10,1.5,0.2,0.1,2,,WillRe00
249,Drew Bennett,27,TEN,WR,13,10,1,3,0,0,0.0,3,3.0,0.2,0.1,0,,BennDr00
250,Jeff Blake,35,CHI,QB,2,0,1,-1,0,0,0.0,-1,-1.0,-0.5,0.5,0,,BlakJe00
251,Corey Bradford,30,HOU,WR,16,6,1,-2,0,0,0.0,-2,-2.0,-0.1,0.1,0,,BradCo00
252,Nehemiah Broughton,23,WAS,FB,4,0,1,3,0,0,0.0,3,3.0,0.8,0.3,0,,BrouNe00
253,Kris Brown,29,HOU,K,16,0,1,4,0,1,100.0,4,4.0,0.3,0.1,0,,brownkri01
254,Reggie Brown,24,PHI,WR,16,11,1,5,0,0,100.0,5,5.0,0.3,0.1,1,AP ORoY-2,BrowRe01
255,Antonio Bryant,24,CLE,WR,16,15,1,3,0,0,0.0,3,3.0,0.2,0.1,1,,BryaAn00
256,Michael Clayton,23,TAM,WR,14,10,1,2,0,0,0.0,2,2.0,0.1,0.1,1,,ClayMi00
257,Keary Colbert,23,CAR,WR,16,16,1,6,0,0,0.0,6,6.0,0.4,0.1,1,,ColbKe00
258,Jerricho Cotchery,23,NYJ,WR,16,1,1,4,0,0,0.0,4,4.0,0.3,0.1,2,,CotcJe00
259,Patrick Crayton,26,DAL,WR,11,0,1,0,0,0,0.0,,0.0,0.0,0.1,3,,CrayPa00
260,Kevin Curtis,27,STL,WR,16,9,1,5,1,1,100.0,5,5.0,0.3,0.1,2,,CurtKe00
261,Koy Detmer,32,PHI,QB,16,0,1,1,0,1,200.0,1,1.0,0.1,0.1,2,,DetmKo00
262,Eddie Drummond,25,DET,WR,12,0,1,-3,0,0,0.0,-3,-3.0,-0.3,0.1,1,,DrumEd00
263,Jay Fiedler,34,NYJ,QB,2,0,1,0,0,0,0.0,,0.0,0.0,0.5,1,,FiedJa00
264,Doug Gabriel,25,OAK,WR,14,2,1,5,0,0,100.0,5,5.0,0.4,0.1,0,,GabrDo00
265,Ben Graham,32,NYJ,P,16,0,1,0,0,0,0.0,,0.0,0.0,0.1,1,,GrahBe20
266,Madison Hedgecock,24,STL,FB,16,7,1,0,0,0,0.0,,0.0,0.0,0.1,0,,HedgMa00
267,Devery Henderson,23,NOR,WR,15,3,1,9,0,0,100.0,9,9.0,0.6,0.1,0,,HendDe00
268,William Henderson,34,GNB,FB,16,8,1,-5,0,0,0.0,-5,-5.0,-0.3,0.1,1,,HendWi00
269,Craig Hentrich,34,TEN,P,16,0,1,0,0,0,0.0,,0.0,0.0,0.1,1,,hentrcra01
270,Chris Hetherington,33,SFO,FB,16,6,1,3,0,0,0.0,3,3.0,0.2,0.1,0,,HethCh00
271,Torry Holt,29,STL,WR,14,14,1,2,0,0,0.0,2,2.0,0.1,0.1,2,PB,HoltTo00
272,Darrell Jackson,27,SEA,WR,6,6,1,7,0,0,100.0,7,7.0,1.2,0.2,0,,JackDa00
273,Bryan Johnson,27,CHI,FB,7,6,1,5,0,0,100.0,5,5.0,0.7,0.1,0,,JohnBr01
274,Bryant Johnson,24,ARI,WR,14,4,1,0,0,0,0.0,,0.0,0.0,0.1,0,,JohnBr02
275,Keyshawn Johnson,33,DAL,WR,16,14,1,3,0,0,0.0,3,3.0,0.2,0.1,3,,JohnKe00
276,Brandon Jones,23,TEN,WR,10,8,1,1,0,0,0.0,1,1.0,0.1,0.1,0,,JoneBr02
277,Donnie Jones,25,MIA,P,16,0,1,0,0,0,0.0,,0.0,0.0,0.1,0,,JoneDo21
278,Shane Lechler,29,OAK,P,16,0,1,2,0,0,0.0,2,2.0,0.1,0.1,0,,LechSh20
279,Nick Luchey,28,CIN,FB,3,0,1,0,0,0,0.0,,0.0,0.0,0.3,0,,WillNi00
280,Brandon Manumaleuna,25,STL,TE,14,14,1,2,0,1,100.0,2,2.0,0.1,0.1,2,,ManuBr00
281,Rasheed Marshall,24,SFO,WR,12,0,1,-7,0,0,0.0,-7,-7.0,-0.6,0.1,4,,MarsRa00
282,Justin McCareins,27,NYJ,WR,16,16,1,8,0,0,100.0,8,8.0,0.5,0.1,0,,McCaJu00
283,Shaun McDonald,24,STL,WR,16,2,1,7,0,1,100.0,7,7.0,0.4,0.1,1,,McDoSh00
284,Terence Newman,27,DAL,LCB,16,16,1,4,0,0,0.0,4,4.0,0.3,0.1,3,,NewmTe20
285,Kassim Osgood,25,SDG,WR,12,3,1,4,0,0,100.0,4,4.0,0.3,0.1,0,,OsgoKa00
286,Terrell Owens,32,PHI,WR,7,7,1,2,0,0,0.0,2,2.0,0.3,0.1,0,,OwenTe00
287,Andrew Pinnock,25,SDG,FB,12,0,1,4,0,1,100.0,4,4.0,0.3,0.1,0,,PinnAn00
288,Willie Ponder,25,NYG,WR,11,0,1,4,0,0,0.0,4,4.0,0.4,0.1,1,,PondWi00
289,Jerry Porter,27,OAK,WR,16,14,1,-8,0,0,0.0,-8,-8.0,-0.5,0.1,1,,PortJe00
290,Peerless Price,29,DAL,WR,7,1,1,9,0,0,100.0,9,9.0,1.3,0.1,0,,PricPe00
291,Ricky Proehl,37,CAR,WR,16,0,1,-8,0,0,0.0,-8,-8.0,-0.5,0.1,0,,ProeRi00
292,Josh Reed,25,BUF,WR,16,6,1,-3,0,0,0.0,-3,-3.0,-0.2,0.1,0,,ReedJo01
293,Philip Rivers,24,SDG,QB,2,0,1,-1,0,0,0.0,-1,-1.0,-0.5,0.5,2,,RivePh00
294,B.J. Sander,25,GNB,P,14,0,1,-11,0,0,0.0,-11,-11.0,-0.8,0.1,1,,SandB.20
295,Deion Sanders,38,BAL,DB,16,4,1,0,0,0,0.0,,0.0,0.0,0.1,1,,SandDe00
296,Cory Schlesinger,33,DET,FB,11,8,1,1,0,1,100.0,1,1.0,0.1,0.1,0,,SchlCo00
297,Mike Sellers,30,WAS,TE,15,6,1,1,1,1,100.0,1,1.0,0.1,0.1,0,,SellMi00
298,Daimon Shelton,33,BUF,FB,16,11,1,0,0,0,0.0,,0.0,0.0,0.1,1,,ShelDa00
299,Jonathan Smith,24,BUF,WR,7,1,1,1,0,0,0.0,1,1.0,0.1,0.1,1,,SmitJo00
300,Rod Smith,35,DEN,WR,16,16,1,7,0,0,100.0,7,7.0,0.4,0.1,2,PB,SmitRo01
301,Jerald Sowell,31,NYJ,FB,16,14,1,1,1,1,100.0,1,1.0,0.1,0.1,1,,SoweJe00
302,Chad Stanley,29,HOU,P,16,0,1,0,0,0,0.0,,0.0,0.0,0.1,1,,StanCh20
303,James Thrash,30,WAS,WR,12,2,1,8,0,0,100.0,8,8.0,0.7,0.1,1,,ThraJa00
304,Scottie Vines,26,DET,WR,13,11,1,7,0,0,100.0,7,7.0,0.5,0.1,0,,VineSc00
305,Billy Volek,29,TEN,QB,6,1,1,3,0,0,0.0,3,3.0,0.5,0.2,3,,VoleBi00
306,Bobby Wade,24,2TM,WR,14,1,1,1,0,0,0.0,1,1.0,0.1,0.1,10,,WadeBo00
306,Bobby Wade,24,TEN,WR,2,1,1,1,0,0,0.0,1,1.0,0.5,0.5,0,,WadeBo00
307,Peter Warrick,28,SEA,WR,13,5,1,5,0,0,100.0,5,5.0,0.4,0.1,0,,WarrPe00
308,Wes Welker,24,MIA,WR,16,1,1,5,0,0,100.0,5,5.0,0.3,0.1,5,,WelkWe00
309,Jeff Wilkins,33,STL,K,16,0,1,-4,0,0,0.0,-4,-4.0,-0.3,0.1,0,,wilkijef01
310,Cedrick Wilson,27,PIT,WR,16,1,1,0,0,0,0.0,,0.0,0.0,0.1,1,,WilsCe00
311,Kris Wilson,24,KAN,TE,14,1,1,6,0,0,100.0,6,6.0,0.4,0.1,0,,WilsKr00
312,Dave Zastudil,27,BAL,P,16,0,1,0,0,0,0.0,,0.0,0.0,0.1,1,,ZastDa20
