Rk,Player,Age,Team,Pos,G,GS,Att,Yds,TD,1D,Succ%,Lng,Y/A,Y/G,A/G,Fmb,Awards,-9999
1,Clinton Portis,26,WAS,RB,16,16,325,1262,11,61,45.2,32,3.9,78.9,20.3,6,,PortCl00
2,Edgerrin James,29,ARI,RB,16,16,324,1222,7,57,44.8,27,3.8,76.4,20.3,5,,JameEd00
3,Willie Parker,27,PIT,RB,15,15,321,1316,2,48,39.9,32,4.1,87.7,21.4,4,PB,ParkWi00
4,LaDainian Tomlinson,28,SDG,RB,16,16,315,1474,15,75,44.1,49,4.7,92.1,19.7,0,PBAP-1,TomlLa00
5,Thomas Jones,29,NYJ,RB,16,14,310,1119,1,57,42.3,36,3.6,69.9,19.4,2,,JoneTh00
6,LenDale White,23,TEN,RB,16,16,303,1110,7,60,44.6,28,3.7,69.4,18.9,5,,WhitLe01
7,Jamal Lewis,28,CLE,RB,15,15,298,1304,9,59,42.6,66,4.4,86.9,19.9,4,AP CPoY-4,LewiJa00
8,Willis McGahee,26,BAL,RB,15,15,294,1207,7,57,41.5,46,4.1,80.5,19.6,4,PB,McGaWi00
9,Marshawn Lynch,21,BUF,RB,13,13,280,1115,7,55,44.3,56,4.0,85.8,21.5,2,,LyncMa00
10,Brian Westbrook,28,PHI,RB,15,15,278,1333,7,74,51.1,36,4.8,88.9,18.5,2,PBAP-1,WestBr00
11,Joseph Addai,24,IND,RB,15,15,261,1072,12,66,51.3,23,4.1,71.5,17.4,0,PB,AddaJo00
12,Frank Gore,24,SFO,RB,15,15,260,1102,5,42,41.5,43,4.2,73.5,17.3,4,,GoreFr00
13,DeShaun Foster,27,CAR,RB,16,16,247,876,3,43,40.1,20,3.5,54.8,15.4,7,,FostDe00
14,Adrian Peterson,22,MIN,RB,14,9,238,1341,12,63,45.0,73,5.6,95.8,17.0,4,PBAP-2AP ORoY-1,PeteAd01
15,Steven Jackson,24,STL,RB,12,12,237,1002,5,37,43.9,54,4.2,83.5,19.8,5,,JackSt00
16,Warrick Dunn,32,ATL,RB,16,15,227,720,4,36,35.7,38,3.2,45.0,14.2,2,,DunnWa00
17,Fred Taylor,31,JAX,RB,15,15,223,1202,5,45,44.4,80,5.4,80.1,14.9,2,PBAP-2,TaylFr00
18,Justin Fargas,27,OAK,RB,14,7,222,1009,4,52,45.9,48,4.5,72.1,15.9,3,,FargJu00
19,Earnest Graham,27,TAM,RB,15,10,222,898,10,47,50.0,28,4.0,59.9,14.8,1,,GrahEa00
20,Shaun Alexander,30,SEA,RB,13,10,207,716,4,39,35.3,25,3.5,55.1,15.9,2,,AlexSh00
21,Marion Barber III,24,DAL,RB,16,0,204,975,10,54,47.5,54,4.8,60.9,12.8,3,PB,BarbMa01
22,Brandon Jacobs,25,NYG,RB,11,9,202,1009,4,52,55.9,43,5.0,91.7,18.4,5,,JacoBr00
23,Cedric Benson,25,CHI,RB,11,11,196,674,4,34,39.3,43,3.4,61.3,17.8,3,,BensCe00
24,Ron Dayne,29,HOU,RB,13,8,194,773,6,44,44.8,39,4.0,59.5,14.9,1,,DaynRo00
25,Ryan Grant,25,GNB,RB,15,7,188,956,8,38,45.2,66,5.1,63.7,12.5,1,,GranRy00
26,Laurence Maroney,22,NWE,RB,13,6,185,835,6,48,54.6,59,4.5,64.2,14.2,0,,MaroLa00
27,Kenny Watson,29,CIN,FB,16,5,178,763,7,42,55.1,24,4.3,47.7,11.1,3,,WatsKe00
28,Rudi Johnson,28,CIN,RB,11,9,170,497,3,27,40.0,22,2.9,45.2,15.5,3,,JohnRu00
29,Travis Henry,29,DEN,RB,12,7,167,691,4,37,46.1,33,4.1,57.6,13.9,3,,HenrTr00
30,Maurice Jones-Drew,22,JAX,RB,15,0,167,768,9,47,44.3,57,4.6,51.2,11.1,2,,DrewMa00
31,Julius Jones,26,DAL,RB,16,16,164,588,2,24,36.0,25,3.6,36.8,10.3,0,,JoneJu01
32,Larry Johnson,28,KAN,RB,8,8,158,559,3,24,38.6,54,3.5,69.9,19.8,1,,JohnLa00
33,Reggie Bush,22,NOR,RB,12,10,157,581,4,37,45.2,22,3.7,48.4,13.1,8,,BushRe00
34,Chester Taylor,28,MIN,RB,14,8,157,844,7,36,43.9,84,5.4,60.3,11.2,5,,TaylCh01
35,Kevin Jones,25,DET,RB,13,10,153,581,8,35,45.1,34,3.8,44.7,11.8,2,,JoneKe02
36,Adrian Peterson,28,CHI,RB,16,5,151,510,3,28,37.7,21,3.4,31.9,9.4,3,,PeteAd00
37,LaMont Jordan,29,OAK,RB,12,7,144,549,3,25,36.1,33,3.8,45.8,12.0,0,,JordLa00
38,DeAngelo Williams,24,CAR,RB,16,0,144,717,4,30,39.6,75,5.0,44.8,9.0,1,,WillDe02
39,Maurice Morris,28,SEA,RB,14,6,140,628,4,33,47.1,46,4.5,44.9,10.0,1,,MorrMa00
40,Selvin Young,24,DEN,RB,15,8,140,729,1,24,42.1,50,5.2,48.6,9.3,2,,YounSe00
41,Jesse Chatman,28,MIA,RB,14,6,128,515,1,26,41.4,30,4.0,36.8,9.1,1,,ChatJe00
42,Derrick Ward,27,NYG,RB,8,5,125,602,3,29,46.4,44,4.8,75.3,15.6,2,,WardDe01
43,Kenton Keith,27,IND,RB,16,1,121,533,3,42,55.4,22,4.4,33.3,7.6,1,,KeitKe00
44,Ronnie Brown,26,MIA,RB,7,7,119,602,4,39,51.3,60,5.1,86.0,17.0,0,,BrowRo05
45,Aaron Stecker,32,NOR,RB,16,6,115,448,5,28,47.8,26,3.9,28.0,7.2,1,,StecAa00
46,Kolby Smith,23,KAN,FB,16,6,112,407,2,27,49.1,19,3.6,25.4,7.0,0,,SmitKo00
47,Najeh Davenport,28,PIT,RB,15,1,107,499,5,37,52.3,45,4.7,33.3,7.1,1,,DaveNa00
48,Jerious Norwood,24,ATL,RB,15,2,103,613,1,25,47.6,67,6.0,40.9,6.9,0,,NorwJe00
49,Chris Brown,26,TEN,RB,12,1,102,462,5,28,55.9,42,4.5,38.5,8.5,1,,BrowCh03
50,Ladell Betts,28,WAS,RB,16,0,93,335,1,15,44.1,20,3.6,20.9,5.8,1,,BettLa00
51,Vince Young,24,TEN,QB,15,15,93,395,3,26,41.9,21,4.2,26.3,6.2,10,,YounVi00
52,Brian Leonard,23,STL,FB,16,7,86,303,0,14,40.7,31,3.5,18.9,5.4,0,,LeonBr00
53,Reuben Droughns,29,NYG,RB,16,1,85,275,6,27,44.7,45,3.2,17.2,5.3,1,,DrouRe00
54,Sammy Morris,30,NWE,RB,6,2,85,384,3,24,54.1,49,4.5,64.0,14.2,0,,MorrSa00
55,Brandon Jackson,22,GNB,RB,11,3,75,267,1,9,44.0,46,3.6,24.3,6.8,0,,JackBr00
56,Dominic Rhodes,28,OAK,RB,10,2,75,302,1,18,50.7,25,4.0,30.2,7.5,2,,RhodDo00
57,Musa Smith,25,BAL,RB,16,1,75,264,2,15,29.3,24,3.5,16.5,4.7,1,,SmitMu00
58,Michael Turner,25,SDG,RB,16,0,71,316,1,11,28.2,74,4.5,19.8,4.4,1,,TurnMi00
59,Leon Washington,25,NYJ,RB,16,4,71,353,3,12,36.6,49,5.0,22.1,4.4,4,,WashLe00
60,Ahman Green,30,HOU,RB,6,5,70,260,2,17,40.0,18,3.7,43.3,11.7,0,,GreeAh00
61,Michael Pittman,32,TAM,RB,10,3,68,286,0,14,41.2,29,4.2,28.6,6.8,1,,PittMi00
62,T.J. Duckett,26,DET,RB,12,1,65,335,3,16,40.0,53,5.2,27.9,5.4,1,,DuckT.00
63,Correll Buckhalter,29,PHI,RB,14,2,62,313,4,17,48.4,30,5.0,22.4,4.4,1,,BuckCo00
64,Kevin Faulk,31,NWE,RB,16,8,62,265,0,15,53.2,14,4.3,16.6,3.9,1,,FaulKe00
65,Michael Bennett,29,2TM,RB,14,1,61,241,1,9,37.7,28,4.0,17.2,4.4,2,,BennMi00
65,Michael Bennett,29,KAN,RB,6,0,20,52,0,3,25.0,12,2.6,8.7,3.3,2,,BennMi00
65,Michael Bennett,29,TAM,RB,8,1,41,189,1,6,43.9,28,4.6,23.6,5.1,0,,BennMi00
66,Jason Wright,25,CLE,RB,16,1,60,277,1,19,50.0,18,4.6,17.3,3.8,1,,WrigJa01
67,Fred Jackson,26,BUF,RB,8,1,58,300,0,12,46.6,27,5.2,37.5,7.3,0,,JackFr02
68,Darius Walker,22,HOU,RB,4,2,58,264,1,14,44.8,41,4.6,66.0,14.5,0,,WalkDa00
69,Tarvaris Jackson,24,MIN,QB,12,12,54,260,3,19,46.3,32,4.8,21.7,4.5,5,,JackTa00
70,Cadillac Williams,25,TAM,RB,4,4,54,208,3,12,51.9,20,3.9,52.0,13.5,2,,WillCa02
71,Samkon Gado,25,2TM,RB,8,2,53,150,4,9,34.0,20,2.8,18.8,6.6,1,,GadoSa00
71,Samkon Gado,25,HOU,RB,3,0,18,46,1,4,44.4,7,2.6,15.3,6.0,1,,GadoSa00
71,Samkon Gado,25,MIA,RB,5,2,35,104,3,5,28.6,20,3.0,20.8,7.0,0,,GadoSa00
72,Pierre Thomas,23,NOR,RB,12,1,52,252,1,15,53.8,24,4.8,21.0,4.3,0,,ThomPi00
73,Donovan McNabb,31,PHI,QB,14,14,50,236,0,17,46.0,40,4.7,16.9,3.6,9,,McNaDo00
74,DeShawn Wynn,24,GNB,RB,7,4,50,203,4,10,36.0,44,4.1,29.0,7.1,0,,WynnDe00
75,David Garrard,29,JAX,QB,12,12,49,185,1,19,55.1,19,3.8,15.4,4.1,3,,GarrDa00
76,Priest Holmes,34,KAN,RB,4,2,46,137,0,6,37.0,11,3.0,34.3,11.5,0,,HolmPr00
77,Tatum Bell,26,DET,RB,5,5,44,182,1,7,45.5,24,4.1,36.4,8.8,1,,BellTa00
78,Jay Cutler,24,DEN,QB,16,16,44,205,1,15,45.5,31,4.7,12.8,2.8,11,,CutlJa00
79,Andre Hall,25,DEN,RB,10,1,44,216,2,10,31.8,62,4.9,21.6,4.4,1,,HallAn01
80,Greg Jones,26,JAX,FB,16,11,42,119,2,7,47.6,11,2.8,7.4,2.6,0,,JoneGr01
81,Matt Hasselbeck,32,SEA,QB,16,16,39,89,0,9,35.9,12,2.3,5.6,2.4,9,PB,HassMa00
82,Antonio Pittman,22,STL,RB,11,0,38,139,0,7,36.8,43,3.7,12.6,3.5,0,,PittAn00
83,Tom Brady,30,NWE,QB,16,16,37,98,2,14,48.6,19,2.6,6.1,2.3,6,PBAP-1AP MVP-1AP OPoY-1,BradTo00
84,Darren Sproles,24,SDG,RB,15,0,37,164,2,6,40.5,34,4.4,10.9,2.5,1,,SproDa00
85,Jason Campbell,25,WAS,QB,13,13,36,185,1,15,47.2,29,5.1,14.2,2.8,13,,CampJa00
86,Anthony Thomas,30,BUF,RB,10,2,36,89,0,4,44.4,9,2.5,8.9,3.6,0,,ThomAn01
87,Jeff Garcia,37,TAM,QB,13,13,35,116,1,11,40.0,21,3.3,8.9,2.7,4,PB,GarcJe00
88,Ben Roethlisberger,25,PIT,QB,15,15,35,204,2,17,60.0,30,5.8,13.6,2.3,9,PBAP CPoY-3,RoetBe00
89,Heath Evans,29,NWE,FB,16,1,34,121,3,13,67.6,11,3.6,7.6,2.1,0,,EvanHe00
90,Kyle Eckel,26,NWE,RB,12,0,33,90,2,5,27.3,14,2.7,7.5,2.8,0,,EckeKy00
91,Leonard Weaver,25,SEA,RB,16,4,33,146,1,13,60.6,37,4.4,9.1,2.1,0,,WeavLe00
92,Derek Anderson,24,CLE,QB,16,15,32,70,3,12,40.6,11,2.2,4.4,2.0,5,PBAP CPoY-7,AndeDe00
93,Chris Henry,22,TEN,RB,7,0,31,119,2,5,25.8,24,3.8,17.0,4.4,0,,HenrCh01
94,Cleo Lemon,28,MIA,QB,9,7,31,102,4,16,61.3,11,3.3,11.3,3.4,7,,LemoCl00
95,Tony Romo,27,DAL,QB,16,16,31,129,2,8,41.9,17,4.2,8.1,1.9,10,PB,RomoTo00
96,Garrett Wolfe,23,CHI,RB,13,0,31,85,0,5,22.6,25,2.7,6.5,2.4,1,,WolfGa00
97,Clifton Dawson,24,2TM,RB,13,0,30,64,1,3,33.3,12,2.1,4.9,2.3,0,,DawsCl00
97,Clifton Dawson,24,IND,RB,11,0,30,64,1,3,33.3,12,2.1,5.8,2.7,0,,DawsCl00
98,Brett Favre,38,GNB,QB,16,16,29,12,0,4,13.8,21,0.4,0.8,1.8,9,PBAP-2AP MVP-2AP OPoY-3AP CPoY-4,FavrBr00
99,Eli Manning,26,NYG,QB,16,16,29,69,1,9,37.9,18,2.4,4.3,1.8,13,,MannEl00
100,Josh McCown,28,OAK,QB,9,9,29,143,0,9,41.4,24,4.9,15.9,3.2,11,,McCoJo01
101,Vernand Morency,27,GNB,RB,13,0,29,108,0,5,31.0,15,3.7,8.3,2.2,1,,MoreVe00
102,Philip Rivers,26,SDG,QB,16,16,29,33,1,9,37.9,10,1.1,2.1,1.8,11,,RivePh00
103,Dwayne Wright,24,BUF,RB,15,0,29,94,0,6,44.8,15,3.2,6.3,1.9,1,,WrigDw01
104,Lorenzo Booker,23,MIA,RB,7,1,28,125,0,8,57.1,22,4.5,17.9,4.0,0,,BookLo00
105,Kellen Clemens,24,NYJ,QB,10,8,27,111,1,10,55.6,18,4.1,11.1,2.7,4,,ClemKe00
106,J.J. Arrington,24,ARI,RB,16,0,26,78,0,3,26.9,12,3.0,4.9,1.6,0,,ArriJ.00
107,Michael Robinson,24,SFO,FB,15,1,26,121,0,7,38.5,28,4.7,8.1,1.7,1,,RobiMi00
108,Mike Sellers,32,WAS,FB,14,12,26,78,2,9,61.5,15,3.0,5.6,1.9,1,,SellMi00
109,Jon Kitna,35,DET,QB,16,16,25,63,0,4,32.0,11,2.5,3.9,1.6,17,,KitnJo00
110,Deuce McAllister,29,NOR,RB,3,3,24,92,0,3,41.7,15,3.8,30.7,8.0,1,,McAlDe00
111,Carson Palmer,28,CIN,QB,16,16,24,10,0,3,16.7,10,0.4,0.6,1.5,5,,PalmCa00
112,Ahmad Bradshaw,21,NYG,RB,12,0,23,190,1,6,56.5,88,8.3,15.8,1.9,2,,BradAh00
113,Drew Brees,28,NOR,QB,16,16,23,52,1,8,34.8,9,2.3,3.3,1.4,9,,BreeDr00
114,Jerome Harrison,24,CLE,RB,8,0,23,142,0,8,69.6,17,6.2,17.8,2.9,0,,HarrJe00
115,De Dorsey,23,CIN,RB,12,2,21,183,0,9,61.9,45,8.7,15.3,1.8,0,,DorsDe00
116,Maurice Hicks,29,SFO,RB,16,0,21,117,1,3,33.3,18,5.6,7.3,1.3,3,,HickMa00
117,Sage Rosenfels,29,HOU,QB,9,5,21,51,1,6,28.6,19,2.4,5.7,2.3,4,,RoseSa00
118,Daunte Culpepper,30,OAK,QB,7,6,20,40,3,7,40.0,9,2.0,5.7,2.9,9,,CulpDa00
119,Adimchinobe Echemandu,27,2TM,RB,9,0,20,85,0,3,30.0,20,4.3,9.4,2.2,1,,EcheAd00
119,Adimchinobe Echemandu,27,HOU,RB,7,0,20,85,0,3,30.0,20,4.3,12.1,2.9,1,,EcheAd00
120,J.P. Losman,26,BUF,QB,8,7,20,110,0,8,50.0,17,5.5,13.8,2.5,5,,LosmJ.00
121,Peyton Manning,31,IND,QB,16,16,20,-5,3,4,20.0,4,-0.3,-0.3,1.3,6,PB,MannPe00
122,Mewelde Moore,25,MIN,RB,12,0,20,113,0,6,50.0,17,5.7,9.4,1.7,1,,MoorMe00
123,Chad Pennington,31,NYJ,QB,9,8,20,32,1,9,55.0,5,1.6,3.6,2.2,5,,PennCh01
124,Kyle Boller,26,BAL,QB,12,8,19,89,0,9,73.7,15,4.7,7.4,1.6,5,,BollKy00
125,Quinn Gray,28,JAX,QB,8,4,19,57,0,7,42.1,15,3.0,7.1,2.4,2,,GrayQu00
126,Cecil Sapp,29,DEN,FB,16,8,18,59,2,5,44.4,12,3.3,3.7,1.1,0,,SappCe00
127,David Carr,28,CAR,QB,6,4,17,59,0,5,41.2,15,3.5,9.8,2.8,1,,CarrDa00
128,Carey Davis,26,PIT,FB,16,7,17,68,0,1,23.5,12,4.0,4.3,1.1,0,,DaviCa00
129,Travis Minor,28,STL,RB,14,0,17,68,0,3,35.3,13,4.0,4.9,1.2,0,,MinoTr00
130,Matt Schaub,26,HOU,QB,11,11,17,52,0,5,52.9,12,3.1,4.7,1.5,7,,SchaMa00
131,Kurt Warner,36,ARI,QB,14,11,17,15,1,1,11.8,9,0.9,1.1,1.2,12,,WarnKu00
132,Mike Anderson,34,BAL,RB,8,0,15,62,0,3,40.0,16,4.1,7.8,1.9,2,,AndeMi00
133,Patrick Cobbs,24,MIA,RB,14,0,15,47,1,3,46.7,12,3.1,3.4,1.1,0,,CobbPa00
134,Marcel Shipp,29,ARI,RB,16,0,15,41,1,5,40.0,14,2.7,2.6,0.9,0,,ShipMa00
135,Lawrence Vickers,24,CLE,FB,16,14,15,43,0,10,73.3,7,2.9,2.7,0.9,0,,VickLa00
136,Jackie Battle,24,KAN,RB,3,0,14,47,1,3,42.9,6,3.4,15.7,4.7,0,,BattJa00
137,Trent Edwards,24,BUF,QB,10,9,14,49,0,4,42.9,14,3.5,4.9,1.4,4,,EdwaTr01
138,Rex Grossman,27,CHI,QB,8,7,14,27,0,4,28.6,12,1.9,3.4,1.8,6,,GrosRe00
139,Joey Harrington,29,ATL,QB,12,10,14,33,0,2,28.6,13,2.4,2.8,1.2,0,,HarrJo00
140,Tyson Thompson,26,DAL,RB,8,0,14,54,0,3,21.4,23,3.9,6.8,1.8,1,,ThomTy00
141,Brian Griese,32,CHI,QB,7,6,13,28,0,3,38.5,9,2.2,4.0,1.9,6,,GrieBr00
142,Lorenzo Neal,37,SDG,FB,13,8,13,32,0,5,46.2,10,2.5,2.5,1.0,1,PBAP-1,NealLo00
143,Alex Smith,23,SFO,QB,7,7,13,89,0,5,46.2,25,6.8,12.7,1.9,6,,SmitAl03
144,Jason Snelling,24,ATL,RB,7,0,13,43,1,6,53.8,17,3.3,6.1,1.9,0,,SnelJa00
145,LaBrandon Toefield,27,JAX,RB,2,1,13,27,1,2,23.1,7,2.1,13.5,6.5,0,,ToefLa00
146,Charlie Batch,33,PIT,QB,7,1,12,-7,0,0,0.0,,-0.6,-1.0,1.7,0,,BatcCh00
147,Shaun Hill,27,SFO,QB,3,2,12,14,1,2,16.7,12,1.2,4.7,4.0,3,,HillSh00
148,Brad Hoover,31,CAR,FB,16,12,12,39,0,4,50.0,10,3.3,2.4,0.8,0,,HoovBr00
149,Luke McCown,26,TAM,QB,5,3,12,117,0,7,83.3,31,9.8,23.4,2.4,3,,McCoLu00
150,Cory Ross,25,BAL,RB,6,0,12,72,1,3,25.0,32,6.0,12.0,2.0,2,,RossCo00
151,Brad Smith,24,NYJ,WR,16,9,12,45,0,2,33.3,11,3.8,2.8,0.8,1,,SmitBr01
152,Troy Smith,23,BAL,QB,4,2,12,54,1,5,50.0,14,4.5,13.5,3.0,3,,SmitTr02
153,Aveion Cason,28,DET,RB,12,0,11,38,0,2,45.5,12,3.5,3.2,0.9,2,,CasoAv00
154,Mike Karney,26,NOR,FB,16,9,11,17,2,4,45.5,10,1.5,1.1,0.7,0,,KarnMi00
155,Matt Leinart,24,ARI,QB,5,5,11,42,0,5,63.6,20,3.8,8.4,2.2,0,,LeinMa00
156,Billy Volek,31,SDG,QB,5,0,11,-7,0,0,0.0,,-0.6,-1.4,2.2,1,,VoleBi00
157,Trent Dilfer,35,SFO,QB,7,6,10,25,0,1,30.0,11,2.5,3.6,1.4,8,,DilfTr00
158,Tony Hunt,22,PHI,RB,8,0,10,16,1,5,60.0,4,1.6,2.0,1.3,0,,HuntTo01
159,Steve McNair,34,BAL,QB,6,6,10,32,0,4,40.0,13,3.2,5.3,1.7,8,,McNaSt00
160,John Beck,26,MIA,QB,5,4,9,12,1,4,55.6,8,1.3,2.4,1.8,7,,BeckJo00
161,Marc Bulger,30,STL,QB,12,12,9,13,0,1,22.2,14,1.4,1.1,0.8,6,,BulgMa00
162,Josh Cribbs,24,CLE,WR,16,2,9,61,0,3,55.6,18,6.8,3.8,0.6,5,PBAP-2,CribJo01
163,Gilbert Harris,23,KAN,RB,4,0,9,9,0,1,11.1,4,1.0,2.3,2.3,1,,HarrGi00
164,Damon Huard,34,KAN,QB,11,10,9,-1,0,0,0.0,2,-0.1,-0.1,0.8,5,,HuarDa00
165,Steve Smith Sr.,28,CAR,WR,15,15,9,66,0,4,55.6,22,7.3,4.4,0.6,1,,SmitSt01
166,Vinny Testaverde,44,CAR,QB,7,6,9,22,0,1,33.3,16,2.4,3.1,1.3,3,,TestVi00
167,Todd Collins,36,WAS,QB,4,3,8,1,0,1,25.0,4,0.1,0.3,2.0,4,,CollTo00
168,Jameel Cook,28,HOU,FB,16,0,8,24,0,2,25.0,9,3.0,1.5,0.5,0,,CookJa00
169,Le'Ron McClain,23,BAL,FB,16,11,8,18,0,2,25.0,4,2.3,1.1,0.5,1,,McClLe00
170,Chris Redman,30,ATL,QB,7,4,8,16,0,0,12.5,7,2.0,2.3,1.1,2,,RedmCh00
171,Brian Calhoun,23,DET,RB,4,0,7,35,0,2,42.9,17,5.0,8.8,1.8,0,,CalhBr00
172,Brodie Croyle,24,KAN,QB,9,6,7,18,0,2,14.3,6,2.6,2.0,0.8,4,,CroyBr00
173,A.J. Feeley,30,PHI,QB,3,2,7,23,0,2,57.1,7,3.3,7.7,2.3,1,,FeelA.00
174,Bruce Gradkowski,24,TAM,QB,4,0,7,20,0,1,14.3,13,2.9,5.0,1.8,0,,GradBr00
175,Trent Green,37,MIA,QB,5,5,7,32,0,4,57.1,23,4.6,6.4,1.4,2,,GreeTr00
176,Justin Griffith,27,OAK,FB,16,11,7,27,0,0,42.9,6,3.9,1.7,0.4,0,,GrifJu00
177,Devin Hester,25,CHI,PR,16,0,7,-10,0,0,14.3,5,-1.4,-0.6,0.4,7,PBAP-1,HestDe99
178,Jeremi Johnson,27,CIN,FB,16,9,7,25,0,1,14.3,12,3.6,1.6,0.4,0,,JohnJe00
179,Moran Norris,29,SFO,RB,16,5,7,17,0,4,57.1,6,2.4,1.1,0.4,0,,NorrMo00
180,Tony Richardson,36,MIN,FB,14,3,7,13,0,3,57.1,4,1.9,0.9,0.5,0,PBAP-2,RichTo00
181,Aaron Rodgers,24,GNB,QB,2,0,7,29,0,3,42.9,13,4.1,14.5,3.5,0,,RodgAa00
182,Gary Russell,21,PIT,RB,3,0,7,21,0,1,42.9,8,3.0,7.0,2.3,0,,RussGa00
183,Mike Bell,24,DEN,RB,5,0,6,3,0,2,33.3,3,0.5,0.6,1.2,1,,BellMi00
184,Jake Delhomme,32,CAR,QB,3,3,6,26,0,3,33.3,13,4.3,8.7,2.0,1,,DelhJa00
185,Gus Frerotte,36,STL,QB,8,3,6,3,0,2,33.3,2,0.5,0.4,0.8,3,,FrerGu00
186,Chad Johnson,29,CIN,WR,16,16,6,47,0,2,66.7,16,7.8,2.9,0.4,2,PB,JohnCh01
187,Byron Leftwich,27,ATL,QB,3,2,6,7,0,1,33.3,7,1.2,2.3,2.0,6,,LeftBy00
188,Jason McKie,27,CHI,FB,16,11,6,17,1,3,66.7,6,2.8,1.1,0.4,1,,McKiJa00
189,Ovie Mughelli,27,ATL,FB,16,7,6,7,1,2,33.3,3,1.2,0.4,0.4,0,,MughOv00
190,Dennis Northcutt,30,JAX,WR,15,11,6,27,0,0,66.7,8,4.5,1.8,0.4,1,,NortDe00
191,Jim Sorgi,27,IND,QB,4,0,6,-4,0,1,16.7,1,-0.7,-1.0,1.5,0,,SorgJi00
192,Naufahu Tahi,26,MIN,RB,10,0,6,15,0,0,0.0,6,2.5,1.5,0.6,0,,TahiNa00
193,Ricky Williams,30,MIA,RB,1,0,6,15,0,2,50.0,6,2.5,15.0,6.0,1,,WillRi00
194,Brooks Bollinger,28,MIN,QB,5,1,5,18,0,1,40.0,10,3.6,3.6,1.0,1,,BollBr00
195,Jon Bradley,26,DET,FB,15,6,5,9,0,3,60.0,3,1.8,0.6,0.3,1,,BradJo20
196,Reggie Brown,26,PHI,WR,16,14,5,36,0,2,80.0,12,7.2,2.3,0.3,1,,BrowRe01
197,Michael Clayton,25,TAM,WR,14,4,5,22,0,2,40.0,20,4.4,1.6,0.4,1,,ClayMi00
198,Jerricho Cotchery,25,NYJ,WR,15,15,5,38,0,3,60.0,16,7.6,2.5,0.3,1,,CotcJe00
199,Matt Gutierrez,23,NWE,QB,5,0,5,-13,0,0,0.0,-1,-2.6,-2.6,1.0,0,,GutiMa00
200,Santonio Holmes,23,PIT,WR,13,13,5,17,0,1,40.0,11,3.4,1.3,0.4,2,,HolmSa00
201,T.J. Houshmandzadeh,30,CIN,WR,16,15,5,14,0,0,40.0,8,2.8,0.9,0.3,2,PB,HousTJ00
202,Brad Johnson,39,DAL,QB,16,0,5,-5,0,0,0.0,,-1.0,-0.3,0.3,0,,JohnBr00
203,Luke Lawton,27,IND,RB,11,0,5,13,0,1,40.0,4,2.6,1.2,0.5,0,,LawtLu00
204,Brandon Marshall,23,DEN,WR,16,16,5,57,0,4,80.0,24,11.4,3.6,0.3,3,,MarsBr00
205,Craig Nall,28,GNB,QB,1,0,5,6,0,1,20.0,8,1.2,6.0,5.0,2,,NallCr00
206,Kyle Orton,25,CHI,QB,3,3,5,-1,0,2,20.0,1,-0.2,-0.3,1.7,2,,OrtoKy00
207,Artose Pinner,29,ATL,RB,7,0,5,46,0,2,40.0,49,9.2,6.6,0.7,0,,PinnAr00
208,JaMarcus Russell,22,OAK,QB,4,1,5,4,0,0,20.0,7,0.8,1.0,1.3,4,,RussJa00
209,Thomas Tapeh,27,PHI,FB,16,8,5,18,0,3,60.0,11,3.6,1.1,0.3,0,,TapeTh00
210,Kevin Walter,26,HOU,WR,16,15,5,30,0,2,80.0,13,6.0,1.9,0.3,0,,WaltKe00
211,Arnaz Battle,27,SFO,WR,16,15,4,4,1,1,50.0,8,1.0,0.3,0.3,3,,BattAr00
212,Matt Cassel,25,NWE,QB,6,0,4,12,1,1,25.0,15,3.0,2.0,0.7,1,,CassMa00
213,Ted Ginn Jr.,22,MIA,WR,16,9,4,3,0,0,25.0,7,0.8,0.2,0.3,3,,GinnTe00
214,Calvin Johnson,22,DET,WR,15,10,4,52,1,3,75.0,32,13.0,3.5,0.3,1,,JohnCa00
215,Reagan Maui'a,23,MIA,FB,16,9,4,5,0,0,0.0,3,1.3,0.3,0.3,1,,MauiRe00
216,Shaun McDonald,26,DET,WR,16,7,4,2,0,1,50.0,9,0.5,0.1,0.3,3,,McDoSh00
217,Brian Moorman,31,BUF,P,16,0,4,14,0,2,50.0,10,3.5,0.9,0.3,1,,MoorBr24
218,J.T. O'Sullivan,28,DET,QB,4,0,4,-10,0,0,25.0,2,-2.5,-2.5,1.0,3,,OSulJ.00
219,Andrew Pinnock,27,SDG,FB,10,3,4,1,0,0,0.0,5,0.3,0.1,0.4,0,,PinnAn00
220,Antwaan Randle El,28,WAS,WR,15,13,4,-3,0,0,0.0,1,-0.8,-0.2,0.3,3,,RandAn00
221,Josh Reed,27,BUF,WR,15,9,4,10,0,1,25.0,12,2.5,0.7,0.3,0,,ReedJo01
222,Mack Strong,36,SEA,FB,5,2,4,19,0,1,25.0,9,4.8,3.8,0.8,0,,StroMa00
223,Seneca Wallace,27,SEA,QB,10,0,4,17,0,2,75.0,11,4.3,1.7,0.4,1,,WallSe00
224,Wes Welker,26,NWE,WR,16,13,4,34,0,1,50.0,27,8.5,2.1,0.3,3,AP-2AP OPoY-3,WelkWe00
225,Brock Berlin,26,STL,QB,1,1,3,-16,0,0,0.0,,-5.3,-16.0,3.0,2,,BerlBr00
226,Kerry Collins,35,TEN,QB,6,1,3,-3,0,0,0.0,-1,-1.0,-0.5,0.5,1,,CollKe00
227,Craig Davis,22,SDG,WR,13,1,3,9,0,0,66.7,6,3.0,0.7,0.2,1,,DaviCr00
228,Dante Hall,29,STL,WR,7,1,3,18,0,2,66.7,9,6.0,2.6,0.4,2,,HallDa00
229,Alex Haynes,25,CAR,RB,10,0,3,3,0,0,0.0,3,1.0,0.3,0.3,0,,HaynAl00
230,Jacoby Jones,23,HOU,WR,14,3,3,-1,0,1,66.7,4,-0.3,-0.1,0.2,2,,JoneJa03
231,Kevin Kolb,23,PHI,QB,1,0,3,-2,0,0,0.0,,-0.7,-2.0,3.0,1,,KolbKe00
232,Jamie Martin,37,NOR,QB,3,0,3,-3,0,0,0.0,-1,-1.0,-1.0,1.0,0,,MartJa00
233,Matt Moore,23,CAR,QB,9,3,3,5,0,0,0.0,5,1.7,0.6,0.3,2,,MoorMa01
234,Santana Moss,28,WAS,WR,14,14,3,13,0,1,33.3,11,4.3,0.9,0.2,2,,MossSa00
235,Roscoe Parrish,25,BUF,WR,16,3,3,19,1,1,33.3,24,6.3,1.2,0.2,1,,ParrRo00
236,Hines Ward,31,PIT,WR,13,13,3,11,0,1,33.3,7,3.7,0.8,0.2,0,,WardHi00
237,Kris Wilson,26,KAN,FB,16,12,3,7,0,1,33.3,5,2.3,0.4,0.2,2,,WilsKr00
238,Chris Chambers,29,2TM,WR,16,12,3,12,0,0,66.7,9,4.0,0.8,0.2,1,,ChamCh00
238,Chris Chambers,29,MIA,WR,6,5,1,-5,0,0,0.0,-5,-5.0,-0.8,0.2,0,,ChamCh00
238,Chris Chambers,29,SDG,WR,10,7,2,17,0,0,100.0,9,8.5,1.7,0.2,1,,ChamCh00
239,Aundrae Allison,21,MIN,WR,11,0,2,3,0,0,0.0,3,1.5,0.3,0.2,2,,AlliAu00
240,Marty Booker,31,MIA,WR,15,15,2,12,0,1,50.0,12,6.0,0.8,0.1,1,,BookMa00
241,Steve Breaston,24,ARI,WR,16,0,2,8,0,1,50.0,10,4.0,0.5,0.1,0,,BreaSt00
242,Isaac Bruce,35,STL,WR,14,12,2,-4,0,0,0.0,-1,-2.0,-0.3,0.1,0,,BrucIs00
243,Nate Burleson,26,SEA,WR,16,12,2,4,0,0,0.0,3,2.0,0.3,0.1,3,,BurlNa00
244,Rock Cartwright,28,WAS,FB,15,0,2,0,0,0,0.0,,0.0,0.0,0.1,0,,CartRo01
245,Dallas Clark,28,IND,TE,15,15,2,29,0,2,100.0,15,14.5,1.9,0.1,0,,ClarDa00
246,Kenneth Darby,25,TAM,RB,1,0,2,9,0,1,50.0,7,4.5,9.0,2.0,0,,DarbKe00
247,Chris Davis,23,TEN,WR,12,0,2,19,0,1,100.0,14,9.5,1.6,0.2,6,,DaviCh02
248,Donald Driver,32,GNB,WR,15,14,2,4,0,0,0.0,5,2.0,0.3,0.1,1,PB,DrivDo00
249,Jeff Dugan,26,MIN,TE,16,3,2,7,0,2,100.0,4,3.5,0.4,0.1,1,,DugaJe00
250,Tim Dwight,32,OAK,WR,6,1,2,12,0,1,50.0,10,6.0,2.0,0.3,2,,DwigTi00
251,Marques Hagans,25,STL,WR,4,1,2,-4,0,0,0.0,-2,-2.0,-1.0,0.5,2,,HagaMa00
252,Devery Henderson,25,NOR,WR,16,9,2,20,0,1,100.0,15,10.0,1.3,0.1,0,,HendDe00
253,Johnnie Lee Higgins,24,OAK,WR,16,2,2,3,0,0,50.0,8,1.5,0.2,0.1,4,,HiggJo00
254,Glenn Holt,23,CIN,WR,16,0,2,2,0,0,0.0,1,1.0,0.1,0.1,3,,HoltGl00
255,Brandon Jones,25,TEN,WR,9,2,2,37,0,2,100.0,19,18.5,4.1,0.2,1,,JoneBr02
256,Zak Keasey,25,SFO,LB,13,0,2,4,0,0,0.0,3,2.0,0.3,0.2,0,,KeasZa20
257,Vonta Leach,26,HOU,FB,16,12,2,2,1,1,50.0,1,1.0,0.1,0.1,2,,LeacVo00
258,Lance Moore,24,NOR,WR,16,4,2,7,1,1,50.0,7,3.5,0.4,0.1,2,,MoorLa00
259,David Patten,33,NOR,WR,16,5,2,-5,0,0,0.0,1,-2.5,-0.3,0.1,2,,PattDa00
260,Adam Podlesh,24,JAX,P,16,0,2,-2,0,0,0.0,,-1.0,-0.1,0.1,1,,PodlAd20
261,Patrick Ramsey,28,DEN,QB,2,0,2,6,0,2,100.0,4,3.0,3.0,1.0,2,,RamsPa00
262,Tim Rattay,30,ARI,QB,4,0,2,5,0,0,0.0,5,2.5,1.3,0.5,2,,RattTi00
263,Jon Ryan,26,GNB,P,16,0,2,7,0,1,50.0,7,3.5,0.4,0.1,1,,RyanJo21
264,Javon Walker,29,DEN,WR,8,5,2,-3,0,0,0.0,-1,-1.5,-0.4,0.3,0,,WalkJa00
265,Roy Williams,26,DET,WR,12,12,2,1,0,1,50.0,9,0.5,0.1,0.2,2,,WillRo04
266,Roydell Williams,26,TEN,WR,16,14,2,-17,0,0,0.0,-6,-8.5,-1.1,0.1,0,,WillRo05
267,Troy Williamson,24,MIN,WR,11,8,2,29,0,1,50.0,26,14.5,2.6,0.2,0,,WillTr01
268,Cedrick Wilson,29,PIT,WR,16,1,2,37,0,0,50.0,37,18.5,2.3,0.1,0,,WilsCe00
269,Dave Zastudil,29,CLE,P,12,0,2,-3,0,0,0.0,,-1.5,-0.3,0.2,1,,ZastDa20
270,Jason Avant,24,PHI,WR,15,5,1,1,0,0,0.0,1,1.0,0.1,0.1,0,,AvanJa00
271,Chris Barclay,24,2TM,RB,5,0,1,3,0,0,0.0,3,3.0,0.6,0.2,0,,BarcCh00
271,Chris Barclay,24,TEN,RB,4,0,1,3,0,0,0.0,3,3.0,0.8,0.3,0,,BarcCh00
272,Jacob Bell,26,TEN,LG,16,16,1,-15,0,0,0.0,-15,-15.0,-0.9,0.1,1,,BellJa20
273,Mitch Berger,35,ARI,P,5,0,1,0,0,0,0.0,,0.0,0.0,0.2,1,,BergMi20
274,Anquan Boldin,27,ARI,WR,12,11,1,14,0,1,100.0,14,14.0,1.2,0.1,2,,BoldAn00
275,Antonio Chatman,28,CIN,WR,13,1,1,5,0,0,100.0,5,5.0,0.4,0.1,0,,ChatAn00
276,Zack Crockett,35,TAM,FB,1,0,1,0,0,0,0.0,,0.0,0.0,1.0,0,,CrocZa00
277,Ronald Curry,28,OAK,WR,16,13,1,1,0,0,0.0,1,1.0,0.1,0.1,0,,CurrRo01
278,Chris Davis,24,NYJ,WR,2,0,1,3,0,0,0.0,3,3.0,1.5,0.5,0,,DaviCh03
279,Eddie Drummond,27,KAN,WR,12,0,1,-3,0,0,0.0,-3,-3.0,-0.3,0.1,2,,DrumEd00
280,Yamon Figurs,24,BAL,WR,14,0,1,-1,0,0,0.0,-1,-1.0,-0.1,0.1,4,,FiguYa00
281,Derrick Frost,27,WAS,P,16,0,1,0,0,0,0.0,,0.0,0.0,0.1,1,,FrosDe20
282,Charlie Frye,26,CLE,QB,1,1,1,1,0,0,0.0,1,1.0,1.0,1.0,0,,FryeCh00
283,Joey Galloway,36,TAM,WR,15,15,1,1,0,0,0.0,1,1.0,0.1,0.1,0,,GallJo00
284,Bryan Gilmore,29,SFO,WR,10,0,1,-8,0,0,0.0,-8,-8.0,-0.8,0.1,0,,GilmBr00
285,Skyler Green,23,CIN,WR,7,0,1,1,0,0,0.0,1,1.0,0.1,0.1,0,,GreeSk20
286,Ahmard Hall,28,TEN,RB,11,4,1,8,0,1,100.0,8,8.0,0.7,0.1,0,,HallAh00
287,Tim Hasselbeck,29,ARI,QB,1,0,1,-1,0,0,0.0,-1,-1.0,-1.0,1.0,0,,HassTi00
288,Craig Hentrich,36,TEN,P,15,0,1,-8,0,0,0.0,-8,-8.0,-0.5,0.1,0,,hentrcra01
289,Ike Hilliard,31,TAM,WR,15,10,1,6,0,0,100.0,6,6.0,0.4,0.1,3,,HillIk00
290,Domenik Hixon,23,2TM,WR,16,1,1,-8,0,0,0.0,-8,-8.0,-0.5,0.1,1,,HixoDo00
290,Domenik Hixon,23,NYG,WR,12,1,1,-8,0,0,0.0,-8,-8.0,-0.7,0.1,0,,HixoDo00
291,Taylor Jacobs,26,2TM,WR,10,0,1,-8,0,0,0.0,-8,-8.0,-0.8,0.1,0,,JacoTa00
291,Taylor Jacobs,26,SFO,WR,4,0,1,-8,0,0,0.0,-8,-8.0,-2.0,0.3,0,,JacoTa00
292,Dwayne Jarrett,21,CAR,WR,7,0,1,11,0,1,100.0,11,11.0,1.6,0.1,0,,JarrDw00
293,Eddie Kennison,34,KAN,WR,8,8,1,5,0,0,100.0,5,5.0,0.6,0.1,1,,KennEd00
294,Michael Koenen,25,ATL,P,16,0,1,0,0,0,0.0,,0.0,0.0,0.1,1,,koenemic01
295,Dan Kreider,30,PIT,FB,10,4,1,2,0,0,0.0,2,2.0,0.2,0.1,0,,KreiDa00
296,Shane Lechler,31,OAK,P,16,0,1,-4,0,0,0.0,-4,-4.0,-0.3,0.1,0,PBAP-2,LechSh20
297,Jared Lorenzen,26,NYG,QB,2,0,1,2,0,0,0.0,2,2.0,1.0,0.5,0,,LoreJa00
298,Jon McGraw,28,KAN,DB,13,0,1,4,0,1,100.0,4,4.0,0.3,0.1,0,,McGrJo21
299,Sean Morey,31,ARI,WR,15,0,1,13,0,1,100.0,13,13.0,0.9,0.1,0,,MoreSe00
300,Sinorice Moss,24,NYG,WR,13,2,1,4,0,0,100.0,4,4.0,0.3,0.1,1,,MossSi00
301,Terrell Owens,34,DAL,WR,15,15,1,5,0,0,100.0,5,5.0,0.3,0.1,0,PBAP-1,OwenTe00
302,Samie Parker,26,KAN,WR,15,7,1,2,0,0,0.0,2,2.0,0.1,0.1,1,,ParkSa00
303,Tab Perry,25,CIN,WR,2,1,1,9,0,0,100.0,9,9.0,4.5,0.5,1,,PerrTa00
304,Ryan Plackemeier,23,SEA,P,16,0,1,0,0,0,0.0,,0.0,0.0,0.1,0,,PlacRy20
305,Koren Robinson,27,GNB,WR,9,1,1,5,0,0,100.0,5,5.0,0.6,0.1,0,,RobiKo00
306,Jeremy Shockey,27,NYG,TE,14,14,1,6,0,0,0.0,6,6.0,0.4,0.1,0,,ShocJe00
307,Terrelle Smith,29,ARI,FB,16,10,1,3,0,0,0.0,3,3.0,0.2,0.1,0,,SmitTe00
308,Donte' Stallworth,27,NWE,WR,16,9,1,12,0,1,100.0,12,12.0,0.8,0.1,0,,StalDo00
309,Derek Stanley,22,STL,WR,3,0,1,5,0,0,0.0,5,5.0,1.7,0.3,1,,StanDe00
310,Brandon Stokley,31,DEN,WR,13,9,1,-6,0,0,0.0,-6,-6.0,-0.5,0.1,0,,StokBr00
311,Ben Troupe,25,TEN,TE,16,2,1,-1,0,0,0.0,-1,-1.0,-0.1,0.1,0,,TrouBe00
312,Matt Turk,39,HOU,P,16,0,1,0,0,0,0.0,,0.0,0.0,0.1,0,,TurkMa20
313,Bobby Wade,26,MIN,WR,16,12,1,-9,0,0,0.0,-9,-9.0,-0.6,0.1,3,,WadeBo00
314,Nate Washington,24,PIT,WR,16,4,1,0,0,0,0.0,,0.0,0.0,0.1,0,,WashNa00
315,Ben Watson,27,NWE,TE,12,8,1,11,0,1,100.0,11,11.0,0.9,0.1,1,,WatsBe00
316,Reggie Wayne,29,IND,WR,16,16,1,4,0,0,100.0,4,4.0,0.3,0.1,3,PBAP-2,WaynRe00
317,Steve Weatherford,25,NOR,P,16,0,1,5,0,1,100.0,5,5.0,0.3,0.1,0,,WeatSt20
318,Jeff Webb,25,KAN,WR,16,2,1,5,0,0,100.0,5,5.0,0.3,0.1,2,,WebbJe00
319,Roddy White,26,ATL,WR,16,15,1,-2,0,0,0.0,-2,-2.0,-0.1,0.1,3,,WhitRo00
320,Reggie Williams,24,JAX,WR,15,6,1,8,0,1,100.0,8,8.0,0.5,0.1,3,,WillRe00
321,Travis Williams,24,ATL,LB,6,0,1,37,0,1,100.0,37,37.0,6.2,0.2,0,,WillTr98
322,Anthony Wright,31,NYG,QB,3,0,1,-1,0,0,0.0,-1,-1.0,-0.3,0.3,0,,WrigAn00
