Rk,Player,Age,Team,Pos,G,GS,Att,Yds,TD,1D,Succ%,Lng,Y/A,Y/G,A/G,Fmb,Awards,-9999
1,Michael Turner,26,ATL,RB,16,16,376,1699,17,85,46.5,70,4.5,106.2,23.5,3,PBAP-1AP MVP-2AP OPoY-6,TurnMi00
2,Adrian Peterson,23,MIN,RB,16,15,363,1760,10,82,45.5,67,4.8,110.0,22.7,9,PBAP-1AP MVP-4AP OPoY-2,PeteAd01
3,Clinton Portis,27,WAS,RB,16,16,342,1487,9,78,46.8,31,4.3,92.9,21.4,3,PBAP-2,PortCl00
4,Matt Forte,23,CHI,RB,16,16,316,1238,8,65,40.5,50,3.9,77.4,19.8,1,AP ORoY-4,FortMa00
5,Ryan Grant,26,GNB,RB,16,14,312,1203,4,54,44.6,57,3.9,75.2,19.5,4,,GranRy00
6,LaDainian Tomlinson,29,SDG,RB,16,16,292,1110,11,52,43.2,45,3.8,69.4,18.3,1,,TomlLa00
7,Thomas Jones,30,NYJ,RB,16,14,290,1312,13,63,51.4,59,4.5,82.0,18.1,2,PB,JoneTh00
8,Jamal Lewis,29,CLE,RB,16,16,279,1002,4,43,38.7,29,3.6,62.6,17.4,2,,LewiJa00
9,DeAngelo Williams,25,CAR,RB,16,16,273,1515,18,65,44.3,69,5.5,94.7,17.1,0,AP-2AP OPoY-5,WillDe02
10,Steve Slaton,22,HOU,RB,16,15,268,1282,9,62,43.3,71,4.8,80.1,16.8,3,,SlatSt00
11,Steven Jackson,25,STL,RB,12,11,253,1042,7,57,44.3,56,4.1,86.8,21.1,5,,JackSt00
12,Chris Johnson,23,TEN,RB,15,14,251,1228,9,54,42.6,66,4.9,81.9,16.7,1,PBAP MVP-7AP ORoY-2,JohnCh04
13,Marshawn Lynch,22,BUF,RB,15,15,250,1036,8,53,46.8,50,4.1,69.1,16.7,2,PB,LyncMa00
14,Frank Gore,25,SFO,RB,14,14,240,1036,6,44,45.8,41,4.3,74.0,17.1,6,,GoreFr00
15,Marion Barber III,25,DAL,RB,15,13,238,885,7,57,39.5,35,3.7,59.0,15.9,7,,BarbMa01
16,Kevin Smith,22,DET,RB,16,12,238,976,8,51,44.1,50,4.1,61.0,14.9,2,,SmitKe02
17,Brian Westbrook,29,PHI,RB,14,14,233,936,9,49,45.9,39,4.0,66.9,16.6,2,,WestBr00
18,Le'Ron McClain,24,BAL,FB,16,16,232,902,10,53,45.7,82,3.9,56.4,14.5,4,PBAP-1,McClLe00
19,Brandon Jacobs,26,NYG,RB,13,13,219,1089,15,58,50.2,44,5.0,83.8,16.8,3,,JacoBr00
20,Justin Fargas,28,OAK,RB,14,14,218,853,1,33,43.1,42,3.9,60.9,15.6,3,,FargJu00
21,Cedric Benson,26,CIN,RB,12,10,214,747,2,36,39.3,46,3.5,62.3,17.8,2,,BensCe00
22,Ronnie Brown,27,MIA,RB,16,13,214,916,10,49,47.2,62,4.3,57.3,13.4,1,PBAP CPoY-8,BrowRo05
23,Willie Parker,28,PIT,RB,11,11,210,791,5,29,41.0,34,3.8,71.9,19.1,0,,ParkWi00
24,LenDale White,24,TEN,RB,16,2,200,773,15,43,50.0,80,3.9,48.3,12.5,1,,WhitLe01
25,Maurice Jones-Drew,23,JAX,RB,16,3,197,824,12,49,46.2,46,4.2,51.5,12.3,6,,DrewMa00
26,Larry Johnson,29,KAN,RB,12,12,193,874,5,44,43.5,65,4.5,72.8,16.1,5,,JohnLa00
27,Warrick Dunn,33,TAM,RB,15,6,186,786,2,31,44.6,40,4.2,52.4,12.4,0,,DunnWa00
28,Jonathan Stewart,21,CAR,RB,16,0,184,836,10,42,41.8,41,4.5,52.3,11.5,2,,StewJo00
29,Derrick Ward,28,NYG,RB,16,3,182,1025,2,53,50.0,51,5.6,64.1,11.4,2,,WardDe01
30,Willis McGahee,27,BAL,RB,13,8,170,671,7,36,43.5,77,3.9,51.6,13.1,3,,McGaWi00
31,Ricky Williams,31,MIA,RB,16,3,160,659,4,36,45.6,51,4.1,41.2,10.0,5,,WillRi00
32,Julius Jones,27,SEA,RB,15,10,158,698,2,30,39.2,33,4.4,46.5,10.5,4,,JoneJu01
33,Sammy Morris,31,NWE,RB,13,7,156,727,7,46,49.4,35,4.7,55.9,12.0,1,,MorrSa00
34,Joseph Addai,25,IND,RB,12,12,155,544,5,34,47.1,23,3.5,45.3,12.9,1,,AddaJo00
35,Dominic Rhodes,29,IND,RB,15,4,152,538,6,27,47.4,38,3.5,35.9,10.1,0,,RhodDo00
36,Tim Hightower,22,ARI,RB,16,7,143,399,10,34,36.4,30,2.8,24.9,8.9,2,,HighTi00
37,Fred Taylor,32,JAX,RB,13,13,143,556,1,24,38.5,34,3.9,42.8,11.0,1,,TaylFr00
38,Mewelde Moore,26,PIT,RB,16,4,140,588,5,36,50.0,32,4.2,36.8,8.8,2,,MoorMe00
39,Edgerrin James,30,ARI,RB,13,7,133,514,3,25,41.4,35,3.9,39.5,10.2,2,,JameEd00
40,Earnest Graham,28,TAM,RB,10,10,132,563,4,26,47.7,68,4.3,56.3,13.2,2,,GrahEa00
41,Maurice Morris,29,SEA,RB,13,6,132,574,0,29,43.9,45,4.3,44.2,10.2,1,,MorrMa00
42,Fred Jackson,27,BUF,RB,16,3,130,571,3,33,48.5,32,4.4,35.7,8.1,3,,JackFr02
43,Pierre Thomas,24,NOR,RB,15,5,129,625,9,43,58.9,42,4.8,41.7,8.6,1,,ThomPi00
44,Darren McFadden,21,OAK,RB,13,5,113,499,4,25,37.2,50,4.4,38.4,8.7,3,,McFaDa00
45,Deuce McAllister,30,NOR,RB,13,6,107,418,5,24,55.1,19,3.9,32.2,8.2,0,,McAlDe00
46,Ray Rice,21,BAL,RB,13,4,107,454,0,21,41.1,60,4.2,34.9,8.2,1,,RiceRa00
47,Reggie Bush,23,NOR,RB,10,9,106,404,2,20,45.3,43,3.8,40.4,10.6,3,,BushRe00
48,Chris Perry,27,CIN,RB,13,6,104,269,2,11,29.8,25,2.6,20.7,8.0,5,,PerrCh00
49,Chester Taylor,29,MIN,RB,16,1,101,399,4,19,42.6,21,4.0,24.9,6.3,2,,TaylCh01
50,Michael Bush,24,OAK,RB,15,0,95,421,3,15,36.8,67,4.4,28.1,6.3,1,,BushMi00
51,Jerious Norwood,25,ATL,RB,16,0,95,489,4,22,42.1,45,5.1,30.6,5.9,2,,NorwJe00
52,Tashard Choice,24,DAL,RB,16,3,92,472,2,25,45.7,38,5.1,29.5,5.8,0,,ChoiTa00
53,Kevin Faulk,32,NWE,RB,15,3,83,507,3,24,55.4,41,6.1,33.8,5.5,0,,FaulKe00
54,LaMont Jordan,30,NWE,RB,8,0,80,363,4,20,57.5,49,4.5,45.4,10.0,1,,JordLa00
55,Antonio Pittman,23,STL,FB,12,5,79,296,0,16,43.0,24,3.7,24.7,6.6,1,,PittAn00
56,Correll Buckhalter,30,PHI,RB,14,2,76,369,2,18,48.7,33,4.9,26.4,5.4,0,,BuckCo00
57,DeShaun Foster,28,SFO,RB,16,2,76,234,1,13,39.5,18,3.1,14.6,4.8,2,,FostDe00
58,Rudi Johnson,29,DET,RB,14,4,76,237,1,11,28.9,27,3.1,16.9,5.4,1,,JohnRu00
59,Michael Pittman,33,DEN,RB,8,3,76,320,4,24,56.6,20,4.2,40.0,9.5,0,,PittMi00
60,Leon Washington,26,NYJ,RB,16,1,76,448,6,17,50.0,61,5.9,28.0,4.8,3,PBAP-1,WashLe00
61,Ahman Green,31,HOU,RB,8,1,74,294,3,23,55.4,14,4.0,36.8,9.3,0,,GreeAh00
62,BenJarvus Green-Ellis,23,NWE,RB,9,3,74,275,5,23,54.1,15,3.7,30.6,8.2,0,,GreeBe00
63,Matt Cassel,26,NWE,QB,16,15,73,270,2,23,45.2,19,3.7,16.9,4.6,7,,CassMa00
64,David Garrard,30,JAX,QB,16,16,73,322,2,32,60.3,24,4.4,20.1,4.6,7,,GarrDa00
65,Peyton Hillis,22,DEN,RB,12,6,68,343,5,25,63.2,19,5.0,28.6,5.7,0,,HillPe00
66,Ahmad Bradshaw,22,NYG,RB,15,0,67,355,1,14,43.3,77,5.3,23.7,4.5,3,,BradAh00
67,Jamaal Charles,22,KAN,RB,16,2,67,357,0,18,52.2,30,5.3,22.3,4.2,2,,CharJa00
68,Cadillac Williams,26,TAM,RB,6,1,63,233,4,18,46.0,28,3.7,38.8,10.5,1,,WillCa02
69,T.J. Duckett,27,SEA,RB,16,0,62,172,8,26,54.8,29,2.8,10.8,3.9,0,,DuckT.00
70,Tyler Thigpen,24,KAN,QB,14,11,62,386,3,22,58.1,32,6.2,27.6,4.4,6,,ThigTy00
71,Ladell Betts,29,WAS,RB,13,0,61,206,1,15,42.6,14,3.4,15.8,4.7,1,,BettLa00
72,Darren Sproles,25,SDG,RB,16,0,61,330,1,15,45.9,37,5.4,20.6,3.8,3,,SproDa00
73,Selvin Young,25,DEN,RB,8,5,61,303,1,11,47.5,49,5.0,37.9,7.6,1,,YounSe00
74,Ryan Fitzpatrick,26,CIN,QB,13,12,60,304,2,24,53.3,22,5.1,23.4,4.6,11,,FitzRy00
75,Jay Cutler,25,DEN,QB,16,16,57,200,2,14,42.1,18,3.5,12.5,3.6,5,PB,CutlJa00
76,Aaron Rodgers,25,GNB,QB,16,16,56,207,4,21,48.2,21,3.7,12.9,3.5,10,,RodgAa00
77,Matt Ryan,23,ATL,QB,16,16,55,104,1,13,30.9,17,1.9,6.5,3.4,6,AP ORoY-1,RyanMa00
78,Joe Flacco,23,BAL,QB,16,16,52,180,2,16,34.6,38,3.5,11.3,3.3,11,,FlacJo00
79,Jason Campbell,27,WAS,QB,16,16,47,258,1,15,42.6,23,5.5,16.1,2.9,7,,CampJa00
80,Brandon Jackson,23,GNB,RB,13,0,45,248,1,15,51.1,32,5.5,19.1,3.5,1,,JackBr00
81,Tatum Bell,27,DEN,RB,7,3,44,249,2,10,45.5,37,5.7,35.6,6.3,0,,BellTa00
82,Donovan McNabb,32,PHI,QB,16,16,39,147,2,11,43.6,17,3.8,9.2,2.4,7,,McNaDo00
83,Trent Edwards,25,BUF,QB,14,14,36,117,3,11,50.0,15,3.3,8.4,2.6,9,,EdwaTr01
84,Jeff Garcia,38,TAM,QB,12,11,35,148,1,14,54.3,20,4.2,12.3,2.9,7,,GarcJe00
85,Andre Hall,26,DEN,RB,8,0,35,144,0,7,51.4,16,4.1,18.0,4.4,2,,HallAn01
86,Kolby Smith,24,KAN,RB,7,3,35,100,1,5,40.0,19,2.9,14.3,5.0,0,,SmitKo00
87,Jerome Harrison,25,CLE,RB,15,0,34,246,1,11,52.9,72,7.2,16.4,2.3,0,,HarrJe00
88,Kevin Jones,26,CHI,RB,11,0,34,109,0,7,29.4,16,3.2,9.9,3.1,0,,JoneKe02
89,Ben Roethlisberger,26,PIT,QB,16,16,34,101,2,8,35.3,17,3.0,6.3,2.1,14,,RoetBe00
90,Kenneth Darby,26,STL,RB,10,0,32,140,0,9,40.6,14,4.4,14.0,3.2,1,,DarbKe00
91,J.J. Arrington,25,ARI,RB,11,3,31,187,1,9,41.9,30,6.0,17.0,2.8,0,,ArriJ.00
92,Philip Rivers,27,SDG,QB,16,16,31,84,0,12,58.1,11,2.7,5.3,1.9,8,AP MVP-6AP OPoY-4AP CPoY-8,RivePh00
93,Matt Schaub,27,HOU,QB,11,11,31,68,2,9,45.2,10,2.2,6.2,2.8,10,,SchaMa00
94,Felix Jones,21,DAL,RB,6,0,30,266,3,14,70.0,60,8.9,44.3,5.0,0,,JoneFe00
95,J.T. O'Sullivan,29,SFO,QB,9,8,30,145,0,8,40.0,18,4.8,16.1,3.3,11,,OSulJ.00
96,Chad Pennington,32,MIA,QB,16,16,30,62,1,6,26.7,16,2.1,3.9,1.9,3,AP MVP-2AP CPoY-1,PennCh01
97,Leonard Weaver,26,SEA,FB,14,7,30,130,0,9,46.7,15,4.3,9.3,2.1,1,,WeavLe00
98,Josh Cribbs,25,CLE,WR,15,2,29,167,1,12,62.1,27,5.8,11.1,1.9,0,,CribJo01
99,Laurence Maroney,23,NWE,RB,3,3,28,93,0,4,50.0,17,3.3,31.0,9.3,0,,MaroLa00
100,Tony Romo,28,DAL,QB,13,13,28,41,0,4,28.6,15,1.5,3.2,2.2,13,,RomoTo00
101,Gary Russell,22,PIT,RB,12,0,28,77,3,11,53.6,15,2.8,6.4,2.3,0,,RussGa00
102,Tarvaris Jackson,25,MIN,QB,9,5,26,145,0,11,50.0,29,5.6,16.1,2.9,5,,JackTa00
103,Ryan Moats,26,HOU,RB,9,0,26,94,1,6,46.2,12,3.6,10.4,2.9,0,,MoatRy00
104,Derek Anderson,25,CLE,QB,10,9,25,55,0,6,36.0,15,2.2,5.5,2.5,9,,AndeDe00
105,Kerry Collins,36,TEN,QB,16,15,25,49,0,4,20.0,17,2.0,3.1,1.6,5,PBAP CPoY-2,CollKe00
106,Kyle Eckel,27,PHI,RB,5,0,24,79,0,6,50.0,14,3.3,15.8,4.8,0,,EckeKy00
107,Shaun Hill,28,SFO,QB,9,8,24,115,2,11,50.0,24,4.8,12.8,2.7,8,,HillSh00
108,Kyle Orton,26,CHI,QB,15,15,24,49,3,8,37.5,12,2.0,3.3,1.6,6,,OrtoKy00
109,Lousaka Polite,27,MIA,FB,11,5,23,85,0,15,78.3,14,3.7,7.7,2.1,0,,PoliLo00
110,Jason Wright,26,CLE,RB,15,0,23,85,0,7,39.1,11,3.7,5.7,1.5,1,,WrigJa01
111,Drew Brees,29,NOR,QB,16,16,22,-1,0,4,22.7,9,0.0,-0.1,1.4,6,PBAP-2AP OPoY-1,BreeDr00
112,Brett Favre,39,NYJ,QB,16,16,21,43,1,4,19.0,27,2.0,2.7,1.3,10,PB,FavrBr00
113,Lorenzo Booker,24,PHI,RB,10,1,20,53,0,2,35.0,8,2.7,5.3,2.0,0,,BookLo00
114,Jake Delhomme,33,CAR,QB,16,16,20,21,2,2,20.0,12,1.1,1.3,1.3,5,AP CPoY-2,DelhJa00
115,Eli Manning,27,NYG,QB,16,16,20,10,1,3,25.0,13,0.5,0.6,1.3,5,PB,MannEl00
116,Peyton Manning,32,IND,QB,16,16,20,21,1,4,25.0,12,1.1,1.3,1.3,1,PBAP-1AP MVP-1AP OPoY-2,MannPe00
117,Adrian Peterson,29,CHI,RB,15,0,20,100,0,4,45.0,16,5.0,6.7,1.3,0,,PeteAd00
118,Gus Frerotte,37,MIN,QB,11,11,19,7,1,3,21.1,5,0.4,0.6,1.7,4,,FrerGu00
119,Jacob Hester,23,SDG,RB,16,3,19,95,1,5,36.8,28,5.0,5.9,1.2,1,,HestJa00
120,Rashard Mendenhall,21,PIT,RB,4,1,19,58,0,3,26.3,12,3.1,14.5,4.8,0,,MendRa00
121,Michael Robinson,25,SFO,FB,16,1,19,50,0,6,52.6,10,2.6,3.1,1.2,1,,RobiMi00
122,Kurt Warner,37,ARI,QB,16,16,18,-2,0,1,5.6,11,-0.1,-0.1,1.1,11,PBAP MVP-7AP CPoY-4,WarnKu00
123,DeSean Jackson,22,PHI,WR,16,15,17,96,1,6,52.9,21,5.6,6.0,1.1,4,,JackDe00
124,P.J. Pope,24,DEN,RB,5,1,17,130,0,6,64.7,24,7.6,26.0,3.4,0,,PopeP.20
125,JaMarcus Russell,23,OAK,QB,15,15,17,127,1,11,70.6,24,7.5,8.5,1.1,12,,RussJa00
126,Seneca Wallace,28,SEA,QB,10,8,16,78,0,6,37.5,23,4.9,7.8,1.6,4,,WallSe00
127,Dantrell Savage,23,KAN,RB,8,0,15,53,0,4,46.7,11,3.5,6.6,1.9,0,,SavaDa20
128,Chad Simpson,23,IND,RB,11,0,15,45,1,6,60.0,10,3.0,4.1,1.4,1,,SimpCh00
129,Jason Snelling,25,ATL,RB,16,1,15,62,0,5,46.7,13,4.1,3.9,0.9,0,,SnelJa00
130,Ryan Torain,22,DEN,RB,2,1,15,69,1,4,60.0,19,4.6,34.5,7.5,0,,ToraRy00
131,Garrett Wolfe,24,CHI,RB,13,0,15,69,0,3,20.0,38,4.6,5.3,1.2,0,,WolfGa00
132,Marc Bulger,31,STL,QB,15,15,14,41,0,3,28.6,16,2.9,2.7,0.9,5,,BulgMa00
133,Chris Taylor,25,HOU,RB,3,0,14,37,0,1,21.4,17,2.6,12.3,4.7,1,,TaylCh02
134,Lance Ball,23,IND,RB,1,0,13,83,0,5,76.9,23,6.4,83.0,13.0,1,,BallLa00
135,Mike Bell,25,NOR,RB,4,0,13,42,1,4,38.5,15,3.2,10.5,3.3,0,,BellMi00
136,Kevin Kolb,24,PHI,QB,6,0,13,2,0,0,0.0,8,0.2,0.3,2.2,0,,KolbKe00
137,Travis Minor,29,STL,RB,13,0,13,29,0,3,23.1,13,2.2,2.2,1.0,1,,MinoTr00
138,Mike Tolbert,23,SDG,FB,13,7,13,37,0,4,53.8,11,2.8,2.8,1.0,0,,TolbMi00
139,Kenny Watson,30,CIN,RB,10,0,13,55,0,2,38.5,7,4.2,5.5,1.3,0,,WatsKe00
140,Patrick Cobbs,25,MIA,RB,16,2,12,88,1,4,33.3,44,7.3,5.5,0.8,0,,CobbPa00
141,Daunte Culpepper,31,DET,QB,5,5,12,25,1,4,33.3,9,2.1,5.0,2.4,5,,CulpDa00
142,Carey Davis,27,PIT,RB,14,3,12,35,0,2,16.7,11,2.9,2.5,0.9,2,,DaviCa00
143,Harry Douglas,24,ATL,WR,16,0,12,69,1,4,58.3,33,5.8,4.3,0.8,1,,DougHa00
144,J.P. Losman,27,BUF,QB,5,2,12,70,2,6,58.3,17,5.8,14.0,2.4,8,,LosmJ.00
145,Lorenzo Neal,38,BAL,FB,16,5,12,25,0,6,50.0,5,2.1,1.6,0.8,0,,NealLo00
146,Brad Smith,25,NYJ,WR,15,1,12,113,0,7,75.0,36,9.4,7.5,0.8,2,,SmitBr01
147,Shaun Alexander,31,WAS,RB,4,0,11,24,0,0,0.0,8,2.2,6.0,2.8,0,,AlexSh00
148,Heath Evans,30,NWE,FB,16,4,11,23,0,4,36.4,4,2.1,1.4,0.7,0,,EvanHe00
149,Matt Hasselbeck,33,SEA,QB,7,7,11,69,0,5,81.8,15,6.3,9.9,1.6,1,,HassMa00
150,Jason McKie,28,CHI,FB,11,8,11,26,2,5,54.5,6,2.4,2.4,1.0,1,,McKiJa00
151,Sage Rosenfels,30,HOU,QB,6,5,11,37,0,3,27.3,15,3.4,6.2,1.8,4,,RoseSa00
152,Eddie Royal,22,DEN,WR,15,15,11,109,0,4,45.5,71,9.9,7.3,0.7,2,,RoyaEd00
153,Donnie Avery,24,STL,WR,15,12,10,69,1,3,60.0,37,6.9,4.6,0.7,0,,AverDo00
154,Tony Richardson,37,NYJ,FB,16,7,10,65,0,6,70.0,16,6.5,4.1,0.6,0,,RichTo00
155,Lawrence Vickers,25,CLE,FB,12,8,10,31,0,6,70.0,10,3.1,2.6,0.8,0,,VickLa00
156,Najeh Davenport,29,2TM,RB,6,0,10,31,0,3,60.0,8,3.1,5.2,1.7,0,,DaveNa00
156,Najeh Davenport,29,PIT,RB,4,0,2,5,0,2,100.0,3,2.5,1.3,0.5,0,,DaveNa00
156,Najeh Davenport,29,IND,RB,2,0,8,26,0,1,50.0,8,3.3,13.0,4.0,0,,DaveNa00
157,Anquan Boldin,28,ARI,WR,12,11,9,67,0,2,44.4,30,7.4,5.6,0.8,4,PBAP CPoY-4,BoldAn00
158,Quinton Ganther,24,TEN,RB,13,0,9,61,0,3,66.7,22,6.8,4.7,0.7,0,,GantQu00
159,Nick Goings,30,CAR,RB,16,0,9,10,0,0,0.0,4,1.1,0.6,0.6,0,,GoinNi00
160,Brad Hoover,32,CAR,FB,16,11,9,18,0,5,55.6,5,2.0,1.1,0.6,0,,HoovBr00
161,James Johnson,24,CIN,RB,4,0,9,29,0,2,44.4,12,3.2,7.3,2.3,0,,JohnJa02
162,Troy Smith,24,BAL,QB,6,0,9,24,0,2,33.3,8,2.7,4.0,1.5,0,,SmitTr02
163,David Carr,29,NYG,QB,3,0,8,10,0,0,12.5,7,1.3,3.3,2.7,0,,CarrDa00
164,Ahmard Hall,29,TEN,FB,16,11,8,21,0,3,62.5,6,2.6,1.3,0.5,1,,HallAh00
165,Mike Karney,27,NOR,FB,12,8,8,10,2,5,75.0,3,1.3,0.8,0.7,0,,KarnMi00
166,John Kuhn,26,GNB,FB,16,3,8,10,1,5,62.5,3,1.3,0.6,0.5,0,,KuhnJo00
167,Clifton Smith,23,TAM,RB,9,0,8,40,0,3,75.0,10,5.0,4.4,0.9,4,PBAP-2,SmitCl22
168,Aaron Stecker,33,NOR,RB,6,0,8,43,0,2,25.0,12,5.4,7.2,1.3,0,,StecAa00
169,DeShawn Wynn,25,GNB,RB,5,0,8,110,1,2,62.5,73,13.8,22.0,1.6,1,,WynnDe00
170,Vince Young,25,TEN,QB,3,1,8,27,0,0,25.0,8,3.4,9.0,2.7,2,,YounVi00
171,B.J. Askew,28,TAM,FB,10,4,7,14,2,6,85.7,3,2.0,1.4,0.7,0,,AskeB.00
172,Michael Bennett,30,2TM,RB,5,0,7,12,0,0,0.0,4,1.7,2.4,1.4,0,,BennMi00
172,Michael Bennett,30,TAM,RB,5,0,7,12,0,0,0.0,4,1.7,2.4,1.4,0,,BennMi00
173,Dan Orlovsky,25,DET,QB,10,7,7,29,0,2,42.9,10,4.1,2.9,0.7,3,,OrloDa00
174,Terrell Owens,35,DAL,WR,16,16,7,33,0,2,71.4,8,4.7,2.1,0.4,1,,OwenTe00
175,Mark Clayton,26,BAL,WR,16,13,6,81,1,3,66.7,42,13.5,5.1,0.4,0,,ClayMa01
176,Devin Hester,26,CHI,WR,15,8,6,61,0,4,66.7,20,10.2,4.1,0.4,5,,HestDe99
177,Jon Kitna,36,DET,QB,4,4,6,34,0,3,66.7,10,5.7,8.5,1.5,3,,KitnJo00
178,Xavier Omon,23,BUF,RB,2,0,6,5,0,1,16.7,2,0.8,2.5,3.0,0,,OmonXa00
179,Carson Palmer,29,CIN,QB,4,4,6,38,0,2,66.7,15,6.3,9.5,1.5,2,,PalmCa00
180,Mike Sellers,33,WAS,FB,16,6,6,24,0,1,16.7,10,4.0,1.5,0.4,1,PB,SellMi00
181,Andre Caldwell,23,CIN,WR,7,4,5,53,0,4,80.0,26,10.6,7.6,0.7,0,,CaldAn00
182,Rock Cartwright,29,WAS,FB,16,0,5,14,0,0,0.0,7,2.8,0.9,0.3,0,,CartRo01
183,Jesse Chatman,29,NYJ,RB,3,0,5,8,0,1,20.0,5,1.6,2.7,1.7,0,,ChatJe00
184,De Dorsey,24,CIN,RB,4,0,5,8,0,0,20.0,7,1.6,2.0,1.3,0,,DorsDe00
185,Ted Ginn Jr.,23,MIA,WR,16,14,5,73,2,2,40.0,40,14.6,4.6,0.3,5,,GinnTe00
186,Brian Griese,33,TAM,QB,5,5,5,-1,0,1,20.0,3,-0.2,-0.2,1.0,1,,GrieBr00
187,Ovie Mughelli,28,ATL,FB,16,13,5,16,0,4,80.0,9,3.2,1.0,0.3,0,,MughOv00
188,Brady Quinn,24,CLE,QB,3,3,5,21,0,2,40.0,12,4.2,7.0,1.7,0,,QuinBr00
189,Owen Schmitt,23,SEA,RB,15,1,5,21,0,1,20.0,14,4.2,1.4,0.3,0,,SchmOw00
190,Steve Smith Sr.,29,CAR,WR,14,14,5,40,0,3,60.0,23,8.0,2.9,0.4,1,PBAP-2AP OPoY-6,SmitSt01
191,Jim Sorgi,28,IND,QB,1,0,5,8,0,1,20.0,12,1.6,8.0,5.0,0,,SorgJi00
192,Andrew Walter,26,OAK,QB,2,1,5,19,0,1,20.0,13,3.8,9.5,2.5,2,,WaltAn00
193,Nate Washington,25,PIT,WR,16,1,5,18,0,2,60.0,8,3.6,1.1,0.3,0,,WashNa00
194,Bernard Berrian,28,MIN,WR,16,13,4,26,0,2,50.0,14,6.5,1.6,0.3,1,,BerrBe00
195,Aveion Cason,29,DET,RB,7,0,4,7,0,0,0.0,4,1.8,1.0,0.6,1,,CasoAv00
196,Jeff Dugan,27,MIN,TE,9,2,4,7,0,4,100.0,2,1.8,0.8,0.4,0,,DugaJe00
197,Matt Flynn,23,GNB,QB,7,0,4,4,0,1,25.0,6,1.0,0.6,0.6,1,,FlynMa00
198,Dante Hall,30,STL,WR,8,0,4,9,0,2,50.0,10,2.3,1.1,0.5,0,,HallDa00
199,Devery Henderson,26,NOR,WR,16,13,4,33,0,1,50.0,30,8.3,2.1,0.3,1,,HendDe00
200,Damon Huard,35,KAN,QB,5,3,4,13,0,1,25.0,15,3.3,2.6,0.8,3,,HuarDa00
201,Tony Hunt,23,PHI,RB,6,2,4,9,1,2,75.0,6,2.3,1.5,0.7,1,,HuntTo01
202,Vincent Jackson,25,SDG,WR,16,16,4,69,0,3,100.0,31,17.3,4.3,0.3,1,,JackVi00
203,Byron Leftwich,28,PIT,QB,5,0,4,7,1,1,25.0,8,1.8,1.4,0.8,0,,LeftBy00
204,Matt Leinart,25,ARI,QB,4,0,4,5,0,1,25.0,8,1.3,1.3,1.0,2,,LeinMa00
205,Josh McCown,29,CAR,QB,2,0,4,-3,0,0,0.0,,-0.8,-1.5,2.0,0,,McCoJo01
206,Chauncey Washington,23,JAX,RB,6,0,4,9,0,1,50.0,6,2.3,1.5,0.7,0,,WashCh00
207,Keenan Burton,24,STL,WR,13,1,3,8,0,0,33.3,5,2.7,0.6,0.2,0,,BurtKe00
208,Kellen Clemens,25,NYJ,QB,2,0,3,-3,0,0,0.0,-1,-1.0,-1.5,1.5,0,,ClemKe00
209,Rashied Davis,29,CHI,WR,16,12,3,14,0,1,33.3,17,4.7,0.9,0.2,0,,DaviRa00
210,Trent Green,38,STL,QB,3,1,3,4,0,1,33.3,3,1.3,1.3,1.0,0,,GreeTr00
211,Rex Grossman,28,CHI,QB,4,1,3,4,2,3,100.0,2,1.3,1.0,0.8,0,,GrosRe00
212,Johnnie Lee Higgins,25,OAK,WR,16,3,3,34,0,1,100.0,18,11.3,2.1,0.2,1,,HiggJo00
213,Calvin Johnson,23,DET,WR,16,16,3,-1,0,1,33.3,7,-0.3,-0.1,0.2,3,,JohnCa00
214,Luke McCown,27,TAM,QB,2,0,3,15,0,0,0.0,12,5.0,7.5,1.5,0,,McCoLu00
215,Kevin O'Connell,23,NWE,QB,2,0,3,-6,0,0,0.0,-2,-2.0,-3.0,1.5,0,,OConKe00
216,Drew Stanton,24,DET,QB,3,0,3,20,0,1,66.7,15,6.7,6.7,1.0,0,,StanDr00
217,Devin Thomas,22,WAS,WR,16,1,3,53,1,2,100.0,29,17.7,3.3,0.2,0,,ThomDe02
218,Kevin Walter,27,HOU,WR,16,16,3,23,0,3,100.0,13,7.7,1.4,0.2,0,,WaltKe00
219,Wes Welker,27,NWE,WR,16,14,3,26,0,1,66.7,19,8.7,1.6,0.2,1,PBAP-2,WelkWe00
220,Deon Anderson,25,DAL,FB,14,5,2,3,0,0,0.0,3,1.5,0.2,0.1,0,,AndeDe01
221,Steve Breaston,25,ARI,WR,16,9,2,8,0,0,50.0,4,4.0,0.5,0.1,1,,BreaSt00
222,Antonio Bryant,27,TAM,WR,16,15,2,22,0,2,100.0,13,11.0,1.4,0.1,1,AP CPoY-4,BryaAn00
223,Greg Camarillo,26,MIA,WR,11,11,2,1,0,0,50.0,6,0.5,0.1,0.2,0,,CamaGr00
224,Antonio Chatman,29,CIN,WR,10,1,2,4,0,0,0.0,2,2.0,0.4,0.2,1,,ChatAn00
225,Michael Clayton,26,TAM,WR,15,9,2,5,0,0,50.0,4,2.5,0.3,0.1,1,,ClayMi00
226,Laveranues Coles,31,NYJ,WR,16,16,2,9,0,0,50.0,6,4.5,0.6,0.1,1,,ColeLa00
227,Jerricho Cotchery,26,NYJ,WR,16,16,2,8,0,0,50.0,8,4.0,0.5,0.1,2,,CotcJe00
228,Dennis Dixon,23,PIT,QB,1,0,2,-3,0,0,0.0,-1,-1.5,-3.0,2.0,0,,DixoDe00
229,Ken Dorsey,27,CLE,QB,4,3,2,0,0,0,0.0,,0.0,0.0,0.5,2,,DorsKe00
230,Donald Driver,33,GNB,WR,16,16,2,4,0,0,50.0,6,2.0,0.3,0.1,0,,DrivDo00
231,Jerome Felton,22,DET,FB,13,6,2,4,0,0,50.0,4,2.0,0.3,0.2,0,,FeltJe00
232,Charlie Frye,27,SEA,QB,2,1,2,30,0,1,100.0,27,15.0,15.0,1.0,0,,FryeCh00
233,Samkon Gado,26,STL,RB,1,0,2,4,0,0,0.0,3,2.0,4.0,2.0,0,,GadoSa00
234,Justin Griffith,28,OAK,FB,7,3,2,2,0,1,50.0,2,1.0,0.3,0.3,0,,GrifJu00
235,Mike Hart,22,IND,RB,5,0,2,9,0,2,100.0,7,4.5,1.8,0.4,1,,HartMi00
236,Craig Hentrich,37,TEN,P,16,0,2,-6,0,0,0.0,,-3.0,-0.4,0.1,1,,hentrcra01
237,Jason Hill,23,SFO,WR,16,2,2,5,0,1,50.0,9,2.5,0.3,0.1,1,,HillJa00
238,Domenik Hixon,24,NYG,WR,16,7,2,26,0,2,100.0,15,13.0,1.6,0.1,0,,HixoDo00
239,Santonio Holmes,24,PIT,WR,15,15,2,9,0,1,50.0,10,4.5,0.6,0.1,4,,HolmSa00
240,Brad Johnson,40,DAL,QB,16,3,2,-1,0,0,0.0,,-0.5,-0.1,0.1,1,,JohnBr00
241,Brandon Jones,26,TEN,WR,16,7,2,35,0,1,100.0,28,17.5,2.2,0.1,0,,JoneBr02
242,Greg Jones,27,JAX,FB,12,7,2,13,0,1,50.0,13,6.5,1.1,0.2,0,,JoneGr01
243,Cleo Lemon,29,JAX,QB,2,0,2,-3,0,0,0.0,-1,-1.5,-1.5,1.0,0,,LemoCl00
244,Brian Leonard,24,STL,RB,2,0,2,7,0,0,0.0,5,3.5,3.5,1.0,0,,LeonBr00
245,Brandon Marshall,24,DEN,WR,15,15,2,-4,0,0,50.0,7,-2.0,-0.3,0.1,4,PB,MarsBr00
246,Justin McCareins,30,TEN,WR,14,10,2,8,0,0,50.0,4,4.0,0.6,0.1,2,,McCaJu00
247,Randy Moss,31,NWE,WR,16,16,2,0,0,0,0.0,,0.0,0.0,0.1,3,,MossRa00
248,Montell Owens,24,JAX,RB,16,0,2,43,2,2,100.0,41,21.5,2.7,0.1,0,,OwenMo01
249,Jalen Parmele,23,BAL,RB,1,0,2,27,0,1,50.0,31,13.5,27.0,2.0,0,,ParmJa00
250,Roscoe Parrish,26,BUF,WR,13,1,2,9,0,0,50.0,9,4.5,0.7,0.2,2,,ParrRo00
251,Cecil Sapp,30,HOU,RB,12,0,2,-3,0,0,0.0,,-1.5,-0.3,0.2,0,,SappCe00
252,Marques Tuiasosopo,29,OAK,QB,2,0,2,11,0,1,50.0,11,5.5,5.5,1.0,2,,TuiaMa00
253,Delanie Walker,24,SFO,TE,15,2,2,-13,0,0,0.0,-3,-6.5,-0.9,0.1,2,,WalkHu00
254,Danny Ware,23,NYG,RB,6,0,2,15,0,1,100.0,9,7.5,2.5,0.3,0,,WareDa00
255,Roddy White,27,ATL,WR,16,15,2,4,0,0,0.0,2,2.0,0.3,0.1,1,PB,WhitRo00
256,Aundrae Allison,22,MIN,WR,15,0,1,1,0,0,0.0,1,1.0,0.1,0.1,2,,AlliAu00
257,Jon Alston,25,OAK,LB,14,4,1,22,0,1,100.0,22,22.0,1.6,0.1,0,,AlstJo20
258,Arnaz Battle,28,SFO,WR,9,0,1,18,0,1,100.0,18,18.0,2.0,0.1,1,,BattAr00
259,Mitch Berger,36,PIT,P,13,0,1,0,0,0,0.0,,0.0,0.0,0.1,0,,BergMi20
260,Davone Bess,23,MIA,WR,16,6,1,13,0,1,100.0,13,13.0,0.8,0.1,1,,BessDa00
261,Marty Booker,32,CHI,WR,13,5,1,3,0,0,0.0,3,3.0,0.2,0.1,0,,BookMa00
262,Reggie Brown,27,PHI,WR,10,3,1,6,0,1,100.0,6,6.0,0.6,0.1,0,,BrowRe01
263,Isaac Bruce,36,SFO,WR,16,15,1,-3,0,0,0.0,-3,-3.0,-0.2,0.1,0,,BrucIs00
264,Chris Chambers,30,SDG,WR,14,9,1,1,0,0,0.0,1,1.0,0.1,0.1,0,,ChamCh00
265,Mike Cox,23,KAN,FB,16,5,1,-2,0,0,0.0,-2,-2.0,-0.1,0.1,0,,Cox_Mi20
266,Patrick Crayton,29,DAL,WR,16,7,1,11,0,1,100.0,11,11.0,0.7,0.1,1,,CrayPa00
267,Ronald Curry,29,OAK,WR,13,10,1,1,0,0,0.0,1,1.0,0.1,0.1,0,,CurrRo01
268,Fred Davis,22,WAS,TE,11,2,1,-3,0,0,0.0,-3,-3.0,-0.3,0.1,0,,DaviFr01
269,Jason Davis,25,2TM,RB,6,3,1,0,0,0,0.0,,0.0,0.0,0.2,0,,DaviJa00
269,Jason Davis,25,CHI,RB,5,3,1,0,0,0,0.0,,0.0,0.0,0.2,0,,DaviJa00
270,Vernon Davis,24,SFO,TE,16,16,1,11,0,1,100.0,11,11.0,0.7,0.1,2,,DaviVe00
271,Keith Ellison,24,BUF,LLB,16,14,1,6,0,1,100.0,6,6.0,0.4,0.1,0,,ElliKe20
272,Lee Evans,27,BUF,WR,16,16,1,22,0,1,100.0,22,22.0,1.4,0.1,2,,EvanLe00
273,Brandon Fields,24,MIA,P,16,0,1,0,0,0,0.0,,0.0,0.0,0.1,0,,FielBr20
274,Derrick Frost,28,GNB,P,12,0,1,0,0,0,0.0,,0.0,0.0,0.1,1,,FrosDe20
275,Bruce Gradkowski,25,CLE,QB,2,1,1,2,0,0,0.0,2,2.0,1.0,0.5,0,,GradBr00
276,Quinn Gray,29,KAN,QB,1,0,1,27,0,0,100.0,27,27.0,27.0,1.0,0,,GrayQu00
277,Marques Hagans,26,KAN,WR,2,0,1,2,0,0,0.0,2,2.0,1.0,0.5,0,,HagaMa00
278,Madison Hedgecock,27,NYG,FB,16,10,1,0,0,0,0.0,,0.0,0.0,0.1,0,AP-2,HedgMa00
279,Chris Henry,23,TEN,RB,1,0,1,3,0,0,0.0,3,3.0,3.0,1.0,0,,HenrCh01
280,Ike Hilliard,32,TAM,WR,16,2,1,0,0,0,0.0,,0.0,0.0,0.1,2,,HillIk00
281,T.J. Houshmandzadeh,31,CIN,WR,15,15,1,9,0,0,100.0,9,9.0,0.6,0.1,0,,HousTJ00
282,Stevie Johnson,22,BUF,WR,11,1,1,6,0,0,100.0,6,6.0,0.5,0.1,0,,JohnSt00
283,Jacoby Jones,24,HOU,WR,16,0,1,-5,0,0,0.0,-5,-5.0,-0.3,0.1,4,,JoneJa03
284,Chris Kluwe,27,MIN,P,16,0,1,-7,0,0,0.0,-7,-7.0,-0.4,0.1,1,,KluwCh20
285,Sam Koch,26,BAL,P,16,0,1,9,0,1,100.0,9,9.0,0.6,0.1,0,,KochSa20
286,Dan Kreider,31,STL,FB,11,4,1,0,0,0,0.0,,0.0,0.0,0.1,0,,KreiDa00
287,Vonta Leach,27,HOU,FB,16,12,1,1,1,1,100.0,1,1.0,0.1,0.1,0,,LeacVo00
288,Shane Lechler,32,OAK,P,16,0,1,0,0,0,0.0,,0.0,0.0,0.1,1,PBAP-1,LechSh20
289,Kregg Lumpkin,24,GNB,RB,2,0,1,19,0,1,100.0,19,19.0,9.5,0.5,0,,LumpKr00
290,Mario Manningham,22,NYG,WR,7,0,1,-12,0,0,0.0,-12,-12.0,-1.7,0.1,0,,MannMa01
291,Derrick Mason,34,BAL,WR,16,16,1,3,0,0,0.0,3,3.0,0.2,0.1,2,,MasoDe00
292,Robert Meachem,24,NOR,WR,14,3,1,20,1,1,100.0,20,20.0,1.4,0.1,0,,MeacRo00
293,Santana Moss,29,WAS,WR,16,16,1,27,0,1,100.0,27,27.0,1.7,0.1,1,,MossSa00
294,Moran Norris,30,DET,FB,11,8,1,1,0,0,0.0,1,1.0,0.1,0.1,0,,NorrMo00
295,Dennis Northcutt,31,JAX,WR,14,3,1,9,0,0,100.0,9,9.0,0.6,0.1,1,,NortDe00
296,Jordan Palmer,24,CIN,QB,3,0,1,4,0,0,100.0,4,4.0,1.3,0.3,0,,PalmJo20
297,Antwaan Randle El,29,WAS,WR,16,16,1,5,0,0,100.0,5,5.0,0.3,0.1,2,,RandAn00
298,Koren Robinson,28,SEA,WR,12,12,1,-4,0,0,0.0,-4,-4.0,-0.3,0.1,0,,RobiKo00
299,Allen Rossum,33,SFO,DB,13,1,1,1,1,1,100.0,1,1.0,0.1,0.1,0,,RossAl99
300,Tony Scheffler,25,DEN,TE,13,7,1,-1,0,0,0.0,-1,-1.0,-0.1,0.1,1,,ScheTo00
301,Chaz Schilens,23,OAK,WR,16,6,1,-2,0,0,0.0,-2,-2.0,-0.1,0.1,0,,SchiCh00
302,Donte' Stallworth,28,CLE,WR,11,7,1,-4,0,0,0.0,-4,-4.0,-0.4,0.1,0,,StalDo00
303,Derek Stanley,23,STL,WR,10,0,1,0,0,0,0.0,,0.0,0.0,0.1,2,,StanDe00
304,Chansi Stuckey,25,NYJ,WR,15,2,1,1,0,0,0.0,1,1.0,0.1,0.1,0,,StucCh20
305,Matt Turk,40,HOU,P,16,0,1,18,0,1,100.0,18,18.0,1.1,0.1,1,,TurkMa20
306,Hines Ward,32,PIT,WR,16,15,1,4,0,0,100.0,4,4.0,0.3,0.1,1,,WardHi00
307,Reggie Williams,25,JAX,WR,16,11,1,0,0,0,0.0,,0.0,0.0,0.1,0,,WillRe00
308,Roy Williams,27,2TM,WR,15,11,1,13,0,0,0.0,13,13.0,0.9,0.1,0,,WillRo04
308,Roy Williams,27,DAL,WR,10,7,1,13,0,0,0.0,13,13.0,1.3,0.1,0,,WillRo04
309,Troy Williamson,25,JAX,WR,8,1,1,1,0,0,0.0,1,1.0,0.1,0.1,0,,WillTr01
