Rk,Player,Age,Team,Pos,G,GS,Att,Yds,TD,1D,Succ%,Lng,Y/A,Y/G,A/G,Fmb,Awards,-9999
1,Chris Johnson,24,TEN,RB,16,16,358,2006,14,80,43.6,91,5.6,125.4,22.4,3,PBAP-1AP OPoY-1,JohnCh04
2,Thomas Jones,31,NYJ,RB,16,16,331,1402,14,66,42.6,71,4.2,87.6,20.7,2,,JoneTh00
3,Steven Jackson,26,STL,RB,15,15,324,1416,4,59,45.4,58,4.4,94.4,21.6,2,PBAP-2,JackSt00
4,Adrian Peterson,24,MIN,RB,16,15,314,1383,18,76,44.6,64,4.4,86.4,19.6,7,PBAP-1,PeteAd01
5,Maurice Jones-Drew,24,JAX,RB,16,16,312,1391,15,69,48.1,80,4.5,86.9,19.5,2,PB,DrewMa00
6,Cedric Benson,27,CIN,RB,13,13,301,1251,6,57,41.9,42,4.2,96.2,23.2,1,AP CPoY-4,BensCe00
7,Ryan Grant,27,GNB,RB,16,16,282,1253,11,64,46.5,62,4.4,78.3,17.6,1,,GranRy00
8,Matt Forte,24,CHI,RB,16,16,258,929,4,41,41.1,61,3.6,58.1,16.1,6,,FortMa00
9,Ray Rice,22,BAL,RB,16,15,254,1339,7,53,48.8,59,5.3,83.7,15.9,3,PBAP-2,RiceRa00
10,Knowshon Moreno,22,DEN,RB,16,9,247,947,7,53,48.2,36,3.8,59.2,15.4,4,AP ORoY-3,MoreKn00
11,Rashard Mendenhall,22,PIT,RB,16,12,242,1108,7,50,45.5,60,4.6,69.3,15.1,3,,MendRa00
12,Ricky Williams,32,MIA,RB,16,7,241,1121,11,55,53.9,68,4.7,70.1,15.1,5,,WillRi00
13,Fred Jackson,28,BUF,RB,16,11,237,1062,2,44,46.4,43,4.5,66.4,14.8,4,,JackFr02
14,Frank Gore,26,SFO,RB,14,14,229,1120,10,47,39.3,80,4.9,80.0,16.4,4,PB,GoreFr00
15,Brandon Jacobs,27,NYG,RB,15,15,224,835,5,44,44.2,31,3.7,55.7,14.9,2,,JacoBr00
16,LaDainian Tomlinson,30,SDG,RB,14,14,223,730,12,40,42.2,36,3.3,52.1,15.9,2,,TomlLa00
17,Jonathan Stewart,22,CAR,RB,16,3,221,1133,10,54,48.9,67,5.1,70.8,13.8,3,,StewJo00
18,Joseph Addai,26,IND,RB,15,15,219,828,10,44,50.7,21,3.8,55.2,14.6,1,,AddaJo00
19,Kevin Smith,23,DET,RB,13,13,217,747,4,41,45.2,31,3.4,57.5,16.7,3,,SmitKe02
20,DeAngelo Williams,26,CAR,RB,13,13,216,1117,7,51,44.0,77,5.2,85.9,16.6,3,PB,WillDe02
21,Marion Barber III,26,DAL,RB,15,15,214,932,7,60,50.0,35,4.4,62.1,14.3,2,,BarbMa01
22,Cadillac Williams,27,TAM,RB,16,15,211,823,4,43,38.4,35,3.9,51.4,13.2,1,AP CPoY-2,WillCa02
23,Jerome Harrison,26,CLE,RB,14,7,194,862,5,39,46.4,71,4.4,61.6,13.9,2,,HarrJe00
24,Laurence Maroney,24,NWE,RB,15,5,194,757,9,45,51.5,45,3.9,50.5,12.9,4,,MaroLa00
25,Jamaal Charles,23,KAN,RB,15,10,190,1120,7,54,54.2,76,5.9,74.7,12.7,4,,CharJa00
26,Michael Turner,27,ATL,RB,11,11,178,871,10,43,48.9,58,4.9,79.2,16.2,4,,TurnMi00
27,Larry Johnson,30,2TM,RB,14,7,178,581,0,28,38.2,27,3.3,41.5,12.7,2,,JohnLa00
27,Larry Johnson,30,KAN,RB,7,7,132,377,0,17,34.8,19,2.9,53.9,18.9,2,,JohnLa00
27,Larry Johnson,30,CIN,RB,7,0,46,204,0,11,47.8,27,4.4,29.1,6.6,0,,JohnLa00
28,Julius Jones,28,SEA,RB,14,14,177,663,2,33,42.9,62,3.7,47.4,12.6,0,,JoneJu01
29,Beanie Wells,21,ARI,RB,16,0,176,793,7,39,51.1,33,4.5,49.6,11.0,4,,WellCh00
30,Mike Bell,26,NOR,RB,13,3,172,654,5,34,49.4,35,3.8,50.3,13.2,2,,BellMi00
31,Ahmad Bradshaw,23,NYG,RB,15,1,163,778,7,47,51.5,38,4.8,51.9,10.9,3,,BradAh00
32,LeSean McCoy,21,PHI,RB,16,4,155,637,4,29,42.6,66,4.1,39.8,9.7,2,,McCoLe01
33,Ronnie Brown,28,MIA,RB,9,9,147,648,8,32,50.3,45,4.4,72.0,16.3,1,,BrowRo05
34,Pierre Thomas,25,NOR,RB,14,6,147,793,6,37,54.4,34,5.4,56.6,10.5,2,,ThomPi00
35,Tim Hightower,23,ARI,RB,16,16,143,598,8,33,39.9,50,4.2,37.4,8.9,5,,HighTi00
36,Jamal Lewis,30,CLE,RB,9,8,143,500,0,18,37.8,18,3.5,55.6,15.9,0,,LewiJa00
37,Jason Snelling,26,ATL,RB,14,2,142,613,4,39,46.5,31,4.3,43.8,10.1,2,,SnelJa00
38,Steve Slaton,23,HOU,RB,11,10,131,437,3,27,33.6,32,3.3,39.7,11.9,7,,SlatSt00
39,Justin Fargas,29,OAK,FB,12,4,129,491,3,25,38.0,35,3.8,40.9,10.8,1,,FargJu00
40,Clinton Portis,28,WAS,RB,8,8,124,494,1,20,41.1,78,4.0,61.8,15.5,1,,PortCl00
41,Michael Bush,25,OAK,RB,16,7,123,589,3,22,45.5,60,4.8,36.8,7.7,2,,BushMi00
42,Correll Buckhalter,31,DEN,RB,14,7,120,642,1,30,54.2,45,5.4,45.9,8.6,3,,BuckCo00
43,Marshawn Lynch,23,BUF,RB,13,6,120,450,2,18,37.5,47,3.8,34.6,9.2,3,,LyncMa00
44,Felix Jones,22,DAL,RB,14,1,116,685,3,24,45.7,56,5.9,48.9,8.3,3,,JoneFe00
45,Justin Forsett,24,SEA,RB,16,2,114,619,4,29,44.7,35,5.4,38.7,7.1,4,,ForsJu00
46,Derrick Ward,29,TAM,RB,14,1,114,409,1,13,33.3,28,3.6,29.2,8.1,0,,WardDe01
47,Willis McGahee,28,BAL,RB,16,1,109,544,12,29,52.3,77,5.0,34.0,6.8,1,,McGaWi00
48,Shonn Greene,24,NYJ,RB,14,0,108,540,2,24,45.4,33,5.0,38.6,7.7,3,,GreeSh00
49,Darren McFadden,22,OAK,RB,12,7,104,357,1,13,36.5,28,3.4,29.8,8.7,5,,McFaDa00
50,Ryan Moats,27,HOU,RB,14,2,101,390,4,25,54.5,17,3.9,27.9,7.2,3,,MoatRy00
51,Willie Parker,29,PIT,RB,14,3,98,389,0,19,44.9,34,4.0,27.8,7.0,2,,ParkWi00
52,Chester Taylor,30,MIN,RB,16,0,94,338,1,12,29.8,25,3.6,21.1,5.9,2,,TaylCh01
53,Maurice Morris,30,DET,RB,14,3,93,384,2,14,41.9,64,4.1,27.4,6.6,1,,MorrMa00
54,Darren Sproles,26,SDG,RB,16,2,93,343,3,15,39.8,21,3.7,21.4,5.8,3,,SproDa00
55,Glen Coffee,22,SFO,RB,14,2,83,226,1,8,27.7,17,2.7,16.1,5.9,0,,CoffGl00
56,Chris Brown,28,HOU,RB,14,4,79,267,3,15,41.8,13,3.4,19.1,5.6,1,,BrowCh03
57,Donald Brown,22,IND,RB,11,1,78,281,3,15,43.6,45,3.6,25.5,7.1,1,,BrowDo00
58,David Garrard,31,JAX,QB,16,16,77,323,3,32,53.2,30,4.2,20.2,4.8,14,PB,GarrDa00
59,Jerious Norwood,26,ATL,RB,10,4,76,252,0,11,39.5,21,3.3,25.2,7.6,1,,NorwJe00
60,Bernard Scott,25,CIN,RB,13,2,74,321,0,15,41.9,61,4.3,24.7,5.7,1,,ScotBe00
61,Sammy Morris,32,NWE,RB,12,5,73,319,2,19,47.9,55,4.4,26.6,6.1,2,,MorrSa00
62,Leon Washington,27,NYJ,RB,7,0,72,331,0,9,33.3,33,4.6,47.3,10.3,1,,WashLe00
63,Reggie Bush,24,NOR,RB,14,8,70,390,5,19,42.9,55,5.6,27.9,5.0,4,,BushRe00
64,Leonard Weaver,27,PHI,FB,16,8,70,323,2,16,48.6,41,4.6,20.2,4.4,0,PBAP-1,WeavLe00
65,Rock Cartwright,30,WAS,FB,16,2,64,228,0,12,39.1,34,3.6,14.3,4.0,0,,CartRo01
66,Tashard Choice,25,DAL,RB,16,0,64,349,3,19,53.1,66,5.5,21.8,4.0,0,,ChoiTa00
67,LenDale White,25,TEN,RB,13,0,64,222,2,11,43.8,11,3.5,17.1,4.9,1,,WhitLe01
68,Chris Jennings,24,CLE,RB,9,1,63,220,1,10,39.7,16,3.5,24.4,7.0,0,,JennCh00
69,Fred Taylor,33,NWE,RB,6,1,63,269,4,13,54.0,19,4.3,44.8,10.5,1,,TaylFr00
70,Kevin Faulk,33,NWE,RB,15,7,62,335,2,18,54.8,29,5.4,22.3,4.1,1,,FaulKe00
71,Quinton Ganther,25,WAS,RB,8,4,62,201,3,12,48.4,13,3.2,25.1,7.8,0,,GantQu00
72,Brian Westbrook,30,PHI,RB,8,7,61,274,1,12,47.5,25,4.5,34.3,7.6,0,,WestBr00
73,Aaron Rodgers,26,GNB,QB,16,16,58,316,5,24,51.7,35,5.4,19.8,3.6,10,PB,RodgAa00
74,Ladell Betts,30,WAS,RB,10,2,56,210,2,7,39.3,18,3.8,21.0,5.6,0,,BettLa00
75,Josh Cribbs,26,CLE,WR,16,12,55,381,1,22,52.7,37,6.9,23.8,3.4,6,PBAP-1,CribJo01
76,Vince Young,26,TEN,QB,12,10,55,281,2,21,45.5,44,5.1,23.4,4.6,8,PBAP CPoY-3,YounVi00
77,Arian Foster,23,HOU,RB,6,1,54,257,3,15,53.7,24,4.8,42.8,9.0,1,,FostAr00
78,Matt Cassel,27,KAN,QB,15,15,50,189,0,6,38.0,13,3.8,12.6,3.3,14,,CassMa00
79,Matt Schaub,28,HOU,QB,16,16,48,57,0,8,25.0,19,1.2,3.6,3.0,3,PB,SchaMa00
80,Jason Campbell,28,WAS,QB,16,16,46,236,1,17,43.5,21,5.1,14.8,2.9,13,,CampJa00
81,Edgerrin James,31,SEA,RB,7,0,46,125,0,8,41.3,10,2.7,17.9,6.6,1,,JameEd00
82,Le'Ron McClain,25,BAL,FB,16,14,46,180,2,22,63.0,20,3.9,11.3,2.9,0,PBAP-2,McClLe00
83,Ahman Green,32,GNB,RB,8,0,41,160,1,8,39.0,26,3.9,20.0,5.1,0,,GreeAh00
84,Kahlil Bell,23,CHI,RB,7,0,40,220,0,9,52.5,72,5.5,31.4,5.7,0,,BellKa00
85,Jay Cutler,26,CHI,QB,16,16,40,173,1,14,40.0,30,4.3,10.8,2.5,9,,CutlJa00
86,Ben Roethlisberger,27,PIT,QB,15,15,40,82,2,16,40.0,15,2.1,5.5,2.7,7,,RoetBe00
87,Rashad Jennings,24,JAX,RB,15,0,39,202,1,8,43.6,28,5.2,13.5,2.6,0,,JennRa00
88,Carson Palmer,30,CIN,QB,16,16,39,93,3,13,41.0,15,2.4,5.8,2.4,6,,PalmCa00
89,Brandon Jackson,24,GNB,RB,12,0,37,111,2,5,32.4,9,3.0,9.3,3.1,1,,JackBr00
90,Donovan McNabb,33,PHI,QB,14,14,37,140,2,11,32.4,27,3.8,10.0,2.6,10,PB,McNaDo00
91,Lousaka Polite,28,MIA,FB,16,9,37,123,0,20,70.3,13,3.3,7.7,2.3,1,,PoliLo00
92,Mark Sanchez,23,NYJ,QB,15,15,36,106,3,15,58.3,14,2.9,7.1,2.4,10,,SancMa00
93,Joe Flacco,24,BAL,QB,16,16,35,56,0,9,31.4,10,1.6,3.5,2.2,8,,FlacJo00
94,Lynell Hamilton,24,NOR,RB,9,1,35,125,2,12,54.3,19,3.6,13.9,3.9,0,,HamiLy20
95,Mewelde Moore,27,PIT,RB,16,0,35,118,0,7,37.1,15,3.4,7.4,2.2,0,,MoorMe00
96,Tony Romo,29,DAL,QB,16,16,35,105,1,5,25.7,17,3.0,6.6,2.2,6,PB,RomoTo00
97,Marcus Mason,25,WAS,RB,10,0,32,127,0,4,40.6,20,4.0,12.7,3.2,0,,MasoMa00
98,Ryan Fitzpatrick,27,BUF,QB,10,8,31,141,1,12,54.8,31,4.5,14.1,3.1,3,,FitzRy00
99,Josh Freeman,21,TAM,QB,10,9,30,161,0,11,56.7,20,5.4,16.1,3.0,10,,FreeJo00
100,Matt Ryan,24,ATL,QB,14,14,30,49,1,9,43.3,7,1.6,3.5,2.1,5,,RyanMa00
101,Tom Brady,32,NWE,QB,16,16,29,44,1,9,37.9,9,1.5,2.8,1.8,4,PBAP CPoY-1,BradTo00
102,Aaron Brown,24,DET,RB,15,2,27,131,0,7,48.1,19,4.9,8.7,1.8,0,,BrowAa00
103,Kenneth Darby,27,STL,RB,16,1,27,152,0,5,40.7,51,5.6,9.5,1.7,0,,DarbKe00
104,Brian Leonard,25,CIN,RB,14,1,27,84,0,7,37.0,11,3.1,6.0,1.9,1,,LeonBr00
105,BenJarvus Green-Ellis,24,NWE,RB,12,0,26,114,0,6,57.7,29,4.4,9.5,2.2,0,,GreeBe00
106,Mike Hart,23,IND,RB,9,0,26,70,1,4,50.0,15,2.7,7.8,2.9,0,,HartMi00
107,Matt Hasselbeck,34,SEA,QB,14,14,26,119,0,5,38.5,23,4.6,8.5,1.9,11,,HassMa00
108,Philip Rivers,28,SDG,QB,16,16,26,50,1,5,23.1,15,1.9,3.1,1.6,6,PBAP MVP-3AP OPoY-4,RivePh00
109,LaMont Jordan,31,DEN,RB,9,0,25,86,0,4,40.0,13,3.4,9.6,2.8,0,,JordLa00
110,Mike Tolbert,24,SDG,RB,16,3,25,148,1,10,64.0,32,5.9,9.3,1.6,1,,TolbMi00
111,Kyle Orton,27,DEN,QB,16,15,24,71,0,7,29.2,13,3.0,4.4,1.5,4,,OrtoKy00
112,Alex Smith,25,SFO,QB,11,10,24,51,0,6,25.0,11,2.1,4.6,2.2,3,,SmitAl03
113,Michael Vick,29,PHI,QB,12,1,24,95,2,7,45.8,34,4.0,7.9,2.0,0,,VickMi00
114,Michael Bennett,31,SDG,RB,6,0,23,65,0,3,30.4,14,2.8,10.8,3.8,0,,BennMi00
115,Lex Hilliard,25,MIA,RB,16,0,23,89,1,5,34.8,18,3.9,5.6,1.4,0,,HillLe00
116,Drew Brees,30,NOR,QB,15,15,22,33,2,8,40.9,10,1.5,2.2,1.5,10,PBAP-2AP MVP-2AP OPoY-2,BreeDr00
117,Mike Goodson,22,CAR,RB,8,0,22,49,0,1,27.3,11,2.2,6.1,2.8,1,,GoodMi00
118,Josh Johnson,23,TAM,QB,6,4,22,148,0,7,54.5,29,6.7,24.7,3.7,7,,JohnJo05
119,Garrett Wolfe,25,CHI,RB,8,0,22,120,1,6,54.5,36,5.5,15.0,2.8,0,,WolfGa00
120,Jacob Hester,24,SDG,FB,15,10,21,74,0,6,38.1,15,3.5,4.9,1.4,1,,HestJa00
121,Kurt Warner,38,ARI,QB,15,15,21,10,0,1,9.5,10,0.5,0.7,1.4,11,,WarnKu00
122,Pat White,23,MIA,WR,13,0,21,81,0,4,28.6,33,3.9,6.2,1.6,1,,WhitPa01
123,Brad Hoover,33,CAR,FB,11,4,20,52,1,6,35.0,18,2.6,4.7,1.8,1,,HoovBr00
124,Brady Quinn,25,CLE,QB,10,9,20,98,1,10,65.0,24,4.9,9.8,2.0,4,,QuinBr00
125,Matthew Stafford,21,DET,QB,10,10,20,108,2,7,40.0,21,5.4,10.8,2.0,4,,StafMa00
126,Peyton Manning,33,IND,QB,16,16,19,-13,0,0,0.0,3,-0.7,-0.8,1.2,2,PBAP-1AP MVP-1AP OPoY-3,MannPe00
127,Daunte Culpepper,32,DET,QB,8,5,18,91,0,5,38.9,32,5.1,11.4,2.3,4,,CulpDa00
128,Bruce Gradkowski,26,OAK,QB,7,4,18,108,0,7,55.6,21,6.0,15.4,2.6,5,,GradBr00
129,JaMarcus Russell,24,OAK,QB,12,9,18,44,0,9,55.6,15,2.4,3.7,1.5,9,,RussJa00
130,Brad Smith,26,NYJ,WR,13,2,18,207,1,10,61.1,57,11.5,15.9,1.4,0,,SmitBr01
131,Jake Delhomme,34,CAR,QB,11,11,17,60,0,6,47.1,11,3.5,5.5,1.5,6,,DelhJa00
132,Tarvaris Jackson,26,MIN,QB,8,0,17,-10,0,0,0.0,6,-0.6,-1.3,2.1,0,,JackTa00
133,Eli Manning,28,NYG,QB,16,16,17,65,0,5,41.2,14,3.8,4.1,1.1,13,,MannEl00
134,Chad Henne,24,MIA,QB,14,13,16,32,1,3,25.0,12,2.0,2.3,1.1,4,,HennCh01
135,Seneca Wallace,29,SEA,QB,13,2,16,2,1,3,18.8,10,0.1,0.2,1.2,5,,WallSe00
136,Eldra Buckley,24,PHI,RB,16,0,15,44,1,4,53.3,9,2.9,2.8,0.9,0,,BuckEl00
137,Jerome Felton,23,DET,FB,13,8,15,46,0,7,66.7,10,3.1,3.5,1.2,0,,FeltJe00
138,Percy Harvin,21,MIN,WR,15,8,15,135,0,8,66.7,35,9.0,9.0,1.0,1,PBAP ORoY-1,HarvPe00
139,Chad Simpson,24,IND,RB,14,0,15,102,2,5,46.7,31,6.8,7.3,1.1,0,,SimpCh00
140,Kolby Smith,25,KAN,RB,4,0,15,33,0,1,13.3,12,2.2,8.3,3.8,0,,SmitKo00
141,Danny Woodhead,24,NYJ,RB,10,0,15,64,0,2,40.0,16,4.3,6.4,1.5,0,,WoodDa02
142,Tim Castille,25,KAN,RB,7,0,14,55,0,3,35.7,16,3.9,7.9,2.0,1,,CastTi20
143,Trent Edwards,26,BUF,QB,8,7,14,106,0,7,42.9,20,7.6,13.3,1.8,1,,EdwaTr01
144,Samkon Gado,27,STL,RB,15,0,14,26,0,4,35.7,11,1.9,1.7,0.9,0,,GadoSa00
145,Earnest Graham,29,TAM,RB,13,6,14,66,0,5,50.0,17,4.7,5.1,1.1,0,,GrahEa00
146,Moran Norris,31,SFO,RB,16,7,14,41,1,5,57.1,15,2.9,2.6,0.9,1,,NorrMo00
147,Kyle Boller,28,STL,QB,7,4,13,76,0,5,53.8,16,5.8,10.9,1.9,2,,BollKy00
148,Peyton Hillis,23,DEN,RB,14,2,13,54,1,4,53.8,13,4.2,3.9,0.9,1,,HillPe00
149,Gartrell Johnson,23,NYG,RB,10,0,13,43,0,3,23.1,11,3.3,4.3,1.3,0,,JohnGa01
150,Danny Ware,24,NYG,RB,8,0,13,73,1,5,46.2,14,5.6,9.1,1.6,1,,WareDa00
151,Kellen Clemens,26,NYJ,QB,10,1,12,1,0,1,16.7,6,0.1,0.1,1.2,2,,ClemKe00
152,Matt Moore,25,CAR,QB,7,5,12,-3,0,1,8.3,5,-0.3,-0.4,1.7,2,,MoorMa01
153,Tyrell Sutton,23,CAR,RB,7,1,12,68,0,3,50.0,20,5.7,9.7,1.7,0,,SuttTy00
154,Mike Thomas,22,JAX,WR,14,4,12,86,0,5,58.3,22,7.2,6.1,0.9,1,,ThomMi01
155,Albert Young,24,MIN,RB,7,0,12,53,0,3,50.0,10,4.4,7.6,1.7,0,,YounAl01
156,Kerry Collins,37,TEN,QB,7,6,11,15,1,2,18.2,10,1.4,2.1,1.6,3,,CollKe00
157,DeSean Jackson,23,PHI,WR,15,15,11,137,1,5,81.8,67,12.5,9.1,0.7,3,PBAP-2,JackDe00
158,Chris Ogbonnaya,23,STL,RB,2,0,11,50,0,2,45.5,18,4.5,25.0,5.5,0,,OgboCh00
159,Derek Anderson,26,CLE,QB,8,7,10,8,2,6,60.0,3,0.8,1.0,1.3,5,,AndeDe00
160,Brian Hoyer,24,NWE,QB,5,0,10,25,1,3,30.0,20,2.5,5.0,2.0,0,,HoyeBr00
161,Dantrell Savage,24,KAN,RB,5,0,10,45,0,1,20.0,11,4.5,9.0,2.0,1,,SavaDa20
162,David Carr,30,NYG,QB,6,0,9,27,1,2,44.4,12,3.0,4.5,1.5,1,,CarrDa00
163,James Davis,23,CLE,RB,2,0,9,15,0,0,0.0,5,1.7,7.5,4.5,0,,DaviJa03
164,Brett Favre,40,MIN,QB,16,16,9,7,0,1,11.1,4,0.8,0.4,0.6,2,PBAP MVP-4AP CPoY-4,FavrBr00
165,Matt Leinart,26,ARI,QB,8,1,9,-6,0,0,0.0,1,-0.7,-0.8,1.1,1,,LeinMa00
166,Drew Stanton,25,DET,QB,3,1,9,33,1,2,33.3,11,3.7,11.0,3.0,1,,StanDr00
167,Billy Volek,33,SDG,QB,4,0,9,-9,0,0,0.0,-1,-1.0,-2.3,2.3,0,,VoleBi00
168,Marc Bulger,32,STL,QB,9,8,8,22,0,1,12.5,7,2.8,2.4,0.9,6,,BulgMa00
169,Shaun Hill,29,SFO,QB,6,6,8,70,0,4,50.0,22,8.8,11.7,1.3,3,,HillSh00
170,John Kuhn,27,GNB,FB,14,6,8,18,1,2,37.5,5,2.3,1.3,0.6,0,,KuhnJo00
171,Louis Rankin,24,2TM,RB,9,0,8,36,0,3,37.5,12,4.5,4.0,0.9,1,,RankLo00
171,Louis Rankin,24,SEA,RB,7,0,8,36,0,3,37.5,12,4.5,5.1,1.1,1,,RankLo00
172,Javon Ringer,22,TEN,RB,7,0,8,48,0,3,50.0,32,6.0,6.9,1.1,0,,RingJa00
173,Troy Smith,25,BAL,QB,4,0,8,31,1,2,37.5,15,3.9,7.8,2.0,0,,SmitTr02
174,Eric Weems,24,ATL,WR,16,0,8,53,0,2,50.0,31,6.6,3.3,0.5,3,,WeemEr00
175,Jackie Battle,26,KAN,RB,5,0,7,21,0,3,42.9,12,3.0,4.2,1.4,0,,BattJa00
176,Ted Ginn Jr.,24,MIA,WR,16,12,7,48,0,2,57.1,22,6.9,3.0,0.4,2,,GinnTe00
177,Calvin Johnson,24,DET,WR,14,14,7,73,0,5,100.0,19,10.4,5.2,0.5,3,,JohnCa00
178,Brandon Marshall,25,DEN,WR,15,13,7,39,0,1,57.1,14,5.6,2.6,0.5,0,PB,MarsBr00
179,Adrian Peterson,30,CHI,RB,14,0,7,51,0,2,42.9,15,7.3,3.6,0.5,0,,PeteAd00
180,Tony Richardson,38,NYJ,FB,16,10,7,48,0,3,57.1,19,6.9,3.0,0.4,0,,RichTo00
181,Patrick Cobbs,26,MIA,RB,5,0,6,36,0,2,66.7,19,6.0,7.2,1.2,0,,CobbPa00
182,Devin Hester,27,CHI,WR,13,12,6,-1,0,0,50.0,7,-0.2,-0.1,0.5,3,,HestDe99
183,Byron Leftwich,29,TAM,QB,3,3,6,6,0,1,16.7,4,1.0,2.0,2.0,2,,LeftBy00
184,Robert Meachem,25,NOR,WR,16,7,6,82,0,4,100.0,41,13.7,5.1,0.4,2,,MeacRo00
185,Louis Murphy,22,OAK,WR,16,9,6,31,0,2,66.7,13,5.2,1.9,0.4,0,,MurpLo00
186,Terrell Owens,36,BUF,WR,16,16,6,54,1,2,66.7,29,9.0,3.4,0.4,1,,OwenTe00
187,Chris Redman,32,ATL,QB,6,2,6,4,0,2,33.3,5,0.7,0.7,1.0,1,,RedmCh00
188,LaRod Stephens-Howling,22,ARI,RB,16,2,6,15,0,0,16.7,5,2.5,0.9,0.4,1,,StepLa00
189,Javarris Williams,23,KAN,RB,4,0,6,6,0,0,0.0,5,1.0,1.5,1.5,0,,WillJa05
190,DeShawn Wynn,26,GNB,RB,4,0,6,19,0,0,16.7,6,3.2,4.8,1.5,0,,WynnDe00
191,Heath Evans,31,NOR,FB,6,5,5,16,1,1,40.0,6,3.2,2.7,0.8,0,,EvanHe00
192,Matt Flynn,24,GNB,QB,15,0,5,-5,0,0,0.0,-1,-1.0,-0.3,0.3,0,,FlynMa00
193,Kevin Kolb,25,PHI,QB,5,2,5,-1,1,1,20.0,5,-0.2,-0.2,1.0,2,,KolbKe00
194,Corey McIntyre,30,BUF,FB,15,4,5,34,0,1,40.0,25,6.8,2.3,0.3,0,,McInCo00
195,Josh Morgan,24,SFO,WR,16,15,5,61,0,3,100.0,20,12.2,3.8,0.3,0,,MorgJo00
196,Keith Null,24,STL,QB,4,4,5,6,0,0,0.0,3,1.2,1.5,1.3,3,,NullKe00
197,Xavier Omon,24,BUF,RB,5,0,5,22,0,0,0.0,7,4.4,4.4,1.0,0,,OmonXa00
198,Jalen Parmele,24,BAL,RB,7,0,5,17,0,0,0.0,7,3.4,2.4,0.7,0,,ParmJa00
199,Steve Smith Sr.,30,CAR,WR,15,15,5,22,0,2,60.0,17,4.4,1.5,0.3,1,,SmitSt01
200,Aaron Stecker,34,ATL,RB,9,0,5,15,0,0,20.0,6,3.0,1.7,0.6,0,,StecAa00
201,Mike Wallace,23,PIT,WR,16,4,5,48,0,3,60.0,21,9.6,3.0,0.3,1,AP ORoY-3,WallMi00
202,Wes Welker,28,NWE,WR,14,13,5,36,0,3,80.0,11,7.2,2.6,0.4,2,PBAP-1,WelkWe00
203,Donnie Avery,25,STL,WR,16,16,4,30,0,1,75.0,15,7.5,1.9,0.3,2,,AverDo00
204,Mark Brunell,39,NOR,QB,16,1,4,-12,0,0,0.0,-1,-3.0,-0.8,0.3,0,,BrunMa00
205,Mark Clayton,27,BAL,WR,14,12,4,28,0,1,50.0,12,7.0,2.0,0.3,1,,ClayMa01
206,Patrick Crayton,30,DAL,WR,16,6,4,28,0,2,50.0,20,7.0,1.8,0.3,4,,CrayPa00
207,Charlie Frye,28,OAK,QB,3,3,4,41,0,2,100.0,26,10.3,13.7,1.3,0,,FryeCh00
208,Justin Griffith,29,SEA,FB,13,11,4,6,0,2,50.0,3,1.5,0.5,0.3,1,,GrifJu00
209,Brian Hartline,23,MIA,WR,16,2,4,29,1,2,75.0,16,7.3,1.8,0.3,0,,HartBr00
210,Devery Henderson,27,NOR,WR,16,11,4,13,0,1,50.0,13,3.3,0.8,0.3,0,,HendDe00
211,Jeremi Johnson,29,CIN,FB,16,8,4,8,0,1,50.0,4,2.0,0.5,0.3,1,,JohnJe00
212,Greg Jones,28,JAX,FB,13,7,4,23,0,1,50.0,11,5.8,1.8,0.3,0,,JoneGr01
213,Matt Lawrence,24,BAL,RB,8,0,4,0,0,0,0.0,,0.0,0.0,0.5,0,,LawrMa00
214,Ovie Mughelli,29,ATL,FB,14,7,4,10,0,2,75.0,4,2.5,0.7,0.3,0,,MughOv00
215,Clifton Smith,24,TAM,RB,11,0,4,7,0,0,0.0,4,1.8,0.6,0.4,3,,SmitCl22
216,Kevin Walter,28,HOU,WR,14,14,4,26,0,2,50.0,13,6.5,1.9,0.3,0,,WaltKe00
217,Danny Amendola,24,STL,WR,14,2,3,-2,0,1,33.3,8,-0.7,-0.1,0.2,4,,AmenDa00
218,Anquan Boldin,29,ARI,WR,15,15,3,12,1,1,66.7,5,4.0,0.8,0.2,3,,BoldAn00
219,Brian Brohm,24,BUF,QB,2,1,3,-3,0,0,0.0,-1,-1.0,-1.5,1.5,0,,BrohBr00
220,Andre Caldwell,24,CIN,WR,16,3,3,22,0,2,66.7,15,7.3,1.4,0.2,4,,CaldAn00
221,David Clowney,24,NYJ,WR,13,3,3,1,0,1,33.3,13,0.3,0.1,0.2,1,,ClowDa00
222,Mike Cox,24,KAN,FB,16,10,3,5,1,2,66.7,2,1.7,0.3,0.2,0,,Cox_Mi20
223,Dennis Dixon,24,PIT,QB,1,1,3,27,1,3,100.0,24,9.0,27.0,3.0,0,,DixoDe00
224,Jeff Dugan,28,MIN,TE,16,4,3,7,0,1,33.3,5,2.3,0.4,0.2,0,,DugaJe00
225,Jeff Garcia,39,PHI,QB,1,0,3,-2,0,0,0.0,,-0.7,-2.0,3.0,1,,GarcJe00
226,Rex Grossman,29,HOU,QB,1,0,3,9,0,1,66.7,8,3.0,9.0,3.0,1,,GrosRe00
227,Santonio Holmes,25,PIT,WR,16,16,3,6,0,0,33.3,7,2.0,0.4,0.2,0,,HolmSa00
228,Vincent Jackson,26,SDG,WR,15,15,3,11,0,1,33.3,12,3.7,0.7,0.2,0,PB,JackVi00
229,Chad Johnson,31,CIN,WR,16,15,3,32,0,1,66.7,26,10.7,2.0,0.2,2,PB,JohnCh01
230,Jacoby Jones,25,HOU,WR,14,1,3,22,0,1,33.3,17,7.3,1.6,0.2,2,,JoneJa03
231,Legedu Naanee,26,SDG,WR,15,1,3,7,0,1,33.3,10,2.3,0.5,0.2,0,,NaanLe00
232,J.T. O'Sullivan,30,CIN,QB,3,0,3,12,0,2,66.7,6,4.0,4.0,1.0,2,,OSulJ.00
233,Curtis Painter,24,IND,QB,2,0,3,4,0,0,0.0,10,1.3,2.0,1.5,2,,PainCu00
234,Chad Pennington,33,MIA,QB,3,3,3,7,0,2,66.7,4,2.3,2.3,1.0,3,,PennCh01
235,Michael Robinson,26,SFO,FB,15,0,3,2,0,1,33.3,4,0.7,0.1,0.2,0,,RobiMi00
236,Gary Russell,23,OAK,RB,12,4,3,0,0,1,33.3,,0.0,0.0,0.3,1,,RussGa00
237,Chris Simms,29,DEN,QB,3,1,3,-4,0,0,0.0,-1,-1.3,-1.3,1.0,1,,SimmCh00
238,Naufahu Tahi,28,MIN,RB,15,2,3,5,0,1,100.0,2,1.7,0.3,0.2,0,,TahiNa00
239,Devin Thomas,23,WAS,WR,14,10,3,-2,0,0,0.0,2,-0.7,-0.1,0.2,0,,ThomDe02
240,Bobby Wade,28,KAN,WR,12,6,3,11,0,0,66.7,8,3.7,0.9,0.3,3,,WadeBo00
241,Delanie Walker,25,SFO,FB,16,8,3,34,0,1,100.0,16,11.3,2.1,0.2,2,,WalkHu00
242,Jason Wright,27,ARI,RB,16,0,3,17,0,1,100.0,8,5.7,1.1,0.2,0,,WrigJa01
243,Miles Austin,25,DAL,WR,16,9,2,-2,0,1,50.0,11,-1.0,-0.1,0.1,1,PB,AustMi00
244,Davone Bess,24,MIA,WR,16,2,2,11,0,1,50.0,11,5.5,0.7,0.1,6,,BessDa00
245,Mark Bradley,27,KAN,WR,13,6,2,20,0,1,50.0,22,10.0,1.5,0.2,0,,BradMa00
246,Steve Breaston,26,ARI,WR,15,6,2,44,0,2,100.0,25,22.0,2.9,0.1,2,,BreaSt00
247,Nate Burleson,28,SEA,WR,13,12,2,4,0,0,0.0,2,2.0,0.3,0.2,3,,BurlNa00
248,Dallas Clark,30,IND,TE,16,16,2,11,0,1,100.0,7,5.5,0.7,0.1,1,PBAP-1,ClarDa00
249,Laveranues Coles,32,CIN,WR,16,13,2,10,0,1,50.0,8,5.0,0.6,0.1,0,,ColeLa00
250,Austin Collie,24,IND,WR,16,5,2,1,0,0,0.0,2,0.5,0.1,0.1,0,,CollAu00
251,Jerricho Cotchery,27,NYJ,WR,14,12,2,7,1,1,50.0,6,3.5,0.5,0.1,1,,CotcJe00
252,Carey Davis,28,PIT,RB,6,0,2,15,0,1,50.0,14,7.5,2.5,0.3,0,,DaviCa00
253,Kyle Eckel,28,NOR,RB,7,2,2,6,0,1,50.0,7,3.0,0.9,0.3,0,,EckeKy00
254,Julian Edelman,23,NWE,WR,11,7,2,5,0,0,50.0,5,2.5,0.5,0.2,1,,EdelJu00
255,Pierre Garcon,23,IND,WR,14,13,2,10,0,2,50.0,17,5.0,0.7,0.1,1,,GarcPi00
256,Darrius Heyward-Bey,22,OAK,WR,11,11,2,19,0,1,50.0,20,9.5,1.7,0.2,0,,HeywDa00
257,Johnnie Lee Higgins,26,OAK,WR,15,5,2,21,0,1,50.0,19,10.5,1.4,0.1,4,,HiggJo00
258,Andre Johnson,28,HOU,WR,16,16,2,10,0,1,100.0,7,5.0,0.6,0.1,1,PBAP-1,JohnAn02
259,Mike Karney,28,STL,FB,14,8,2,8,0,0,0.0,8,4.0,0.6,0.1,0,,KarnMi00
260,Quinten Lawrence,25,KAN,WR,6,1,2,42,0,2,100.0,26,21.0,7.0,0.3,0,,LawrQu00
261,Jeremy Maclin,21,PHI,WR,15,13,2,-7,0,0,0.0,-1,-3.5,-0.5,0.1,0,AP ORoY-3,MaclJe00
262,Santana Moss,30,WAS,WR,16,16,2,8,0,0,50.0,6,4.0,0.5,0.1,2,,MossSa00
263,Hakeem Nicks,21,NYG,WR,14,6,2,8,0,0,50.0,9,4.0,0.6,0.1,2,,NickHa01
264,Montell Owens,25,JAX,RB,16,0,2,1,0,1,50.0,3,0.5,0.1,0.1,0,,OwenMo01
265,Roscoe Parrish,27,BUF,WR,12,0,2,4,0,0,0.0,9,2.0,0.3,0.2,5,,ParrRo00
266,Chansi Stuckey,26,2TM,WR,15,3,2,6,0,0,0.0,6,3.0,0.4,0.1,0,,StucCh20
266,Chansi Stuckey,26,CLE,WR,11,0,2,6,0,0,0.0,6,3.0,0.5,0.2,0,,StucCh20
267,Nate Washington,26,TEN,WR,16,15,2,15,0,1,50.0,14,7.5,0.9,0.1,1,,WashNa00
268,Steve Weatherford,27,NYJ,P,16,0,2,42,0,2,100.0,26,21.0,2.6,0.1,0,,WeatSt20
269,Tyler Thigpen,25,2TM,QB,2,0,2,3,0,0,0.0,2,1.5,1.5,1.0,0,,ThigTy00
269,Tyler Thigpen,25,KAN,QB,1,0,1,2,0,0,0.0,2,2.0,2.0,1.0,0,,ThigTy00
269,Tyler Thigpen,25,MIA,QB,1,0,1,1,0,0,0.0,1,1.0,1.0,1.0,0,,ThigTy00
270,B.J. Askew,29,TAM,FB,5,2,1,0,0,0,0.0,,0.0,0.0,0.2,0,,AskeB.00
271,Marty Booker,33,ATL,WR,16,1,1,7,0,0,100.0,7,7.0,0.4,0.1,0,,BookMa00
272,Kevin Boss,25,NYG,TE,15,15,1,16,0,1,100.0,16,16.0,1.1,0.1,0,,BossKe00
273,Deion Branch,30,SEA,WR,14,5,1,-8,0,0,0.0,-8,-8.0,-0.6,0.1,0,,BranDe00
274,Reggie Brown,28,PHI,WR,14,2,1,-3,0,0,0.0,-3,-3.0,-0.2,0.1,0,,BrowRe01
275,Isaac Bruce,37,SFO,WR,10,7,1,-8,0,0,0.0,-8,-8.0,-0.8,0.1,0,,BrucIs00
276,Todd Collins,38,WAS,QB,3,0,1,0,0,0,0.0,,0.0,0.0,0.3,2,,CollTo00
277,Dustin Colquitt,27,KAN,P,16,0,1,0,0,0,0.0,,0.0,0.0,0.1,0,,ColqDu20
278,Marques Colston,26,NOR,WR,16,14,1,6,0,0,100.0,6,6.0,0.4,0.1,2,,ColsMa00
279,Quan Cosby,27,CIN,WR,16,0,1,-2,0,1,0.0,-2,-2.0,-0.1,0.1,2,,CosbQu00
280,Chris Crocker,29,CIN,FS,13,13,1,21,0,1,100.0,21,21.0,1.6,0.1,0,,CrocCh20
281,Craig Davis,24,SDG,WR,1,0,1,4,0,0,100.0,4,4.0,4.0,1.0,0,,DaviCr00
282,Donald Driver,34,GNB,WR,16,16,1,13,0,1,100.0,13,13.0,0.8,0.1,2,,DrivDo00
283,Jeff Feagles,43,NYG,P,16,0,1,-8,0,0,0.0,-8,-8.0,-0.5,0.1,1,,FeagJe20
284,Yamon Figurs,26,2TM,WR,6,0,1,-2,0,0,0.0,-2,-2.0,-0.3,0.2,0,,FiguYa00
284,Yamon Figurs,26,DET,WR,3,0,1,-2,0,0,0.0,-2,-2.0,-0.7,0.3,0,,FiguYa00
285,Ahmard Hall,30,TEN,FB,16,7,1,5,0,0,100.0,5,5.0,0.3,0.1,2,,HallAh00
286,Todd Heap,29,BAL,TE,16,16,1,2,0,0,0.0,2,2.0,0.1,0.1,1,,HeapTo00
287,Reggie Hodges,27,2TM,P,12,0,1,0,0,0,0.0,,0.0,0.0,0.1,0,,HodgRe20
287,Reggie Hodges,27,CLE,P,8,0,1,0,0,0,0.0,,0.0,0.0,0.1,0,,HodgRe20
288,Kevin Huber,24,CIN,P,16,0,1,0,0,0,0.0,,0.0,0.0,0.1,1,,HubeKe20
289,Justin Jenkins,29,BUF,WR,12,0,1,-3,0,0,0.0,-3,-3.0,-0.3,0.1,0,,JenkJu00
290,Dustin Keller,25,NYJ,TE,16,12,1,7,0,0,100.0,7,7.0,0.4,0.1,1,,KellDu00
291,Lance Long,24,2TM,WR,8,1,1,-1,0,0,0.0,-1,-1.0,-0.1,0.1,1,,LongLa00
291,Lance Long,24,KAN,WR,7,1,1,-1,0,0,0.0,-1,-1.0,-0.1,0.1,1,,LongLa00
292,Derrick Mason,35,BAL,WR,16,16,1,2,0,0,0.0,2,2.0,0.1,0.1,0,,MasoDe00
293,Mohamed Massaquoi,23,CLE,WR,16,11,1,-3,0,0,0.0,-3,-3.0,-0.2,0.1,1,,MassMo00
294,Jon McGraw,30,KAN,FS,14,9,1,4,0,1,100.0,4,4.0,0.3,0.1,0,,McGrJo21
295,Zach Miller,25,JAX,TE,14,0,1,3,0,1,100.0,3,3.0,0.2,0.1,0,,MillZa02
296,Oren O'Neal,26,OAK,FB,4,0,1,0,0,0,0.0,,0.0,0.0,0.3,0,,ONeaOr00
297,Kevin Ogletree,22,DAL,WR,11,0,1,6,0,0,100.0,6,6.0,0.5,0.1,2,,OgleKe00
298,Kalvin Pearson,31,DET,DB,12,0,1,1,0,0,0.0,1,1.0,0.1,0.1,1,,PearKa20
299,Chris Pressley,23,TAM,RB,7,3,1,0,0,0,0.0,,0.0,0.0,0.1,0,,PresCh00
300,Antrel Rolle,27,ARI,FS,15,15,1,9,0,0,0.0,9,9.0,0.6,0.1,1,PB,RollAn20
301,Eddie Royal,23,DEN,WR,14,12,1,1,0,0,0.0,1,1.0,0.1,0.1,1,,RoyaEd00
302,Jon Ryan,28,SEA,P,16,0,1,0,0,0,0.0,,0.0,0.0,0.1,0,,RyanJo21
303,Kory Sheets,24,MIA,RB,2,0,1,5,0,1,100.0,5,5.0,2.5,0.5,0,,SheeKo00
304,Matthew Slater,24,NWE,WR,14,0,1,6,0,0,0.0,6,6.0,0.4,0.1,0,,SlatMa00
305,Hunter Smith,32,WAS,P,13,0,1,8,1,1,100.0,8,8.0,0.6,0.1,0,,SmitHu21
306,Micheal Spurlock,26,2TM,WR,6,0,1,3,0,0,0.0,3,3.0,0.5,0.2,1,,SpurMi00
306,Micheal Spurlock,26,SFO,WR,4,0,1,3,0,0,0.0,3,3.0,0.8,0.3,1,,SpurMi00
307,Brian St. Pierre,30,ARI,QB,1,0,1,2,0,0,0.0,2,2.0,2.0,1.0,1,,St.PBr20
308,Brandon Tate,22,NWE,WR,2,1,1,11,0,1,100.0,11,11.0,5.5,0.5,0,,TateBr00
309,Kelley Washington,30,BAL,WR,15,2,1,1,0,0,0.0,1,1.0,0.1,0.1,0,,WashKe00
310,Roddy White,28,ATL,WR,16,16,1,2,0,0,0.0,2,2.0,0.1,0.1,1,PB,WhitRo00
311,Derrick Williams,23,DET,WR,11,0,1,4,0,0,0.0,4,4.0,0.4,0.1,2,,WillDe05
312,Kellen Winslow,26,TAM,TE,16,14,1,7,0,0,0.0,7,7.0,0.4,0.1,0,,WinsKe01
