Rk,Player,Age,Team,Pos,G,GS,Att,Yds,TD,1D,Succ%,Lng,Y/A,Y/G,A/G,Fmb,Awards,-9999
1,Michael Turner,28,ATL,RB,16,15,334,1371,12,75,44.0,55,4.1,85.7,20.9,2,PBAP-2,TurnMi00
2,Steven Jackson,27,STL,RB,16,16,330,1241,6,60,39.7,42,3.8,77.6,20.6,1,PB,JackSt00
3,Arian Foster,24,HOU,RB,16,13,327,1616,16,90,51.4,74,4.9,101.0,20.4,3,PBAP-1AP OPoY-3,FostAr00
4,Rashard Mendenhall,23,PIT,RB,16,16,324,1273,13,61,40.4,50,3.9,79.6,20.3,2,,MendRa00
5,Cedric Benson,28,CIN,RB,16,16,321,1111,7,59,44.2,26,3.5,69.4,20.1,7,,BensCe00
6,Chris Johnson,25,TEN,RB,16,16,316,1364,11,57,37.3,76,4.3,85.3,19.8,3,PB,JohnCh04
7,Ray Rice,23,BAL,RB,16,14,307,1220,5,53,43.3,50,4.0,76.3,19.2,0,,RiceRa00
8,Maurice Jones-Drew,25,JAX,RB,14,14,299,1324,5,74,50.8,37,4.4,94.6,21.4,2,PB,DrewMa00
9,Adrian Peterson,25,MIN,RB,15,15,283,1298,12,71,45.6,80,4.6,86.5,18.9,1,PBAP-2,PeteAd01
10,Ahmad Bradshaw,24,NYG,RB,16,11,276,1235,8,53,44.2,48,4.5,77.2,17.3,7,,BradAh00
11,Peyton Hillis,24,CLE,RB,16,14,270,1177,11,58,51.5,48,4.4,73.6,16.9,8,,HillPe00
12,Thomas Jones,32,KAN,RB,16,10,245,896,6,39,41.6,70,3.7,56.0,15.3,3,,JoneTh00
13,Matt Forte,25,CHI,RB,16,16,237,1069,6,43,40.9,68,4.5,66.8,14.8,3,,FortMa00
14,Jamaal Charles,24,KAN,RB,16,6,230,1467,5,70,54.8,80,6.4,91.7,14.4,3,PBAP-1,CharJa00
15,BenJarvus Green-Ellis,25,NWE,RB,16,11,229,1008,13,65,54.1,33,4.4,63.0,14.3,0,,GreeBe00
16,Darren McFadden,23,OAK,RB,13,13,223,1157,7,46,41.7,57,5.2,89.0,17.2,4,,McFaDa00
17,Fred Jackson,29,BUF,RB,16,13,222,927,5,40,46.8,39,4.2,57.9,13.9,5,,JackFr02
18,LaDainian Tomlinson,31,NYJ,RB,15,13,219,914,6,43,43.4,31,4.2,60.9,14.6,4,,TomlLa00
19,LeSean McCoy,22,PHI,RB,15,13,207,1080,7,46,46.4,62,5.2,72.0,13.8,2,,McCoLe01
20,Frank Gore,27,SFO,RB,11,11,203,853,3,42,47.3,64,4.2,77.5,18.5,4,,GoreFr00
21,Marshawn Lynch,24,2TM,RB,16,14,202,737,6,38,44.1,39,3.6,46.1,12.6,4,,LyncMa00
21,Marshawn Lynch,24,BUF,RB,4,3,37,164,0,9,45.9,17,4.4,41.0,9.3,1,,LyncMa00
21,Marshawn Lynch,24,SEA,RB,12,11,165,573,6,29,43.6,39,3.5,47.8,13.8,3,,LyncMa00
22,LeGarrette Blount,24,TAM,RB,13,7,201,1007,6,38,43.8,53,5.0,77.5,15.5,4,AP CPoY-7,BlouLe00
23,Ronnie Brown,29,MIA,RB,16,16,200,734,5,40,41.5,51,3.7,45.9,12.5,3,,BrowRo05
24,Brandon Jackson,25,GNB,RB,16,13,190,703,3,30,42.1,71,3.7,43.9,11.9,1,,JackBr00
25,Shonn Greene,25,NYJ,RB,15,2,185,766,2,41,53.0,23,4.1,51.1,12.3,3,,GreeSh00
26,Felix Jones,23,DAL,RB,16,7,185,800,1,41,49.2,34,4.3,50.0,11.6,2,,JoneFe00
27,Knowshon Moreno,23,DEN,RB,13,13,182,779,5,35,43.4,35,4.3,59.9,14.0,3,,MoreKn00
28,Mike Tolbert,25,SDG,RB,15,4,182,735,11,43,49.5,36,4.0,49.0,12.1,5,,TolbMi00
29,Jonathan Stewart,23,CAR,RB,14,7,178,770,2,32,36.0,48,4.3,55.0,12.7,4,,StewJo00
30,Jahvid Best,21,DET,RB,16,9,171,555,4,25,35.7,45,3.2,34.7,10.7,1,,BestJa00
31,Ryan Torain,24,WAS,RB,10,8,164,742,4,35,42.1,54,4.5,74.2,16.4,2,,ToraRy00
32,Ricky Williams,33,MIA,RB,16,0,159,673,2,26,49.1,45,4.2,42.1,9.9,4,,WillRi00
33,Michael Bush,26,OAK,RB,14,3,158,655,8,32,44.3,30,4.1,46.8,11.3,0,,BushMi00
34,Ryan Mathews,23,SDG,RB,12,9,158,678,7,25,44.3,31,4.3,56.5,13.2,5,,MathRy00
35,Tim Hightower,24,ARI,RB,16,13,153,736,5,32,40.5,80,4.8,46.0,9.6,5,,HighTi00
36,Brandon Jacobs,28,NYG,RB,16,5,147,823,9,38,51.7,73,5.6,51.4,9.2,2,,JacoBr00
37,Chris Ivory,22,NOR,RB,12,4,137,716,5,44,58.4,55,5.2,59.7,11.4,4,,IvorCh00
38,Donald Brown,23,IND,RB,13,8,129,497,2,27,43.4,49,3.9,38.2,9.9,0,,BrowDo00
39,Cadillac Williams,28,TAM,RB,16,9,125,437,2,19,34.4,45,3.5,27.3,7.8,1,,WillCa02
40,Justin Forsett,25,SEA,RB,16,5,118,523,2,24,37.3,32,4.4,32.7,7.4,0,,ForsJu00
41,Joseph Addai,27,IND,RB,8,7,116,495,4,32,53.4,46,4.3,61.9,14.5,2,,AddaJo00
42,Beanie Wells,22,ARI,RB,13,2,116,397,2,18,43.1,24,3.4,30.5,8.9,1,,WellCh00
43,Marion Barber III,27,DAL,RB,13,10,113,374,4,27,45.1,25,3.3,28.8,8.7,0,,BarbMa01
44,Chester Taylor,31,CHI,RB,16,1,112,267,3,16,36.6,24,2.4,16.7,7.0,0,,TaylCh01
45,Mike Goodson,23,CAR,RB,16,3,103,452,3,20,40.8,45,4.4,28.3,6.4,6,,GoodMi00
46,Willis McGahee,29,BAL,RB,15,2,100,380,5,18,46.0,30,3.8,25.3,6.7,2,,McGaWi00
47,Michael Vick,30,PHI,QB,12,12,100,676,9,36,54.0,35,6.8,56.3,8.3,11,PBAP OPoY-2AP CPoY-1,VickMi00
48,Danny Woodhead,25,2TM,RB,15,3,97,547,5,24,53.6,36,5.6,36.5,6.5,1,,WoodDa02
48,Danny Woodhead,25,NWE,RB,14,3,97,547,5,24,53.6,36,5.6,39.1,6.9,1,,WoodDa02
49,Maurice Morris,31,DET,RB,14,7,90,336,5,17,45.6,26,3.7,24.0,6.4,1,,MorrMa00
50,Jason Snelling,27,ATL,RB,14,0,87,324,2,20,42.5,30,3.7,23.1,6.2,2,,SnelJa00
51,DeAngelo Williams,27,CAR,RB,6,6,87,361,1,12,31.0,39,4.1,60.2,14.5,1,,WillDe02
52,Rashad Jennings,25,JAX,RB,13,3,84,459,4,24,53.6,74,5.5,35.3,6.5,0,,JennRa00
53,John Kuhn,28,GNB,FB,16,2,84,281,4,26,58.3,18,3.3,17.6,5.3,1,,KuhnJo00
54,Pierre Thomas,26,NOR,RB,6,3,83,269,2,19,49.4,16,3.2,44.8,13.8,0,,ThomPi00
55,Toby Gerhart,23,MIN,RB,15,1,81,322,1,14,42.0,21,4.0,21.5,5.4,3,,GerhTo00
56,Brian Westbrook,31,SFO,RB,14,5,77,340,4,16,44.2,30,4.4,24.3,5.5,0,,WestBr00
57,C.J. Spiller,23,BUF,RB,14,1,74,283,0,10,41.9,20,3.8,20.2,5.3,5,,SpilC.00
58,Jerome Harrison,27,2TM,RB,12,2,71,330,1,12,35.2,50,4.6,27.5,5.9,2,,HarrJe00
58,Jerome Harrison,27,CLE,RB,4,1,31,91,0,3,25.8,39,2.9,22.8,7.8,1,,HarrJe00
58,Jerome Harrison,27,PHI,RB,8,1,40,239,1,9,42.5,50,6.0,29.9,5.0,1,,HarrJe00
59,Anthony Dixon,23,SFO,RB,16,0,70,237,2,11,41.4,34,3.4,14.8,4.4,0,,DixoAn00
60,Josh Freeman,22,TAM,QB,16,16,68,364,0,30,57.4,33,5.4,22.8,4.3,8,,FreeJo00
61,Tashard Choice,26,DAL,RB,16,0,66,243,3,13,43.9,26,3.7,15.2,4.1,1,,ChoiTa00
62,David Garrard,32,JAX,QB,14,14,66,279,5,29,56.1,25,4.2,19.9,4.7,11,,GarrDa00
63,Keiland Williams,24,WAS,RB,15,3,65,261,3,14,52.3,32,4.0,17.4,4.3,1,,WillKe03
64,Aaron Rodgers,27,GNB,QB,15,15,64,356,4,22,48.4,27,5.6,23.7,4.3,4,AP OPoY-5,RodgAa00
65,Bernard Scott,26,CIN,RB,16,0,61,299,1,16,54.1,18,4.9,18.7,3.8,1,,ScotBe00
66,Julius Jones,29,2TM,RB,12,2,60,223,0,9,31.7,54,3.7,18.6,5.0,1,,JoneJu01
66,Julius Jones,29,SEA,RB,2,0,12,30,0,0,0.0,6,2.5,15.0,6.0,0,,JoneJu01
66,Julius Jones,29,NOR,RB,10,2,48,193,0,9,39.6,54,4.0,19.3,4.8,1,,JoneJu01
67,Correll Buckhalter,32,DEN,RB,15,0,59,147,2,10,27.1,13,2.5,9.8,3.9,1,,BuckCo00
68,Clinton Portis,29,WAS,RB,5,5,54,227,2,12,48.1,27,4.2,45.4,10.8,0,,PortCl00
69,Isaac Redman,26,PIT,RB,16,0,52,247,0,22,53.8,23,4.8,15.4,3.3,1,,RedmIs20
70,Javon Ringer,23,TEN,RB,16,0,51,239,2,11,35.3,54,4.7,14.9,3.2,0,,RingJa00
71,Jay Cutler,27,CHI,QB,15,15,50,232,1,18,48.0,25,4.6,15.5,3.3,10,,CutlJa00
72,Darren Sproles,27,SDG,RB,16,3,50,267,0,10,34.0,34,5.3,16.7,3.1,3,,SproDa00
73,Derrick Ward,30,HOU,RB,16,0,50,315,4,17,58.0,38,6.3,19.7,3.1,0,,WardDe01
74,Jason Campbell,28,OAK,QB,13,12,47,222,1,13,36.2,24,4.7,17.1,3.6,9,,CampJa00
75,Mike Bell,27,2TM,RB,16,1,47,99,0,6,21.3,11,2.1,6.2,2.9,2,,BellMi00
75,Mike Bell,27,PHI,RB,5,0,16,28,0,0,0.0,9,1.8,5.6,3.2,1,,BellMi00
75,Mike Bell,27,CLE,RB,11,1,31,71,0,6,32.3,11,2.3,6.5,2.8,1,,BellMi00
76,Javarris James,23,IND,RB,10,0,46,112,6,9,43.5,11,2.4,11.2,4.6,1,,JameJa00
77,Matt Ryan,25,ATL,QB,16,16,46,122,0,10,34.8,20,2.7,7.6,2.9,4,PB,RyanMa00
78,Ladell Betts,31,NOR,RB,8,1,45,150,2,11,48.9,12,3.3,18.8,5.6,1,,BettLa00
79,Joe Flacco,25,BAL,QB,16,16,43,84,1,10,30.2,14,2.0,5.3,2.7,9,,FlacJo00
80,Mike Hart,24,IND,RB,7,1,43,185,1,10,46.5,35,4.3,26.4,6.1,0,,HartMi00
81,Fred Taylor,34,NWE,RB,7,0,43,155,0,9,39.5,24,3.6,22.1,6.1,0,,TaylFr00
82,Tim Tebow,23,DEN,QB,9,3,43,227,6,12,51.2,40,5.3,25.2,4.8,1,,TeboTi00
83,Lance Ball,25,DEN,RB,10,0,41,158,0,7,36.6,19,3.9,15.8,4.1,1,,BallLa00
84,Ryan Fitzpatrick,28,BUF,QB,13,13,40,269,0,15,50.0,22,6.7,20.7,3.1,8,,FitzRy00
85,Joe McKnight,22,NYJ,RB,9,1,39,189,0,7,59.0,18,4.8,21.0,4.3,0,,McKnJo00
86,Brad Smith,27,NYJ,WR,16,2,38,299,1,12,52.6,53,7.9,18.7,2.4,1,,SmitBr01
87,Dominic Rhodes,31,IND,RB,3,0,37,172,0,8,43.2,15,4.6,57.3,12.3,1,,RhodDo00
88,Reggie Bush,25,NOR,RB,8,6,36,150,0,6,41.7,23,4.2,18.8,4.5,2,,BushRe00
89,Laurence Maroney,25,DEN,RB,4,3,36,74,0,1,27.8,13,2.1,18.5,9.0,1,,MaroLa00
90,Dimitri Nance,22,GNB,RB,12,0,36,95,0,4,41.7,11,2.6,7.9,3.0,0,,NancDi00
91,Chad Henne,25,MIA,QB,15,14,35,52,0,7,17.1,10,1.5,3.5,2.3,5,,HennCh01
92,Deji Karim,24,JAX,RB,11,0,35,160,0,8,48.6,15,4.6,14.5,3.2,4,,KariDe00
93,Kenneth Darby,28,STL,RB,14,0,34,107,2,7,35.3,13,3.1,7.6,2.4,0,,DarbKe00
94,Ben Roethlisberger,28,PIT,QB,12,12,34,176,2,15,50.0,31,5.2,14.7,2.8,7,,RoetBe00
95,Kevin Smith,24,DET,RB,6,0,34,133,0,4,29.4,15,3.9,22.2,5.7,0,,SmitKe02
96,Matt Cassel,28,KAN,QB,15,15,33,125,0,5,33.3,23,3.8,8.3,2.2,3,PBAP CPoY-4,CassMa00
97,Mewelde Moore,28,PIT,RB,15,0,33,99,0,4,21.2,18,3.0,6.6,2.2,0,,MoorMe00
98,Eli Manning,29,NYG,QB,16,16,32,70,0,4,31.3,16,2.2,4.4,2.0,7,,MannEl00
99,Carson Palmer,31,CIN,QB,16,16,32,50,0,6,31.3,9,1.6,3.1,2.0,7,,PalmCa00
100,Tom Brady,33,NWE,QB,16,16,31,30,1,10,32.3,9,1.0,1.9,1.9,3,PBAP-1AP MVP-1AP OPoY-1,BradTo00
101,Jon Kitna,38,DAL,QB,10,9,31,147,1,5,35.5,29,4.7,14.7,3.1,7,,KitnJo00
102,Marcel Reece,25,OAK,FB,16,10,30,122,1,9,50.0,31,4.1,7.6,1.9,1,,ReecMa00
103,Mark Sanchez,24,NYJ,QB,16,16,30,105,3,10,40.0,20,3.5,6.6,1.9,9,,SancMa00
104,Donovan McNabb,34,WAS,QB,13,13,29,151,0,8,44.8,36,5.2,11.6,2.2,10,,McNaDo00
105,Philip Rivers,29,SDG,QB,16,16,29,52,0,6,31.0,14,1.8,3.3,1.8,7,PBAP OPoY-4,RivePh00
106,James Starks,24,GNB,RB,3,0,29,101,0,5,44.8,16,3.5,33.7,9.7,0,,StarJa00
107,Le'Ron McClain,26,BAL,FB,15,13,28,85,0,15,71.4,16,3.0,5.7,1.9,0,,McClLe00
108,Colt McCoy,24,CLE,QB,8,8,28,136,1,10,53.6,18,4.9,17.0,3.5,1,,McCoCo00
109,Sam Bradford,23,STL,QB,16,16,27,63,1,6,29.6,17,2.3,3.9,1.7,7,AP ORoY-1,BradSa00
110,Leon Washington,28,SEA,RB,16,0,27,100,1,5,44.4,21,3.7,6.3,1.7,3,AP-2AP CPoY-7,WashLe00
111,Jacob Hester,25,SDG,RB,15,7,26,60,0,10,46.2,6,2.3,4.0,1.7,0,,HestJa00
112,Lousaka Polite,29,MIA,FB,16,10,26,62,1,15,65.4,4,2.4,3.9,1.6,0,,PoliLo00
113,Vince Young,27,TEN,QB,9,8,25,125,0,6,40.0,20,5.0,13.9,2.8,6,,YounVi00
114,Jimmy Clausen,23,CAR,QB,13,10,23,57,0,3,17.4,11,2.5,4.4,1.8,9,,ClauJi00
115,Matt Hasselbeck,35,SEA,QB,14,14,23,60,3,7,43.5,20,2.6,4.3,1.6,7,,HassMa00
116,Troy Smith,26,SFO,QB,6,6,23,121,1,9,43.5,16,5.3,20.2,3.8,6,,SmitTr02
117,LaRod Stephens-Howling,23,ARI,RB,13,2,23,113,1,5,47.8,30,4.9,8.7,1.8,0,,StepLa00
118,Jerome Felton,24,DET,RB,16,2,22,76,0,4,40.9,9,3.5,4.8,1.4,1,,FeltJe00
119,Shaun Hill,30,DET,QB,11,10,22,123,0,10,50.0,40,5.6,11.2,2.0,3,,HillSh00
120,Kyle Orton,28,DEN,QB,13,13,22,98,0,9,59.1,14,4.5,7.5,1.7,4,,OrtoKy00
121,Matt Schaub,29,HOU,QB,16,16,22,28,0,7,36.4,8,1.3,1.8,1.4,9,,SchaMa00
122,Eldra Buckley,25,PHI,RB,16,0,21,67,0,3,33.3,13,3.2,4.2,1.3,1,,BuckEl00
123,Jackie Battle,27,KAN,RB,16,0,20,50,1,7,45.0,7,2.5,3.1,1.3,0,,BattJa00
124,Josh Cribbs,27,CLE,WR,15,5,20,66,0,5,50.0,19,3.3,4.4,1.3,7,,CribJo01
125,Earnest Graham,30,TAM,RB,12,7,20,99,1,5,45.0,61,5.0,8.3,1.7,1,,GrahEa00
126,Sammy Morris,33,NWE,RB,16,0,20,56,0,6,50.0,9,2.8,3.5,1.3,1,,MorrSa00
127,Danny Ware,25,NYG,RB,14,0,20,73,0,7,65.0,14,3.7,5.2,1.4,0,,WareDa00
128,Charlie Whitehurst,28,SEA,QB,6,2,20,43,1,4,40.0,9,2.2,7.2,3.3,2,,WhitCh02
129,Steve Slaton,24,HOU,RB,12,1,19,93,0,4,47.4,23,4.9,7.8,1.6,0,,SlatSt00
130,Keith Toston,23,STL,RB,16,0,19,54,0,2,31.6,10,2.8,3.4,1.2,0,,TostKe00
131,James Davis,24,2TM,RB,7,0,19,60,0,1,21.1,14,3.2,8.6,2.7,0,,DaviJa03
131,James Davis,24,CLE,RB,4,0,4,9,0,0,0.0,4,2.3,2.3,1.0,0,,DaviJa03
131,James Davis,24,WAS,RB,3,0,15,51,0,1,26.7,14,3.4,17.0,5.0,0,,DaviJa03
132,Drew Brees,31,NOR,QB,16,16,18,-3,0,1,11.1,7,-0.2,-0.2,1.1,9,PB,BreeDr00
133,Percy Harvin,22,MIN,WR,14,13,18,107,1,7,61.1,17,5.9,7.6,1.3,1,,HarvPe00
134,Peyton Manning,34,IND,QB,16,16,18,18,0,2,11.1,27,1.0,1.1,1.1,3,PB,MannPe00
135,Dexter McCluster,21,KAN,WR,11,7,18,71,0,6,44.4,20,3.9,6.5,1.6,2,,McClDe00
136,Alex Smith,26,SFO,QB,11,10,18,60,0,3,33.3,12,3.3,5.5,1.6,4,,SmitAl03
137,Drew Stanton,26,DET,QB,6,3,18,113,1,8,50.0,20,6.3,18.8,3.0,3,,StanDr00
138,Joe Webb,24,MIN,QB,5,2,18,120,2,7,72.2,16,6.7,24.0,3.6,1,,WebbJo00
139,Aaron Brown,25,DET,RB,6,0,17,58,0,2,47.1,9,3.4,9.7,2.8,0,,BrowAa00
140,Brett Favre,41,MIN,QB,13,13,17,8,0,1,5.9,10,0.5,0.6,1.3,7,,FavrBr00
141,DeSean Jackson,24,PHI,WR,14,14,16,104,1,5,50.0,31,6.5,7.4,1.1,4,PBAP OPoY-5,JackDe00
142,Kevin Kolb,26,PHI,QB,7,5,15,65,0,6,40.0,19,4.3,9.3,2.1,6,,KolbKe00
143,Stefan Logan,29,DET,RB,16,0,15,95,0,5,53.3,21,6.3,5.9,0.9,3,,LogaSt00
144,Trent Edwards,27,2TM,QB,5,3,14,58,0,7,50.0,14,4.1,11.6,2.8,0,,EdwaTr01
144,Trent Edwards,27,BUF,QB,2,2,5,24,0,1,20.0,8,4.8,12.0,2.5,0,,EdwaTr01
144,Trent Edwards,27,JAX,QB,3,1,9,34,0,6,66.7,14,3.8,11.3,3.0,0,,EdwaTr01
145,Stephen McGee,25,DAL,QB,2,1,13,74,0,4,69.2,14,5.7,37.0,6.5,1,,McGeSt00
146,Ovie Mughelli,30,ATL,FB,16,6,13,36,0,8,69.2,6,2.8,2.3,0.8,0,PBAP-2,MughOv00
147,Tyrell Sutton,24,CAR,RB,9,0,13,71,0,3,38.5,32,5.5,7.9,1.4,0,,SuttTy00
148,Tyler Thigpen,26,MIA,QB,5,1,13,73,0,3,53.8,12,5.6,14.6,2.6,1,,ThigTy00
149,Albert Young,25,MIN,RB,3,0,13,29,0,1,30.8,6,2.2,9.7,4.3,0,,YounAl01
150,Bruce Gradkowski,27,OAK,QB,6,4,12,41,0,2,25.0,12,3.4,6.8,2.0,3,,GradBr00
151,Michael Robinson,27,SEA,FB,11,4,12,77,0,9,83.3,17,6.4,7.0,1.1,0,,RobiMi00
152,Mike Thomas,23,JAX,WR,16,11,12,114,0,5,58.3,33,9.5,7.1,0.8,3,,ThomMi01
153,Kerry Collins,38,TEN,QB,10,7,10,1,0,1,10.0,4,0.1,0.1,1.0,5,,CollKe00
154,Jacoby Ford,23,OAK,WR,16,9,10,155,2,7,80.0,71,15.5,9.7,0.6,3,,FordJa01
155,Brian Hoyer,25,NWE,QB,5,0,10,-8,0,0,0.0,1,-0.8,-1.6,2.0,0,,HoyeBr00
156,Gartrell Johnson,24,ATL,RB,9,0,10,36,0,2,20.0,23,3.6,4.0,1.1,1,,JohnGa01
157,John Skelton,22,ARI,QB,5,4,10,49,0,3,40.0,16,4.9,9.8,2.0,3,,SkelJo00
158,Rock Cartwright,31,OAK,FB,16,0,9,22,0,2,22.2,10,2.4,1.4,0.6,0,,CartRo01
159,Jonathan Dwyer,21,PIT,RB,1,0,9,28,0,0,0.0,7,3.1,28.0,9.0,0,,DwyeJo00
160,Matt Flynn,25,GNB,QB,7,1,9,26,0,2,33.3,12,2.9,3.7,1.3,1,,FlynMa00
161,Quinton Ganther,26,2TM,RB,11,1,9,18,0,1,33.3,11,2.0,1.6,0.8,0,,GantQu00
161,Quinton Ganther,26,BUF,RB,8,0,9,18,0,1,33.3,11,2.0,2.3,1.1,0,,GantQu00
162,Chad Hall,24,PHI,WR,8,1,9,29,0,3,44.4,8,3.2,3.6,1.1,0,,HallCh00
163,Brian Leonard,26,CIN,RB,11,0,9,61,0,4,55.6,42,6.8,5.5,0.8,0,,LeonBr00
164,John Conner,23,NYJ,RB,16,0,8,44,1,2,37.5,16,5.5,2.8,0.5,0,,ConnJo00
165,Jake Delhomme,35,CLE,QB,5,4,8,-2,0,1,12.5,2,-0.3,-0.4,1.6,3,,DelhJa00
166,Kevin Faulk,34,NWE,RB,2,2,8,45,0,1,50.0,11,5.6,22.5,4.0,0,,FaulKe00
167,Ryan Grant,28,GNB,RB,1,1,8,45,0,2,37.5,18,5.6,45.0,8.0,0,,GranRy00
168,Danny Amendola,25,STL,WR,16,6,7,81,0,4,71.4,30,11.6,5.1,0.4,2,,AmenDa00
169,Miles Austin,26,DAL,WR,16,16,7,93,1,3,57.1,60,13.3,5.8,0.4,1,PB,AustMi00
170,Charlie Batch,36,PIT,QB,3,2,7,30,0,2,28.6,24,4.3,10.0,2.3,2,,BatcCh00
171,Kyle Boller,29,OAK,QB,5,0,7,18,0,1,28.6,15,2.6,3.6,1.4,1,,BollKy00
172,Nate Burleson,29,DET,WR,14,14,7,81,0,4,71.4,25,11.6,5.8,0.5,2,,BurlNa00
173,Tony Fiammetta,24,CAR,FB,14,9,7,22,0,4,57.1,11,3.1,1.6,0.5,0,,FiamTo00
174,Devin Hester,28,CHI,WR,16,13,7,30,0,2,57.1,11,4.3,1.9,0.4,0,PBAP-1,HestDe99
175,Tarvaris Jackson,27,MIN,QB,3,1,7,63,0,3,42.9,33,9.0,21.0,2.3,1,,JackTa00
176,Seneca Wallace,30,CLE,QB,8,4,7,9,0,1,28.6,6,1.3,1.1,0.9,1,,WallSe00
177,Thomas Clayton,26,2TM,RB,3,0,7,17,0,1,28.6,5,2.4,5.7,2.3,0,,ClayTh00
177,Thomas Clayton,26,CLE,RB,2,0,1,0,0,0,0.0,,0.0,0.0,0.5,0,,ClayTh00
177,Thomas Clayton,26,NWE,RB,1,0,6,17,0,1,33.3,5,2.8,17.0,6.0,0,,ClayTh00
178,Arrelious Benn,22,TAM,WR,15,9,6,35,0,2,66.7,17,5.8,2.3,0.4,1,,BennAr00
179,Mike Karney,29,STL,FB,12,5,6,12,0,3,66.7,4,2.0,1.0,0.5,0,,KarnMi00
180,Tony Romo,30,DAL,QB,6,6,6,38,0,2,66.7,14,6.3,6.3,1.0,0,,RomoTo00
181,Eddie Royal,24,DEN,WR,16,10,6,61,0,4,66.7,20,10.2,3.8,0.4,4,,RoyaEd00
182,Billy Volek,34,SDG,QB,3,0,6,-5,0,0,0.0,,-0.8,-1.7,2.0,0,,VoleBi00
183,Jason Wright,28,ARI,RB,15,1,6,28,0,3,50.0,10,4.7,1.9,0.4,1,,WrigJa01
184,Derek Anderson,27,ARI,QB,12,9,5,25,0,2,60.0,11,5.0,2.1,0.4,6,,AndeDe00
185,Tim Castille,26,KAN,RB,10,4,5,3,0,0,20.0,3,0.6,0.3,0.5,0,,CastTi20
186,Dennis Dixon,25,PIT,QB,2,2,5,32,0,1,20.0,21,6.4,16.0,2.5,2,,DixoDe00
187,Chris Gronkowski,24,DAL,FB,14,7,5,17,0,2,80.0,8,3.4,1.2,0.4,0,,GronCh00
188,Larry Johnson,31,WAS,RB,2,0,5,2,0,0,0.0,7,0.4,1.0,2.5,0,,JohnLa00
189,Matt Moore,26,CAR,QB,6,5,5,25,0,1,40.0,8,5.0,4.2,0.8,4,,MoorMa01
190,Santana Moss,31,WAS,WR,16,16,5,-6,0,2,40.0,7,-1.2,-0.4,0.3,3,,MossSa00
191,Tony Richardson,39,NYJ,FB,16,10,5,13,0,3,80.0,4,2.6,0.8,0.3,0,,RichTo00
192,Donte' Stallworth,30,BAL,WR,8,0,5,45,0,2,80.0,19,9.0,5.6,0.6,1,,StalDo00
193,Brandon Tate,23,NWE,WR,16,10,5,62,0,3,100.0,22,12.4,3.9,0.3,1,,TateBr00
194,Lawrence Vickers,27,CLE,FB,16,4,5,11,0,2,40.0,3,2.2,0.7,0.3,0,,VickLa00
195,Mike Wallace,24,PIT,WR,16,16,5,39,0,2,60.0,19,7.8,2.4,0.3,1,,WallMi00
196,Patrick Cobbs,27,MIA,RB,16,1,4,0,0,0,0.0,,0.0,0.0,0.3,1,,CobbPa00
197,Jerricho Cotchery,28,NYJ,WR,14,5,4,-3,0,0,25.0,4,-0.8,-0.2,0.3,0,,CotcJe00
198,Darrius Heyward-Bey,23,OAK,WR,15,14,4,48,0,2,50.0,30,12.0,3.2,0.3,1,,HeywDa00
199,Kareem Huggins,24,TAM,RB,3,0,4,11,0,0,50.0,7,2.8,3.7,1.3,0,,HuggKa00
200,Calvin Johnson,25,DET,WR,15,15,4,32,0,2,50.0,15,8.0,2.1,0.3,1,PBAP-2,JohnCa00
201,Josh Johnson,24,TAM,QB,11,0,4,39,0,3,100.0,14,9.8,3.5,0.4,0,,JohnJo05
202,Corey McIntyre,31,BUF,FB,16,7,4,5,1,3,75.0,2,1.3,0.3,0.3,1,,McInCo00
203,Robert Meachem,26,NOR,WR,16,7,4,14,0,1,50.0,8,3.5,0.9,0.3,0,,MeacRo00
204,Mike Sellers,35,WAS,FB,16,8,4,2,0,1,25.0,1,0.5,0.1,0.3,0,,SellMi00
205,Matthew Stafford,22,DET,QB,3,3,4,11,1,1,50.0,9,2.8,3.7,1.3,2,,StafMa00
206,Garrett Wolfe,26,CHI,RB,16,0,4,8,0,0,0.0,7,2.0,0.5,0.3,0,,WolfGa00
207,Darrel Young,23,WAS,LB,16,0,4,19,0,1,25.0,16,4.8,1.2,0.3,0,,YounDa01
208,Steve Breaston,27,ARI,WR,13,11,3,35,0,2,66.7,17,11.7,2.7,0.2,0,,BreaSt00
209,David Gettis,23,CAR,WR,15,13,3,2,0,1,33.3,19,0.7,0.1,0.2,0,,GettDa00
210,Brandon Gibson,23,STL,WR,14,12,3,28,0,2,66.7,14,9.3,2.0,0.2,0,,GibsBr00
211,Rex Grossman,30,WAS,QB,4,3,3,6,0,0,33.3,5,2.0,1.5,0.8,4,,GrosRe00
212,Devery Henderson,28,NOR,WR,16,11,3,8,0,1,33.3,9,2.7,0.5,0.2,0,,HendDe00
213,Aaron Hernandez,21,NWE,TE,14,7,3,47,0,3,100.0,18,15.7,3.4,0.2,0,,HernAa00
214,Donald Jones,23,BUF,WR,15,5,3,1,0,0,0.0,2,0.3,0.1,0.2,0,,JoneDo00
215,Spencer Larsen,26,DEN,FB,11,5,3,18,0,3,100.0,14,6.0,1.6,0.3,0,,LarsSp99
216,Jeremy Maclin,22,PHI,WR,16,16,3,36,0,3,100.0,14,12.0,2.3,0.2,1,,MaclJe00
217,Legedu Naanee,27,SDG,WR,10,9,3,-2,0,0,0.0,5,-0.7,-0.2,0.3,1,,NaanLe00
218,Moran Norris,32,SFO,FB,16,11,3,0,0,1,0.0,,0.0,0.0,0.2,0,,NorrMo00
219,Roscoe Parrish,28,BUF,WR,8,6,3,23,0,2,100.0,13,7.7,2.9,0.4,1,,ParrRo00
220,Sage Rosenfels,32,NYG,QB,12,0,3,-3,0,0,0.0,,-1.0,-0.3,0.3,0,,RoseSa00
221,Chansi Stuckey,27,CLE,WR,16,5,3,9,1,1,33.3,11,3.0,0.6,0.2,3,,StucCh20
222,Josh Vaughan,24,CAR,RB,3,0,3,7,1,1,66.7,6,2.3,2.3,1.0,0,,VaugJo01
223,Delanie Walker,26,SFO,TE,14,8,3,18,0,1,66.7,10,6.0,1.3,0.2,1,,WalkHu00
224,Brandon Banks,23,WAS,WR,13,0,2,6,0,0,50.0,3,3.0,0.5,0.2,2,,BankBr00
225,Earl Bennett,23,CHI,WR,14,3,2,9,0,1,50.0,5,4.5,0.6,0.1,1,,BennEa00
226,Michael Bennett,32,OAK,RB,7,0,2,11,0,1,50.0,6,5.5,1.6,0.3,0,,BennMi00
227,Davone Bess,25,MIA,WR,16,8,2,-3,0,0,0.0,,-1.5,-0.2,0.1,3,,BessDa00
228,Anquan Boldin,30,BAL,WR,16,16,2,2,0,1,0.0,3,1.0,0.1,0.1,1,,BoldAn00
229,Todd Bouman,38,JAX,QB,1,1,2,8,0,1,100.0,6,4.0,8.0,2.0,0,,BoumTo00
230,Curtis Brinkley,25,SDG,RB,3,0,2,11,0,1,50.0,9,5.5,3.7,0.7,0,,BrinCu00
231,Andre Brown,24,2TM,RB,4,0,2,-1,0,0,0.0,,-0.5,-0.3,0.5,0,,BrowAn03
231,Andre Brown,24,DEN,RB,3,0,2,-1,0,0,0.0,,-0.5,-0.3,0.7,0,,BrowAn03
232,Deon Butler,24,SEA,WR,13,8,2,6,0,0,50.0,4,3.0,0.5,0.2,0,,ButlDe00
233,Kellen Clemens,27,NYJ,QB,1,0,2,9,1,1,50.0,10,4.5,9.0,2.0,0,,ClemKe00
234,Chase Daniel,24,NOR,QB,13,0,2,16,0,1,50.0,16,8.0,1.2,0.2,1,,DaniCh00
235,Early Doucet,25,ARI,WR,10,5,2,5,0,1,50.0,3,2.5,0.5,0.2,0,,DoucEa00
236,Harry Douglas,26,ATL,WR,16,4,2,-5,0,0,0.0,,-2.5,-0.3,0.1,0,,DougHa00
237,Jeff Dugan,29,MIN,TE,16,4,2,2,0,1,50.0,2,1.0,0.1,0.1,0,,DugaJe00
238,Julian Edelman,24,NWE,WR,15,3,2,14,0,1,50.0,13,7.0,0.9,0.1,1,,EdelJu00
239,Heath Evans,32,NOR,FB,16,6,2,2,0,0,0.0,2,1.0,0.1,0.1,0,,EvanHe00
240,Pierre Garcon,24,IND,WR,14,14,2,6,0,1,50.0,11,3.0,0.4,0.1,0,,GarcPi00
241,Ted Ginn Jr.,25,SFO,WR,13,0,2,11,0,0,100.0,9,5.5,0.8,0.2,1,,GinnTe00
242,Brian Hartline,24,MIA,WR,12,11,2,27,0,1,50.0,30,13.5,2.3,0.2,1,,HartBr00
243,Santonio Holmes,26,NYJ,WR,12,10,2,17,0,0,50.0,14,8.5,1.4,0.2,2,,HolmSa00
244,Andre Johnson,29,HOU,WR,13,13,2,10,0,1,50.0,7,5.0,0.8,0.2,1,PB,JohnAn02
245,Greg Jones,29,JAX,FB,16,13,2,4,0,0,0.0,3,2.0,0.3,0.1,0,,JoneGr01
246,Jacoby Jones,26,HOU,WR,15,7,2,7,0,1,50.0,10,3.5,0.5,0.1,1,,JoneJa03
247,Brandon Marshall,26,MIA,WR,14,14,2,3,0,0,50.0,4,1.5,0.2,0.1,2,,MarsBr00
248,Zach Miller,26,JAX,TE,15,5,2,9,0,0,50.0,8,4.5,0.6,0.1,0,,MillZa02
249,Devin Moore,25,IND,RB,4,0,2,-2,0,0,0.0,1,-1.0,-0.5,0.5,2,,MoorDe01
250,Brian Moorman,34,BUF,P,16,0,2,1,0,0,0.0,1,0.5,0.1,0.1,0,,MoorBr24
251,Josh Morgan,25,SFO,WR,16,11,2,17,0,2,100.0,13,8.5,1.1,0.1,2,,MorgJo00
252,Jerious Norwood,27,ATL,RB,2,0,2,8,0,1,100.0,6,4.0,4.0,1.0,0,,NorwJe00
253,Ben Obomanu,27,SEA,WR,15,6,2,17,0,1,100.0,13,8.5,1.1,0.1,0,,ObomBe00
254,Tyler Palko,27,KAN,QB,2,0,2,5,0,1,50.0,6,2.5,2.5,1.0,0,,PalkTy00
255,Cedric Peerman,24,CIN,RB,7,0,2,1,0,0,0.0,1,0.5,0.1,0.3,0,,PeerCe00
256,Laurent Robinson,25,STL,WR,14,11,2,-14,0,0,0.0,-5,-7.0,-1.0,0.1,0,,RobiLa01
257,Golden Tate,22,SEA,WR,11,0,2,4,0,0,0.0,3,2.0,0.4,0.2,1,,TateGo00
258,Demaryius Thomas,23,DEN,WR,10,2,2,1,0,0,0.0,1,0.5,0.1,0.2,3,,ThomDe03
259,Javier Arenas,23,KAN,DB,16,2,1,5,0,0,0.0,5,5.0,0.3,0.1,2,,ArenJa99
260,Jason Baker,32,CAR,P,16,0,1,0,0,0,0.0,,0.0,0.0,0.1,0,,BakeJa20
261,Bernard Berrian,30,MIN,WR,14,9,1,-8,0,0,0.0,-8,-8.0,-0.6,0.1,2,,BerrBe00
262,Josh Bidwell,34,WAS,P,4,0,1,0,0,0,0.0,,0.0,0.0,0.3,1,,BidwJo20
263,Dwayne Bowe,26,KAN,WR,16,16,1,4,0,0,0.0,4,4.0,0.3,0.1,1,PBAP-2,BoweDw00
264,Dez Bryant,22,DAL,WR,12,2,1,0,0,0,0.0,,0.0,0.0,0.1,1,,BryaDe01
265,Andre Caldwell,25,CIN,WR,15,5,1,-2,0,0,0.0,-2,-2.0,-0.1,0.1,1,,CaldAn00
266,Jehuu Caulcrick,27,BUF,RB,2,0,1,2,0,1,100.0,2,2.0,1.0,0.5,0,,CaulJe00
267,Mark Clayton,28,STL,WR,5,5,1,6,0,0,100.0,6,6.0,1.2,0.2,0,,ClayMa01
268,Britton Colquitt,25,DEN,P,16,0,1,0,0,0,0.0,,0.0,0.0,0.1,0,,ColqBr00
269,Marques Colston,27,NOR,WR,15,11,1,1,0,0,0.0,1,1.0,0.1,0.1,0,,ColsMa00
270,Kevin Curtis,32,2TM,WR,2,0,1,6,0,0,0.0,6,6.0,3.0,0.5,0,,CurtKe00
270,Kevin Curtis,32,MIA,WR,2,0,1,6,0,0,0.0,6,6.0,3.0,0.5,0,,CurtKe00
271,Matt Dodge,23,NYG,P,16,0,1,0,0,0,0.0,,0.0,0.0,0.1,1,,DodgMa99
272,Armanti Edwards,22,CAR,QB,3,0,1,7,0,0,0.0,7,7.0,2.3,0.3,1,,EdwaAr00
273,Braylon Edwards,27,NYJ,WR,16,15,1,4,0,0,100.0,4,4.0,0.3,0.1,1,,EdwaBr00
274,Jay Feely,34,ARI,K,16,0,1,5,1,1,100.0,5,5.0,0.3,0.1,0,,feelyjay01
275,Yamon Figurs,27,2TM,WR,2,0,1,-4,0,0,0.0,-4,-4.0,-2.0,0.5,1,,FiguYa00
275,Yamon Figurs,27,CLE,WR,1,0,1,-4,0,0,0.0,-4,-4.0,-4.0,1.0,0,,FiguYa00
276,Jimmy Graham,24,NOR,TE,15,5,1,3,0,1,100.0,3,3.0,0.2,0.1,1,,GrahJi00
277,Ahmard Hall,31,TEN,RB,16,4,1,1,0,1,100.0,1,1.0,0.1,0.1,0,,HallAh00
278,Max Hall,25,ARI,QB,6,3,1,-5,0,0,0.0,-5,-5.0,-0.8,0.2,5,,HallMa00
279,Caleb Hanie,25,CHI,QB,2,0,1,-1,0,0,0.0,-1,-1.0,-0.5,0.5,0,,HaniCa00
280,Reggie Hodges,28,CLE,P,16,0,1,68,0,1,100.0,68,68.0,4.3,0.1,0,,HodgRe20
281,Vincent Jackson,27,SDG,WR,5,5,1,14,0,1,100.0,14,14.0,2.8,0.2,0,,JackVi00
282,Greg Jennings,27,GNB,WR,16,16,1,-1,0,0,0.0,-1,-1.0,-0.1,0.1,2,PB,JennGr00
283,Brett Kern,24,TEN,P,16,0,1,0,0,0,0.0,,0.0,0.0,0.1,0,,KernBr20
284,Johnny Knox,24,CHI,WR,16,16,1,2,0,0,0.0,2,2.0,0.1,0.1,1,,KnoxJo00
285,Sam Koch,28,BAL,P,16,0,1,0,0,0,0.0,,0.0,0.0,0.1,1,,KochSa20
286,Brandon LaFell,24,CAR,WR,14,2,1,60,0,1,100.0,60,60.0,4.3,0.1,0,,LaFeBr00
287,Brandon Lloyd,29,DEN,WR,16,11,1,-18,0,0,0.0,-18,-18.0,-1.1,0.1,0,PBAP-2,LloyBr00
288,Kregg Lumpkin,26,TAM,RB,11,0,1,0,0,0,0.0,,0.0,0.0,0.1,0,,LumpKr00
289,Mario Manningham,24,NYG,WR,16,8,1,2,0,0,0.0,2,2.0,0.1,0.1,1,,MannMa01
290,Mohamed Massaquoi,24,CLE,WR,15,14,1,-3,0,0,0.0,-3,-3.0,-0.2,0.1,1,,MassMo00
291,Mat McBriar,31,DAL,P,16,0,1,0,0,0,0.0,,0.0,0.0,0.1,1,PBAP-2,McBrMa20
292,Luke McCown,29,JAX,QB,1,0,1,4,0,0,0.0,4,4.0,4.0,1.0,0,,McCoLu00
293,Carlton Mitchell,22,CLE,WR,5,0,1,9,0,0,0.0,9,9.0,1.8,0.2,0,,MitcCa00
294,Marlon Moore,23,MIA,WR,9,0,1,16,0,1,100.0,16,16.0,1.8,0.1,0,,MoorMa02
295,Louis Murphy,23,OAK,WR,14,9,1,43,0,1,100.0,43,43.0,3.1,0.1,2,,MurpLo00
296,Preston Parker,23,TAM,WR,9,0,1,7,0,0,100.0,7,7.0,0.8,0.1,0,,ParkPr00
297,Chris Pressley,24,2TM,RB,7,0,1,0,0,0,0.0,,0.0,0.0,0.1,0,,PresCh00
297,Chris Pressley,24,CIN,RB,4,0,1,0,0,0,0.0,,0.0,0.0,0.3,0,,PresCh00
298,Antwaan Randle El,31,PIT,WR,16,0,1,2,0,0,0.0,2,2.0,0.1,0.1,2,,RandAn00
299,Chris Redman,33,ATL,QB,2,0,1,-1,0,0,0.0,-1,-1.0,-0.5,0.5,0,,RedmCh00
300,David Reed,23,BAL,WR,13,0,1,15,0,1,100.0,15,15.0,1.2,0.1,0,,ReedDa00
301,Naaman Roosevelt,23,BUF,WR,6,1,1,3,0,0,0.0,3,3.0,0.5,0.2,0,,RoosNa00
302,Dante Rosario,26,CAR,TE,16,6,1,-2,0,0,0.0,-2,-2.0,-0.1,0.1,0,,RosaDa00
303,Jon Ryan,29,SEA,P,16,0,1,-9,0,0,0.0,-9,-9.0,-0.6,0.1,0,,RyanJo21
304,Samson Satele,26,OAK,C,16,15,1,0,0,0,0.0,,0.0,0.0,0.1,1,,SateSa20
305,Jordan Senn,26,CAR,LB,14,0,1,5,0,1,100.0,5,5.0,0.4,0.1,0,,SennJo00
306,Jerome Simpson,24,CIN,WR,5,3,1,2,0,0,0.0,2,2.0,0.4,0.2,2,,SimpJe00
307,Antone Smith,25,ATL,RB,9,0,1,-3,0,0,0.0,-3,-3.0,-0.3,0.1,0,,SmitAn01
308,Shaun Smith,29,KAN,LDE,16,10,1,1,1,1,100.0,1,1.0,0.1,0.1,0,,SmitSh20
309,Steve Smith Sr.,31,CAR,WR,14,14,1,9,0,1,100.0,9,9.0,0.6,0.1,3,,SmitSt01
310,Sammie Stroughter,24,TAM,WR,12,4,1,2,0,1,100.0,2,2.0,0.2,0.1,1,,StroSa00
311,Naufahu Tahi,29,MIN,FB,15,7,1,1,0,1,100.0,1,1.0,0.1,0.1,0,,TahiNa00
312,Matt Turk,42,HOU,P,16,0,1,-27,0,0,0.0,-27,-27.0,-1.7,0.1,0,,TurkMa20
313,Hines Ward,34,PIT,WR,16,15,1,-2,0,0,0.0,-2,-2.0,-0.1,0.1,1,,WardHi00
314,Nate Washington,27,TEN,WR,16,16,1,-8,0,0,0.0,-8,-8.0,-0.5,0.1,0,,WashNa00
315,Ben Watson,30,CLE,TE,16,16,1,-1,0,0,0.0,-1,-1.0,-0.1,0.1,0,,WatsBe00
316,Steve Weatherford,28,NYJ,P,16,0,1,17,0,0,0.0,17,17.0,1.1,0.1,0,,WeatSt20
317,Leonard Weaver,28,PHI,RB,1,0,1,0,0,0,0.0,,0.0,0.0,1.0,0,,WeavLe00
318,Roddy White,29,ATL,WR,16,16,1,3,0,0,0.0,3,3.0,0.2,0.1,1,PBAP-1AP OPoY-5,WhitRo00
319,Damian Williams,22,TEN,WR,16,1,1,5,0,0,100.0,5,5.0,0.3,0.1,0,,WillDa04
320,Mike Williams,26,SEA,WR,14,13,1,0,0,0,0.0,,0.0,0.0,0.1,0,AP CPoY-2,WillMi03
