Rk,Player,Age,Team,Pos,G,GS,Att,Yds,TD,1D,Succ%,Lng,Y/A,Y/G,A/G,Fmb,Awards,-9999
1,Maurice Jones-Drew,26,JAX,RB,16,16,343,1606,8,76,48.1,56,4.7,100.4,21.4,6,PBAP-1,DrewMa00
2,Michael Turner,29,ATL,RB,16,15,301,1340,11,63,44.5,81,4.5,83.8,18.8,3,,TurnMi00
3,Ray Rice,24,BAL,RB,16,16,291,1364,12,54,43.0,70,4.7,85.3,18.2,2,PBAP-2,RiceRa00
4,Marshawn Lynch,25,SEA,RB,15,15,285,1204,12,65,43.5,47,4.2,80.3,19.0,3,PB,LyncMa00
5,Frank Gore,28,SFO,RB,16,15,282,1211,8,55,41.5,55,4.3,75.7,17.6,2,PB,GoreFr00
6,Arian Foster,25,HOU,RB,13,13,278,1224,10,58,42.4,43,4.4,94.2,21.4,5,PBAP-2,FostAr00
7,Cedric Benson,29,CIN,RB,15,15,273,1067,6,51,45.1,42,3.9,71.1,18.2,5,,BensCe00
8,LeSean McCoy,23,PHI,RB,15,15,273,1309,17,85,50.9,60,4.8,87.3,18.2,1,PBAP-1,McCoLe01
9,Chris Johnson,26,TEN,RB,16,16,262,1047,4,47,39.7,48,4.0,65.4,16.4,3,,JohnCh04
10,Steven Jackson,28,STL,RB,15,15,260,1145,5,51,38.5,47,4.4,76.3,17.3,2,,JackSt00
11,Michael Bush,27,OAK,RB,16,9,256,977,7,56,43.4,44,3.8,61.1,16.0,1,,BushMi00
12,Shonn Greene,26,NYJ,RB,16,15,253,1054,6,46,47.4,31,4.2,65.9,15.8,1,,GreeSh00
13,Willis McGahee,30,DEN,RB,15,14,249,1199,4,53,46.2,60,4.8,79.9,16.6,4,PB,McGaWi00
14,Beanie Wells,23,ARI,RB,14,14,245,1047,10,48,50.2,71,4.3,74.8,17.5,4,,WellCh00
15,Rashard Mendenhall,24,PIT,RB,15,15,228,928,9,46,50.9,68,4.1,61.9,15.2,1,,MendRa00
16,Ryan Mathews,24,SDG,RB,14,14,222,1091,6,51,45.5,39,4.9,77.9,15.9,5,PB,MathRy00
17,Reggie Bush,26,MIA,RB,15,15,216,1086,6,41,43.5,76,5.0,72.4,14.4,4,,BushRe00
18,Adrian Peterson,26,MIN,RB,12,12,208,970,12,48,45.7,54,4.7,80.8,17.3,1,,PeteAd01
19,Matt Forte,26,CHI,RB,12,12,203,997,3,41,43.8,46,4.9,83.1,16.9,2,PB,FortMa00
20,LeGarrette Blount,25,TAM,RB,14,14,184,781,5,32,46.2,54,4.2,55.8,13.1,5,,BlouLe00
21,BenJarvus Green-Ellis,26,NWE,RB,16,6,181,667,11,42,51.4,18,3.7,41.7,11.3,0,,GreeBe00
22,Ben Tate,23,HOU,RB,15,2,175,942,4,53,50.3,56,5.4,62.8,11.7,4,,TateBe00
23,Ahmad Bradshaw,25,NYG,RB,12,9,171,659,9,41,42.1,37,3.9,54.9,14.3,1,,BradAh00
24,Fred Jackson,30,BUF,RB,10,10,170,934,6,38,50.6,80,5.5,93.4,17.0,2,,JackFr02
25,Daniel Thomas,24,MIA,RB,13,2,165,581,0,25,40.0,28,3.5,44.7,12.7,2,,ThomDa03
26,DeMarco Murray,23,DAL,RB,13,7,164,897,2,42,56.7,91,5.5,69.0,12.6,1,,MurrDe00
27,Peyton Hillis,25,CLE,RB,10,9,161,587,3,33,55.9,24,3.6,58.7,16.1,2,,HillPe00
28,DeAngelo Williams,28,CAR,RB,16,14,155,836,7,33,43.9,74,5.4,52.3,9.7,0,,WillDe02
29,Thomas Jones,33,KAN,RB,16,8,153,478,0,19,34.6,26,3.1,29.9,9.6,0,,JoneTh00
30,Brandon Jacobs,29,NYG,RB,14,6,152,571,7,32,47.4,28,3.8,40.8,10.9,3,,JacoBr00
31,Roy Helu,23,WAS,RB,15,5,151,640,2,31,45.7,28,4.2,42.7,10.1,2,,HeluRo00
32,Jackie Battle,28,KAN,RB,15,4,149,597,2,27,44.3,34,4.0,39.8,9.9,0,,BattJa00
33,Jonathan Stewart,24,CAR,RB,16,3,142,761,4,47,52.1,32,5.4,47.6,8.9,1,,StewJo00
34,Donald Brown,24,IND,RB,16,2,134,645,5,26,40.3,80,4.8,40.3,8.4,0,,BrowDo00
35,Ryan Grant,29,GNB,RB,15,14,134,559,2,27,42.5,47,4.2,37.3,8.9,1,,GranRy00
36,James Starks,25,GNB,RB,13,2,133,578,1,31,45.1,40,4.3,44.5,10.2,2,,StarJa00
37,Felix Jones,24,DAL,RB,12,8,127,575,1,28,51.2,40,4.5,47.9,10.6,5,,JoneFe00
38,Cam Newton,22,CAR,QB,16,16,126,706,14,53,53.2,49,5.6,44.1,7.9,5,PBAP ORoY-1,NewtCa00
39,Mark Ingram,22,NOR,RB,10,4,122,474,5,29,53.3,35,3.9,47.4,12.2,1,,IngrMa01
40,Tim Tebow,24,DEN,QB,14,11,122,660,6,38,42.6,32,5.4,47.1,8.7,13,,TeboTi00
41,Mike Tolbert,26,SDG,RB,15,1,121,490,8,26,44.6,40,4.0,32.7,8.1,2,,TolbMi00
42,Joseph Addai,28,IND,RB,12,11,118,433,1,16,35.6,16,3.7,36.1,9.8,1,,AddaJo00
43,Marion Barber III,28,CHI,RB,11,1,114,422,6,26,39.5,29,3.7,38.4,10.4,1,,BarbMa01
44,Dexter McCluster,22,KAN,WR,16,4,114,516,1,30,43.9,32,4.5,32.3,7.1,4,,McClDe00
45,Darren McFadden,24,OAK,RB,7,7,113,614,4,24,42.5,70,5.4,87.7,16.1,1,,McFaDa00
46,Kendall Hunter,23,SFO,RB,16,1,112,473,2,23,45.5,44,4.2,29.6,7.0,0,,HuntKe00
47,Bernard Scott,27,CIN,RB,16,1,112,380,3,21,41.1,25,3.4,23.8,7.0,0,,ScotBe00
48,Isaac Redman,27,PIT,RB,16,1,110,479,3,30,53.6,27,4.4,29.9,6.9,2,,RedmIs20
49,Pierre Thomas,27,NOR,RB,16,7,110,562,5,29,60.9,33,5.1,35.1,6.9,1,,ThomPi00
50,Toby Gerhart,24,MIN,RB,16,5,109,531,1,26,41.3,67,4.9,33.2,6.8,1,,GerhTo00
51,Ricky Williams,34,BAL,RB,16,0,108,444,2,20,48.1,28,4.1,27.8,6.8,2,,WillRi00
52,C.J. Spiller,24,BUF,RB,16,11,107,561,4,27,51.4,38,5.2,35.1,6.7,2,,SpilC.00
53,Delone Carter,24,IND,RB,16,3,101,377,2,18,45.5,42,3.7,23.6,6.3,3,,CartDe01
54,Lance Ball,26,DEN,RB,16,0,96,402,1,26,43.8,34,4.2,25.1,6.0,2,,BallLa00
55,Montario Hardesty,24,CLE,RB,10,4,88,266,0,6,33.0,19,3.0,26.6,8.8,1,,HardMo00
56,Stevan Ridley,22,NWE,RB,16,2,87,441,1,18,49.4,33,5.1,27.6,5.4,1,,RidlSt00
57,Darren Sproles,28,NOR,RB,16,4,87,603,2,27,52.9,36,6.9,37.7,5.4,0,,SproDa00
58,Cadillac Williams,29,STL,RB,11,1,87,361,1,18,43.7,23,4.1,32.8,7.9,1,,WillCa02
59,Jahvid Best,22,DET,RB,6,6,84,390,2,16,39.3,88,4.6,65.0,14.0,0,,BestJa00
60,Tim Hightower,25,WAS,RB,5,5,84,321,1,13,45.2,22,3.8,64.2,16.8,0,,HighTi00
61,Maurice Morris,32,DET,RB,16,5,80,316,1,12,46.3,31,4.0,19.8,5.0,1,,MorrMa00
62,Kahlil Bell,25,CHI,RB,13,3,79,337,0,15,40.5,26,4.3,25.9,6.1,3,,BellKa00
63,Chris Ivory,23,NOR,RB,6,2,79,374,1,21,54.4,35,4.7,62.3,13.2,0,,IvorCh00
64,Danny Woodhead,26,NWE,RB,15,4,77,351,1,18,53.2,12,4.6,23.4,5.1,0,,WoodDa02
65,Michael Vick,31,PHI,QB,13,13,76,589,1,27,61.8,53,7.8,45.3,5.8,10,,VickMi00
66,Chris Ogbonnaya,25,2TM,RB,13,4,76,340,1,13,46.1,40,4.5,26.2,5.8,2,,OgboCh00
66,Chris Ogbonnaya,25,HOU,RB,2,0,3,6,0,0,0.0,4,2.0,3.0,1.5,0,,OgboCh00
66,Chris Ogbonnaya,25,CLE,RB,11,4,73,334,1,13,47.9,40,4.6,30.4,6.6,2,,OgboCh00
67,LaDainian Tomlinson,32,NYJ,RB,14,1,75,280,1,15,45.3,20,3.7,20.0,5.4,0,,TomlLa00
68,Kevin Smith,25,DET,RB,7,4,72,356,4,16,40.3,43,4.9,50.9,10.3,1,,SmitKe02
69,Deji Karim,25,JAX,RB,12,0,63,130,0,10,28.6,14,2.1,10.8,5.3,1,,KariDe00
70,Colt McCoy,25,CLE,QB,13,13,61,212,0,19,44.3,20,3.5,16.3,4.7,11,,McCoCo00
71,Aaron Rodgers,28,GNB,QB,15,15,60,257,3,18,38.3,25,4.3,17.1,4.0,4,PBAP-1AP MVP-1AP OPoY-2,RodgAa00
72,Javon Ringer,24,TEN,RB,12,0,59,185,1,7,30.5,25,3.1,15.4,4.9,1,,RingJa00
73,Ryan Torain,25,WAS,RB,8,4,59,200,1,5,40.7,39,3.4,25.0,7.4,1,,ToraRy00
74,Keiland Williams,25,DET,RB,15,0,58,195,2,12,32.8,18,3.4,13.0,3.9,2,,WillKe03
75,Jacquizz Rodgers,21,ATL,RB,16,0,57,205,1,16,47.4,13,3.6,12.8,3.6,1,,RodgJa00
76,Tashard Choice,27,3TM,RB,13,1,57,152,1,10,31.6,14,2.7,11.7,4.4,3,,ChoiTa00
76,Tashard Choice,27,DAL,RB,6,1,28,75,0,4,28.6,14,2.7,12.5,4.7,2,,ChoiTa00
76,Tashard Choice,27,WAS,RB,1,0,6,7,0,0,0.0,9,1.2,7.0,6.0,0,,ChoiTa00
76,Tashard Choice,27,BUF,RB,6,0,23,70,1,6,43.5,12,3.0,11.7,3.8,1,,ChoiTa00
77,Ryan Fitzpatrick,29,BUF,QB,16,16,56,215,0,20,48.2,18,3.8,13.4,3.5,7,,FitzRy00
78,Evan Royster,24,WAS,RB,6,2,56,328,0,17,60.7,28,5.9,54.7,9.3,0,,RoysEv00
79,Josh Freeman,23,TAM,QB,15,15,55,238,4,25,54.5,25,4.3,15.9,3.7,9,,FreeJo00
80,Leon Washington,29,SEA,RB,16,1,53,248,1,9,35.8,48,4.7,15.5,3.3,2,,WashLe00
81,Percy Harvin,23,MIN,WR,16,14,52,345,2,15,53.8,39,6.6,21.6,3.3,2,,HarvPe00
82,Alex Smith,27,SFO,QB,16,16,52,179,2,13,36.5,14,3.4,11.2,3.3,7,AP CPoY-3,SmitAl03
83,Blaine Gabbert,22,JAX,QB,15,14,48,98,0,8,29.2,12,2.0,6.5,3.2,14,,GabbBl00
84,Justin Forsett,26,SEA,RB,16,0,46,145,1,6,23.9,22,3.2,9.1,2.9,0,,ForsJu00
85,Danny Ware,26,NYG,RB,16,1,46,163,0,7,43.5,17,3.5,10.2,2.9,0,,WareDa00
86,Derrick Ward,31,HOU,RB,12,1,45,154,2,11,46.7,15,3.4,12.8,3.8,0,,WardDe01
87,Jason Snelling,28,ATL,RB,15,0,44,151,0,8,34.1,18,3.4,10.1,2.9,0,,SnelJa00
88,Tom Brady,34,NWE,QB,16,16,43,109,3,23,62.8,13,2.5,6.8,2.7,6,PB,BradTo00
89,Joe McKnight,23,NYJ,RB,15,0,43,134,0,8,39.5,11,3.1,8.9,2.9,3,,McKnJo00
90,LaRod Stephens-Howling,24,ARI,RB,14,1,43,167,0,5,39.5,39,3.9,11.9,3.1,0,,StepLa00
91,Ronnie Brown,30,PHI,RB,16,2,42,136,1,11,45.2,15,3.2,8.5,2.6,1,,BrowRo05
92,Tarvaris Jackson,28,SEA,QB,15,14,40,108,1,7,30.0,13,2.7,7.2,2.7,9,,JackTa00
93,Joe Flacco,26,BAL,QB,16,16,39,88,1,13,35.9,33,2.3,5.5,2.4,11,,FlacJo00
94,Andy Dalton,24,CIN,QB,16,16,37,152,1,8,29.7,17,4.1,9.5,2.3,4,PBAP ORoY-2,DaltAn00
95,Earnest Graham,31,TAM,RB,7,2,37,206,0,5,45.9,34,5.6,29.4,5.3,1,,GrahEa00
96,Knowshon Moreno,24,DEN,RB,7,2,37,179,0,5,32.4,24,4.8,25.6,5.3,1,,MoreKn00
97,Matt Ryan,26,ATL,QB,16,16,37,84,2,11,35.1,12,2.3,5.3,2.3,5,,RyanMa00
98,Mark Sanchez,25,NYJ,QB,16,16,37,103,6,15,43.2,25,2.8,6.4,2.3,10,,SancMa00
99,Eli Manning,30,NYG,QB,16,16,35,15,1,2,8.6,12,0.4,0.9,2.2,8,PBAP CPoY-6,MannEl00
100,Matt Moore,27,MIA,QB,13,12,32,65,2,5,21.9,16,2.0,5.0,2.5,14,,MoorMa01
101,Kregg Lumpkin,27,TAM,RB,16,0,31,105,0,5,38.7,19,3.4,6.6,1.9,0,,LumpKr00
102,Ben Roethlisberger,29,PIT,QB,15,15,31,70,0,6,22.6,11,2.3,4.7,2.1,8,PB,RoetBe00
103,Curtis Brinkley,26,SDG,RB,10,1,30,101,1,4,36.7,12,3.4,10.1,3.0,0,,BrinCu00
104,John Kuhn,29,GNB,FB,16,3,30,78,4,9,33.3,12,2.6,4.9,1.9,0,PBAP-2,KuhnJo00
105,Alfonso Smith,24,ARI,RB,15,0,30,102,1,7,53.3,12,3.4,6.8,2.0,0,,SmitAl22
106,Anthony Dixon,24,SFO,RB,16,0,29,87,2,6,41.4,9,3.0,5.4,1.8,0,,DixoAn00
107,Jacob Hester,26,SDG,RB,16,3,28,90,0,9,42.9,16,3.2,5.6,1.8,2,,HestJa00
108,Sammy Morris,34,DAL,RB,3,0,28,98,0,7,42.9,15,3.5,32.7,9.3,0,,MorrSa00
109,Christian Ponder,23,MIN,QB,11,10,28,219,0,14,64.3,28,7.8,19.9,2.5,6,,PondCh00
110,John Skelton,23,ARI,QB,8,7,28,128,0,11,50.0,14,4.6,16.0,3.5,4,,SkelJo00
111,Philip Rivers,30,SDG,QB,16,16,26,36,1,6,26.9,15,1.4,2.3,1.6,9,PB,RivePh00
112,Matt Cassel,29,KAN,QB,9,9,25,99,0,5,56.0,11,4.0,11.0,2.8,5,,CassMa00
113,Jerious Norwood,28,STL,RB,9,0,24,61,0,1,16.7,10,2.5,6.8,2.7,0,,NorwJe00
114,Steve Slaton,25,2TM,RB,6,0,24,84,1,3,37.5,28,3.5,14.0,4.0,0,,SlatSt00
114,Steve Slaton,25,HOU,RB,3,0,7,20,0,1,42.9,13,2.9,6.7,2.3,0,,SlatSt00
114,Steve Slaton,25,MIA,RB,3,0,17,64,1,2,35.3,28,3.8,21.3,5.7,0,,SlatSt00
115,Dion Lewis,21,PHI,RB,15,0,23,102,1,5,43.5,20,4.4,6.8,1.5,1,,LewiDi00
116,Mewelde Moore,29,PIT,RB,12,0,22,157,0,5,63.6,21,7.1,13.1,1.8,2,,MoorMe00
117,Tony Romo,31,DAL,QB,16,16,22,46,1,4,27.3,17,2.1,2.9,1.4,6,,RomoTo00
118,Matthew Stafford,23,DET,QB,16,16,22,78,0,7,31.8,22,3.5,4.9,1.4,5,AP CPoY-1,StafMa00
119,Phillip Tanner,23,DAL,RB,9,0,22,76,1,5,45.5,17,3.5,8.4,2.4,0,,TannPh00
120,Joe Webb,25,MIN,QB,11,1,22,154,2,9,54.5,65,7.0,14.0,2.0,1,,WebbJo00
121,Drew Brees,32,NOR,QB,16,16,21,86,1,5,52.4,20,4.1,5.4,1.3,1,PBAP-2AP MVP-2AP OPoY-1,BreeDr00
122,Rex Grossman,31,WAS,QB,13,13,20,11,1,2,15.0,6,0.6,0.8,1.5,8,,GrosRe00
123,Matt Hasselbeck,36,TEN,QB,16,16,20,52,0,4,30.0,21,2.6,3.3,1.3,4,,HassMa00
124,Brad Smith,28,BUF,WR,15,5,20,87,1,7,60.0,18,4.4,5.8,1.3,0,,SmitBr01
125,Chester Taylor,32,ARI,RB,12,1,20,77,1,4,40.0,34,3.9,6.4,1.7,0,,TaylCh01
126,Sam Bradford,24,STL,QB,10,10,18,26,0,3,33.3,17,1.4,2.6,1.8,10,,BradSa00
127,Jason Campbell,29,OAK,QB,6,6,18,60,2,7,50.0,17,3.3,10.0,3.0,3,,CampJa00
128,Jay Cutler,28,CHI,QB,10,10,18,55,1,4,27.8,12,3.1,5.5,1.8,7,,CutlJa00
129,Brandon Saine,23,GNB,RB,8,0,18,69,0,1,55.6,10,3.8,8.6,2.3,0,,SainBr00
130,Vince Young,28,PHI,QB,6,3,18,79,0,4,44.4,13,4.4,13.2,3.0,2,,YounVi00
131,Kevin Faulk,35,NWE,RB,7,3,17,57,0,1,52.9,9,3.4,8.1,2.4,0,,FaulKe00
132,Jamie Harper,22,TEN,RB,13,0,17,44,1,4,35.3,12,2.6,3.4,1.3,1,,HarpJa01
133,Kevin Kolb,27,ARI,QB,9,9,17,65,0,6,35.3,17,3.8,7.2,1.9,8,,KolbKe00
134,Brian Leonard,27,CIN,RB,13,0,17,85,0,4,35.3,14,5.0,6.5,1.3,0,,LeonBr00
135,Curtis Painter,26,IND,QB,9,8,17,107,0,7,52.9,24,6.3,11.9,1.9,5,,PainCu00
136,Marcel Reece,26,OAK,FB,12,6,17,112,0,7,58.8,26,6.6,9.3,1.4,1,,ReecMa00
137,Jonathan Dwyer,22,PIT,RB,7,0,16,123,0,2,37.5,76,7.7,17.6,2.3,0,,DwyeJo00
138,Lex Hilliard,27,MIA,RB,16,4,16,41,1,9,75.0,4,2.6,2.6,1.0,0,,HillLe00
139,Taiwan Jones,23,OAK,RB,10,0,16,73,0,2,37.5,14,4.6,7.3,1.6,0,,JoneTa00
140,Carson Palmer,32,OAK,QB,10,9,16,20,1,5,31.3,10,1.3,2.0,1.6,2,,PalmCa00
141,Armando Allen,22,CHI,RB,2,0,15,48,0,3,33.3,13,3.2,24.0,7.5,0,,AlleAr00
142,Chad Henne,26,MIA,QB,4,4,15,112,1,8,53.3,20,7.5,28.0,3.8,1,,HennCh01
143,Mossis Madu,24,TAM,RB,9,0,15,55,0,3,46.7,15,3.7,6.1,1.7,0,,MaduMo00
144,Le'Ron McClain,27,KAN,FB,16,10,15,51,1,3,46.7,12,3.4,3.2,0.9,0,,McClLe00
145,Matt Schaub,30,HOU,QB,10,10,15,9,2,3,20.0,3,0.6,0.9,1.5,3,,SchaMa00
146,Shane Vereen,22,NWE,RB,5,0,15,57,1,2,33.3,19,3.8,11.4,3.0,0,,VereSh00
147,Jerome Harrison,28,DET,RB,4,0,14,41,0,3,50.0,9,2.9,10.3,3.5,0,,HarrJe00
148,Jeremiah Johnson,24,DEN,RB,8,0,14,77,0,4,57.1,25,5.5,9.6,1.8,0,,JohnJe01
149,Spencer Larsen,27,DEN,FB,16,6,14,44,0,3,57.1,6,3.1,2.8,0.9,0,,LarsSp99
150,Donovan McNabb,35,MIN,QB,6,6,14,59,1,5,35.7,23,4.2,9.8,2.3,2,,McNaDo00
151,T.J. Yates,24,HOU,QB,6,5,14,57,0,3,28.6,17,4.1,9.5,2.3,5,,YateT.00
152,Lorenzo Booker,27,MIN,RB,15,0,13,52,0,3,46.2,25,4.0,3.5,0.9,3,,BookLo00
153,John Conner,24,NYJ,FB,16,8,13,44,1,6,69.2,13,3.4,2.8,0.8,0,,ConnJo00
154,Matt Flynn,26,GNB,QB,5,1,13,-6,1,1,7.7,3,-0.5,-1.2,2.6,1,,FlynMa00
155,Caleb Hanie,26,CHI,QB,6,4,13,98,0,4,61.5,24,7.5,16.3,2.2,1,,HaniCa00
156,Bilal Powell,23,NYJ,RB,2,0,13,21,0,1,0.0,6,1.6,10.5,6.5,1,,PoweBi00
157,Jamaal Charles,25,KAN,RB,2,1,12,83,0,3,50.0,24,6.9,41.5,6.0,1,,CharJa00
158,Vonta Leach,30,BAL,FB,16,16,12,35,0,10,83.3,6,2.9,2.2,0.8,0,PBAP-1,LeacVo00
159,Josh McCown,32,CHI,QB,3,2,12,68,0,5,66.7,28,5.7,22.7,4.0,2,,McCoJo01
160,Johnny White,23,BUF,RB,12,0,12,38,0,1,41.7,13,3.2,3.2,1.0,0,,WhitJo01
161,Nate Burleson,30,DET,WR,16,11,11,85,0,6,63.6,20,7.7,5.3,0.7,1,,BurlNa00
162,Josh Johnson,25,TAM,QB,9,1,11,67,0,3,63.6,14,6.1,7.4,1.2,1,,JohnJo05
163,Kyle Orton,29,2TM,QB,9,8,11,13,0,2,18.2,13,1.2,1.4,1.2,2,,OrtoKy00
163,Kyle Orton,29,DEN,QB,5,5,5,17,0,2,40.0,13,3.4,3.4,1.0,2,,OrtoKy00
163,Kyle Orton,29,KAN,QB,4,3,6,-4,0,0,0.0,2,-0.7,-1.0,1.5,0,,OrtoKy00
164,John Beck,30,WAS,QB,4,3,10,43,2,3,60.0,12,4.3,10.8,2.5,3,,BeckJo00
165,John Clay,23,PIT,RB,2,0,10,41,1,1,40.0,10,4.1,20.5,5.0,0,,ClayJo00
166,Montell Owens,27,JAX,RB,13,0,10,39,0,4,50.0,9,3.9,3.0,0.8,0,PB,OwenMo01
167,Kyle Boller,30,OAK,QB,2,1,9,38,0,3,44.4,20,4.2,19.0,4.5,3,,BollKy00
168,DuJuan Harris,23,JAX,RB,5,0,9,42,0,2,55.6,24,4.7,8.4,1.8,0,,HarrDu01
169,Stefan Logan,30,DET,RB,16,1,9,32,0,2,55.6,16,3.6,2.0,0.6,6,,LogaSt00
170,Thomas Clayton,27,CLE,RB,3,0,8,12,0,1,50.0,4,1.5,4.0,2.7,0,,ClayTh00
171,Ted Ginn Jr.,26,SFO,WR,14,3,8,68,0,4,75.0,24,8.5,4.9,0.6,0,,GinnTe00
172,Jake Locker,23,TEN,QB,5,0,8,56,1,4,62.5,17,7.0,11.2,1.6,0,,LockJa00
173,Antonio Brown,23,PIT,WR,16,3,7,41,0,2,57.1,10,5.9,2.6,0.4,0,PB,BrowAn04
174,Josh Cribbs,28,CLE,WR,16,7,7,25,0,0,28.6,15,3.6,1.6,0.4,3,,CribJo01
175,DeSean Jackson,25,PHI,WR,15,15,7,41,0,2,71.4,18,5.9,2.7,0.5,1,,JackDe00
176,Luke McCown,30,JAX,QB,4,2,7,23,0,3,57.1,9,3.3,5.8,1.8,2,,McCoLu00
177,Eddie Royal,25,DEN,WR,12,8,7,48,0,3,71.4,11,6.9,4.0,0.6,0,,RoyaEd00
178,Josh Vaughan,25,CAR,RB,7,0,7,24,0,0,0.0,9,3.4,3.4,1.0,0,,VaugJo01
179,Seneca Wallace,31,CLE,QB,6,3,7,70,0,4,57.1,27,10.0,11.7,1.2,1,,WallSe00
180,Arrelious Benn,23,TAM,WR,14,14,6,-7,0,0,16.7,9,-1.2,-0.5,0.4,0,,BennAr00
181,Kellen Clemens,28,STL,QB,3,3,6,37,1,1,33.3,18,6.2,12.3,2.0,2,,ClemKe00
182,Ahmard Hall,32,TEN,FB,12,7,6,24,0,3,66.7,12,4.0,2.0,0.5,1,,HallAh00
183,Julio Jones,22,ATL,WR,13,13,6,56,0,4,83.3,19,9.3,4.3,0.5,1,,JoneJu02
184,Louis Murphy,24,OAK,WR,11,1,6,69,1,4,83.3,27,11.5,6.3,0.5,0,,MurpLo00
185,Dan Orlovsky,28,IND,QB,8,5,6,5,0,1,16.7,7,0.8,0.6,0.8,7,,OrloDa00
186,Steve Smith Sr.,32,CAR,WR,16,16,6,56,0,3,83.3,23,9.3,3.5,0.4,3,PBAP CPoY-4,SmitSt01
187,Darrel Young,24,WAS,FB,13,8,6,33,1,6,100.0,12,5.5,2.5,0.5,0,,YounDa01
188,Allen Bradford,23,TAM,RB,1,0,5,13,0,0,0.0,4,2.6,13.0,5.0,0,,BradAl00
189,A.J. Green,23,CIN,WR,15,15,5,53,0,3,80.0,22,10.6,3.5,0.3,1,PB,GreeA.00
190,Andrew Hawkins,25,CIN,WR,13,0,5,25,0,2,80.0,8,5.0,1.9,0.4,0,,HawkAn00
191,Aaron Hernandez,22,NWE,TE,14,12,5,45,0,2,60.0,19,9.0,3.2,0.4,1,,HernAa00
192,Jeremy Kerley,23,NYJ,WR,14,1,5,28,0,1,60.0,16,5.6,2.0,0.4,3,,KerlJe00
193,Brit Miller,25,STL,LB,12,1,5,14,0,1,40.0,12,2.8,1.2,0.4,0,,MillBr01
194,Denarius Moore,23,OAK,WR,13,10,5,61,1,3,60.0,25,12.2,4.7,0.4,1,,MoorDe02
195,Tyler Palko,28,KAN,QB,6,4,5,15,0,1,60.0,12,3.0,2.5,0.8,1,,PalkTy00
196,Chris Redman,34,ATL,QB,5,0,5,-6,0,0,0.0,-1,-1.2,-1.2,1.0,0,,RedmCh00
197,Da'Rel Scott,23,NYG,RB,11,0,5,16,0,1,40.0,8,3.2,1.5,0.5,1,,ScotDa01
198,Golden Tate,23,SEA,WR,16,5,5,14,0,2,40.0,14,2.8,0.9,0.3,1,,TateGo00
199,Billy Volek,35,SDG,QB,2,0,5,-5,0,0,0.0,-1,-1.0,-2.5,2.5,0,,VoleBi00
200,Mike Wallace,25,PIT,WR,16,14,5,57,0,4,80.0,21,11.4,3.6,0.3,1,PB,WallMi00
201,Rock Cartwright,32,OAK,FB,15,0,4,45,0,1,75.0,35,11.3,3.0,0.3,0,,CartRo01
202,Jed Collins,25,NOR,FB,16,11,4,4,2,3,75.0,2,1.0,0.3,0.3,0,,CollJe01
203,Julian Edelman,25,NWE,WR,13,0,4,8,0,2,50.0,6,2.0,0.6,0.3,3,,EdelJu00
204,Tony Fiammetta,25,DAL,FB,10,6,4,4,0,1,25.0,3,1.0,0.4,0.4,0,,FiamTo00
205,Jacoby Ford,24,OAK,WR,8,3,4,31,0,1,50.0,30,7.8,3.9,0.5,3,,FordJa01
206,Pierre Garcon,25,IND,WR,16,16,4,28,0,1,75.0,18,7.0,1.8,0.3,2,,GarcPi00
207,Brian Hoyer,26,NWE,QB,3,0,4,-3,0,0,0.0,,-0.8,-1.0,1.3,0,,HoyeBr00
208,Jacoby Jones,27,HOU,WR,16,10,4,17,0,1,50.0,15,4.3,1.1,0.3,0,,JoneJa03
209,Owen Marecic,23,CLE,RB,14,4,4,8,0,1,25.0,3,2.0,0.6,0.3,1,,MareOw00
210,Stephen McGee,26,DAL,QB,1,0,4,28,0,1,100.0,12,7.0,28.0,4.0,0,,McGeSt00
211,Robert Meachem,27,NOR,WR,16,8,4,18,0,1,50.0,8,4.5,1.1,0.3,0,,MeacRo00
212,Bruce Miller,24,SFO,FB,15,8,4,8,0,2,50.0,3,2.0,0.5,0.3,1,,MillBr02
213,Michael Robinson,28,SEA,FB,14,4,4,7,0,1,50.0,3,1.8,0.5,0.3,1,PB,RobiMi00
214,Owen Schmitt,26,PHI,FB,16,5,4,6,0,0,25.0,4,1.5,0.4,0.3,0,,SchmOw00
215,Torrey Smith,22,BAL,WR,16,14,4,39,0,3,75.0,16,9.8,2.4,0.3,1,,SmitTo02
216,Wes Welker,30,NWE,WR,16,15,4,30,0,2,75.0,19,7.5,1.9,0.3,1,PBAP-1,WelkWe00
217,Charlie Whitehurst,29,SEA,QB,3,2,4,13,0,1,25.0,7,3.3,4.3,1.3,2,,WhitCh02
218,Anthony Allen,23,BAL,RB,5,0,3,8,0,0,0.0,3,2.7,1.6,0.6,0,,AlleAn01
219,Javier Arenas,24,KAN,DB,15,1,3,12,1,2,66.7,7,4.0,0.8,0.2,1,,ArenJa99
220,Charlie Batch,37,PIT,QB,4,1,3,-2,0,0,0.0,,-0.7,-0.5,0.8,0,,BatcCh00
221,Richie Brockel,25,CAR,TE,11,2,3,12,1,3,100.0,7,4.0,1.1,0.3,0,,BrocRi00
222,Chase Daniel,25,NOR,QB,16,0,3,-3,0,0,0.0,-1,-1.0,-0.2,0.2,0,,DaniCh00
223,A.J. Feeley,34,STL,QB,5,3,3,4,0,1,33.3,6,1.3,0.8,0.6,3,,FeelA.00
224,Jerome Felton,25,2TM,RB,14,3,3,10,0,3,100.0,4,3.3,0.7,0.2,0,,FeltJe00
224,Jerome Felton,25,CAR,RB,9,1,3,10,0,3,100.0,4,3.3,1.1,0.3,0,,FeltJe00
225,Bruce Gradkowski,28,CIN,QB,2,0,3,1,0,1,33.3,1,0.3,0.5,1.5,0,,GradBr00
226,Alex Green,23,GNB,RB,4,0,3,11,0,0,33.3,8,3.7,2.8,0.8,0,,GreeAl00
227,Chad Hall,25,PHI,WR,7,0,3,13,0,0,66.7,7,4.3,1.9,0.4,0,,HallCh00
228,Santonio Holmes,27,NYJ,WR,16,16,3,27,0,1,66.7,23,9.0,1.7,0.2,2,,HolmSa00
229,Vincent Jackson,28,SDG,WR,16,16,3,51,0,1,66.7,41,17.0,3.2,0.2,0,PB,JackVi00
230,Mike Kafka,24,PHI,QB,4,0,3,0,0,0,0.0,,0.0,0.0,0.8,0,,KafkMi00
231,Jon Kitna,39,DAL,QB,3,0,3,-2,0,0,0.0,,-0.7,-0.7,1.0,0,,KitnJo00
232,Greg Little,22,CLE,WR,16,12,3,15,0,2,66.7,13,5.0,0.9,0.2,0,,LittGr00
233,Cedric Peerman,25,CIN,RB,15,0,3,15,0,0,0.0,11,5.0,1.0,0.2,0,,PeerCe00
234,Andre Roberts,23,ARI,WR,16,16,3,27,0,2,100.0,12,9.0,1.7,0.2,1,,RobeAn00
235,Armond Smith,25,CLE,RB,3,0,3,2,0,0,0.0,6,0.7,0.7,1.0,0,,SmitAr00
236,Mike Thomas,24,JAX,WR,15,13,3,11,0,1,33.3,12,3.7,0.7,0.2,1,,ThomMi01
237,Delanie Walker,27,SFO,FB,15,7,3,5,0,1,33.3,14,1.7,0.3,0.2,0,,WalkHu00
238,Derek Anderson,28,CAR,QB,2,0,2,-2,0,0,0.0,-1,-1.0,-1.0,1.0,0,,AndeDe00
239,Anthony Armstrong,28,WAS,WR,14,2,2,19,0,1,100.0,14,9.5,1.4,0.1,0,,ArmsAn00
240,Miles Austin,27,DAL,WR,10,10,2,3,0,0,50.0,5,1.5,0.3,0.2,1,,AustMi00
241,Davone Bess,26,MIA,WR,16,4,2,9,0,0,50.0,5,4.5,0.6,0.1,5,,BessDa00
242,Brock Bolen,26,JAX,RB,13,0,2,14,0,1,100.0,10,7.0,1.1,0.2,0,,BoleBr00
243,Randall Cobb,21,GNB,WR,15,0,2,5,0,0,50.0,4,2.5,0.3,0.1,3,,CobbRa00
244,Kerry Collins,39,IND,QB,3,3,2,-1,0,0,0.0,,-0.5,-0.3,0.7,4,,CollKe00
245,Chris Cooley,29,WAS,TE,5,5,2,3,0,1,50.0,3,1.5,0.6,0.4,0,,CoolCh00
246,Vernon Davis,27,SFO,TE,16,16,2,-5,0,0,0.0,-2,-2.5,-0.3,0.1,3,,DaviVe00
247,Brandon Gibson,24,STL,WR,15,9,2,16,0,2,100.0,11,8.0,1.1,0.1,0,,GibsBr00
248,Greg Jones,30,JAX,FB,16,9,2,7,1,1,100.0,6,3.5,0.4,0.1,0,,JoneGr01
249,Colin Kaepernick,24,SFO,QB,3,0,2,-2,0,0,0.0,-1,-1.0,-0.7,0.7,0,,KaepCo00
250,Chris Kluwe,30,MIN,P,16,0,2,-12,0,0,0.0,,-6.0,-0.8,0.1,1,,KluwCh20
251,J.P. Losman,30,MIA,QB,2,0,2,1,0,0,0.0,1,0.5,0.5,1.0,1,,LosmJ.00
252,Ovie Mughelli,31,ATL,FB,7,5,2,1,0,0,0.0,1,0.5,0.1,0.3,0,,MughOv00
253,Kevin Ogletree,24,DAL,WR,14,1,2,3,0,1,50.0,7,1.5,0.2,0.1,1,,OgleKe00
254,Sidney Rice,25,SEA,WR,9,9,2,3,0,0,0.0,3,1.5,0.3,0.2,1,,RiceSi01
255,Donte' Stallworth,31,WAS,WR,11,0,2,1,0,0,0.0,2,0.5,0.1,0.2,0,,StalDo00
256,Nate Washington,28,TEN,WR,16,15,2,5,1,2,50.0,3,2.5,0.3,0.1,0,,WashNa00
257,Eddie Williams,24,2TM,RB,6,0,2,2,0,1,50.0,1,1.0,0.3,0.3,0,,WillEd00
257,Eddie Williams,24,SEA,RB,3,0,2,2,0,1,50.0,1,1.0,0.7,0.7,0,,WillEd00
258,Kyle Williams,23,SFO,WR,13,1,2,32,0,1,100.0,25,16.0,2.5,0.2,0,,WillKy01
259,Titus Young,22,DET,WR,16,9,2,15,0,1,100.0,11,7.5,0.9,0.1,1,,YounTi00
260,David Ausberry,24,OAK,WR,12,0,1,-2,0,0,0.0,-2,-2.0,-0.2,0.1,0,,AusbDa00
261,Doug Baldwin,23,SEA,WR,16,1,1,-2,0,0,0.0,-2,-2.0,-0.1,0.1,0,,BaldDo00
262,Brandon Banks,24,WAS,WR,16,0,1,1,0,0,100.0,1,1.0,0.1,0.1,7,,BankBr00
263,Richard Bartel,28,ARI,QB,2,0,1,9,0,1,0.0,9,9.0,4.5,0.5,0,,BartRi00
264,Dwayne Bowe,27,KAN,WR,16,14,1,12,0,0,100.0,12,12.0,0.8,0.1,1,,BoweDw00
265,Steve Breaston,28,KAN,WR,16,13,1,25,0,1,100.0,25,25.0,1.6,0.1,0,,BreaSt00
266,Aaron Brown,26,DET,RB,1,0,1,0,0,0,0.0,,0.0,0.0,1.0,0,,BrowAa00
267,Dez Bryant,23,DAL,WR,15,13,1,5,0,0,100.0,5,5.0,0.3,0.1,3,,BryaDe01
268,James Casey,27,HOU,FB,14,7,1,11,0,1,100.0,11,11.0,0.8,0.1,0,,CaseJa00
269,Dustin Colquitt,29,KAN,P,16,0,1,-3,0,0,0.0,-3,-3.0,-0.2,0.1,1,,ColqDu20
270,Jerricho Cotchery,29,PIT,WR,13,0,1,3,0,0,100.0,3,3.0,0.2,0.1,0,,CotcJe00
271,Michael Crabtree,24,SFO,WR,15,14,1,6,0,0,0.0,6,6.0,0.4,0.1,0,,CrabMi00
272,Antonio Cromartie,27,NYJ,RCB,16,16,1,1,0,0,0.0,1,1.0,0.1,0.1,2,,CromAn20
273,Victor Cruz,25,NYG,WR,16,7,1,3,0,0,0.0,3,3.0,0.2,0.1,1,AP-2,CruzVi00
274,Eric Decker,24,DEN,WR,16,13,1,1,0,0,0.0,1,1.0,0.1,0.1,1,,DeckEr00
275,Harry Douglas,27,ATL,WR,16,4,1,3,0,0,0.0,3,3.0,0.2,0.1,0,,DougHa00
276,Armanti Edwards,23,CAR,QB,16,0,1,5,0,0,100.0,5,5.0,0.3,0.1,0,,EdwaAr00
277,Clyde Gates,25,MIA,WR,15,0,1,4,0,1,0.0,4,4.0,0.3,0.1,0,,GateCl00
278,Rob Gronkowski,22,NWE,TE,16,16,1,2,1,1,100.0,2,2.0,0.1,0.1,0,PBAP-1,GronRo00
279,Nick Harris,33,JAX,P,11,0,1,0,0,0,0.0,,0.0,0.0,0.1,0,,HarrNi20
280,Brian Hartline,25,MIA,WR,16,10,1,9,0,1,100.0,9,9.0,0.6,0.1,0,,HartBr00
281,Devery Henderson,29,NOR,WR,16,13,1,9,0,1,100.0,9,9.0,0.6,0.1,1,,HendDe00
282,Devin Hester,29,CHI,WR,16,8,1,-6,0,0,0.0,-6,-6.0,-0.4,0.1,5,AP-2,HestDe99
283,Shaun Hill,31,DET,QB,2,0,1,-1,0,0,0.0,-1,-1.0,-0.5,0.5,0,,HillSh00
284,Jeremy Horne,25,KAN,WR,9,0,1,5,0,0,0.0,5,5.0,0.6,0.1,0,,HornJe00
285,Andre Johnson,30,HOU,WR,7,7,1,8,0,0,100.0,8,8.0,1.1,0.1,0,,JohnAn02
286,Bryant Johnson,30,HOU,WR,16,0,1,1,0,0,0.0,1,1.0,0.1,0.1,0,,JohnBr02
287,Calvin Johnson,26,DET,WR,16,16,1,11,0,0,100.0,11,11.0,0.7,0.1,1,PBAP-1,JohnCa00
288,Larry Johnson,32,MIA,RB,1,0,1,2,0,0,0.0,2,2.0,2.0,1.0,0,,JohnLa00
289,Donald Jones,24,BUF,WR,8,7,1,2,0,0,0.0,2,2.0,0.3,0.1,0,,JoneDo00
290,Donnie Jones,31,STL,P,16,0,1,9,0,0,0.0,9,9.0,0.6,0.1,0,,JoneDo21
291,Lance Kendricks,23,STL,FB,15,10,1,-8,0,0,0.0,-8,-8.0,-0.5,0.1,1,,KendLa00
292,Brett Kern,25,TEN,P,16,0,1,21,0,1,100.0,21,21.0,1.3,0.1,0,,KernBr20
293,Andy Lee,29,SFO,P,16,0,1,-18,0,0,0.0,-18,-18.0,-1.1,0.1,0,PBAP-1,LeexAn20
294,Matt Leinart,28,HOU,QB,2,1,1,-1,0,0,0.0,-1,-1.0,-0.5,0.5,0,,LeinMa00
295,Jeremy Maclin,23,PHI,WR,13,13,1,1,0,0,0.0,1,1.0,0.1,0.1,1,,MaclJe00
296,Marc Mariani,24,TEN,WR,16,0,1,4,0,0,0.0,4,4.0,0.3,0.1,1,,MariMa00
297,Brandon Marshall,27,MIA,WR,16,16,1,13,0,1,100.0,13,13.0,0.8,0.1,1,PB,MarsBr00
298,Tim Masthay,24,GNB,P,16,0,1,6,0,1,100.0,6,6.0,0.4,0.1,2,,MastTi99
299,Heath Miller,29,PIT,TE,16,16,1,6,0,1,100.0,6,6.0,0.4,0.1,1,,MillHe00
300,Cameron Morrah,24,SEA,TE,9,4,1,1,0,0,0.0,1,1.0,0.1,0.1,0,,MorrCa00
301,Ben Obomanu,28,SEA,WR,16,7,1,13,0,1,100.0,13,13.0,0.8,0.1,0,,ObomBe00
302,Preston Parker,24,TAM,WR,16,0,1,-3,0,0,0.0,-3,-3.0,-0.2,0.1,8,,ParkPr00
303,Niles Paul,22,WAS,WR,13,2,1,7,0,1,100.0,7,7.0,0.5,0.1,0,,PaulNi00
304,Patrick Peterson,21,ARI,RCB,16,16,1,0,0,0,0.0,,0.0,0.0,0.1,4,PBAP-1,PetePa00
305,Austin Pettis,23,STL,WR,12,3,1,-6,0,0,0.0,-6,-6.0,-0.5,0.1,2,,PettAu00
306,B.J. Raji,25,GNB,NT,16,16,1,1,1,1,100.0,1,1.0,0.1,0.1,0,PB,RajiBJ99
307,David Reed,24,BAL,WR,11,0,1,16,0,1,100.0,16,16.0,1.5,0.1,3,,ReedDa00
308,Greg Salas,23,STL,WR,6,0,1,8,0,1,100.0,8,8.0,1.3,0.2,3,,SalaGr00
309,Dane Sanzenbacher,23,CHI,WR,16,1,1,-4,0,0,0.0,-4,-4.0,-0.3,0.1,0,,SanzDa00
310,Tony Scheffler,28,DET,TE,15,5,1,5,0,0,100.0,5,5.0,0.3,0.1,1,,ScheTo00
311,Anthony Sherman,23,ARI,FB,15,7,1,3,0,1,100.0,3,3.0,0.2,0.1,0,,SherAn00
312,Tyrod Taylor,22,BAL,QB,3,0,1,2,0,0,0.0,2,2.0,0.7,0.3,0,,TaylTy00
313,Tyler Thigpen,27,BUF,QB,3,0,1,8,0,0,100.0,8,8.0,2.7,0.3,0,,ThigTy00
314,Demaryius Thomas,24,DEN,WR,11,5,1,5,0,0,100.0,5,5.0,0.5,0.1,0,,ThomDe03
315,Manase Tonga,27,OAK,RB,11,3,1,12,0,1,100.0,12,12.0,1.1,0.1,0,,TongMa00
316,Matt Turk,43,2TM,P,9,0,1,0,0,0,0.0,,0.0,0.0,0.1,1,,TurkMa20
316,Matt Turk,43,JAX,P,5,0,1,0,0,0,0.0,,0.0,0.0,0.2,1,,TurkMa20
317,Jerheme Urban,31,KAN,WR,6,1,1,7,0,0,100.0,7,7.0,1.2,0.2,0,,UrbaJe00
318,Lawrence Vickers,28,HOU,FB,14,1,1,0,0,0,0.0,,0.0,0.0,0.1,0,,VickLa00
319,Chauncey Washington,26,DAL,RB,2,0,1,-1,0,0,0.0,-1,-1.0,-0.5,0.5,0,,WashCh00
320,Steve Weatherford,29,NYG,P,16,0,1,0,0,0,0.0,,0.0,0.0,0.1,0,,WeatSt20
321,Eric Weddle,26,SDG,FS,16,16,1,10,0,1,100.0,10,10.0,0.6,0.1,0,PBAP-1,WeddEr99
322,Mike Williams,24,TAM,WR,16,15,1,3,0,0,0.0,3,3.0,0.2,0.1,2,,WillMi04
323,George Wilson,30,BUF,SS,13,13,1,6,0,1,100.0,6,6.0,0.5,0.1,0,,WilsGe01
