Rk,Player,Age,Team,Pos,G,GS,Att,Yds,TD,1D,Succ%,Lng,Y/A,Y/G,A/G,Fmb,Awards,-9999
1,Arian Foster,26,HOU,RB,16,16,351,1424,15,78,44.4,46,4.1,89.0,21.9,3,PB,FostAr00
2,Adrian Peterson,27,MIN,RB,16,16,348,2097,12,88,46.8,82,6.0,131.1,21.8,4,PBAP-1AP MVP-1AP OPoY-1AP CPoY-2,PeteAd01
3,Alfred Morris,24,WAS,RB,16,16,335,1613,13,86,50.1,39,4.8,100.8,20.9,4,AP-2,MorrAl00
4,Doug Martin,23,TAM,RB,16,16,319,1454,11,64,44.8,70,4.6,90.9,19.9,1,PB,MartDo00
5,Marshawn Lynch,26,SEA,RB,16,15,315,1590,11,70,48.6,77,5.0,99.4,19.7,5,PBAP-1,LyncMa00
6,Stevan Ridley,23,NWE,RB,16,12,290,1263,12,83,52.8,41,4.4,78.9,18.1,4,,RidlSt00
7,Jamaal Charles,26,KAN,RB,16,15,285,1509,5,63,46.7,91,5.3,94.3,17.8,5,PBAP-2AP CPoY-3,CharJa00
8,BenJarvus Green-Ellis,27,CIN,RB,15,15,278,1094,6,55,46.0,48,3.9,72.9,18.5,3,,GreeBe00
9,Shonn Greene,27,NYJ,RB,16,14,276,1063,8,52,51.1,36,3.9,66.4,17.3,4,,GreeSh00
10,Chris Johnson,27,TEN,RB,16,15,276,1243,6,46,41.7,94,4.5,77.7,17.3,5,,JohnCh04
11,Trent Richardson,22,CLE,RB,15,15,267,950,11,38,42.3,32,3.6,63.3,17.8,3,,RichTr00
12,Frank Gore,29,SFO,RB,16,16,258,1214,8,68,47.7,37,4.7,75.9,16.1,2,PB,GoreFr00
13,Steven Jackson,29,STL,RB,16,16,258,1045,4,49,45.3,46,4.1,65.3,16.1,0,,JackSt00
14,Ray Rice,25,BAL,RB,16,16,257,1143,9,52,43.2,46,4.4,71.4,16.1,1,PB,RiceRa00
15,Matt Forte,27,CHI,RB,15,15,248,1094,5,45,41.5,46,4.4,72.9,16.5,2,,FortMa00
16,Reggie Bush,27,MIA,RB,16,16,227,986,6,43,50.2,65,4.3,61.6,14.2,4,,BushRe00
17,Michael Turner,30,ATL,RB,16,16,222,800,10,40,41.0,43,3.6,50.0,13.9,3,,TurnMi00
18,Ahmad Bradshaw,26,NYG,RB,14,12,221,1015,6,58,50.7,37,4.6,72.5,15.8,3,,BradAh00
19,Darren McFadden,25,OAK,RB,12,12,216,707,2,35,35.2,64,3.3,58.9,18.0,2,,McFaDa00
20,Mikel Leshoure,22,DET,RB,14,14,215,798,9,47,45.6,16,3.7,57.0,15.4,3,,LeshMi00
21,Vick Ballard,22,IND,RB,16,12,211,814,2,52,46.0,26,3.9,50.9,13.2,3,,BallVi00
22,C.J. Spiller,25,BUF,RB,16,9,207,1244,6,53,53.6,62,6.0,77.8,12.9,3,PB,SpilC.00
23,LeSean McCoy,24,PHI,RB,12,12,200,840,2,45,49.5,34,4.2,70.0,16.7,4,,McCoLe01
24,Ryan Mathews,25,SDG,RB,12,9,184,707,1,35,47.3,31,3.8,58.9,15.3,2,,MathRy00
25,DeAngelo Williams,29,CAR,RB,16,10,173,737,5,34,42.8,65,4.3,46.1,10.8,2,,WillDe02
26,Willis McGahee,31,DEN,RB,10,9,167,731,4,44,56.3,31,4.4,73.1,16.7,5,,McGaWi00
27,DeMarco Murray,24,DAL,RB,10,10,161,663,4,39,53.4,48,4.1,66.3,16.1,3,,MurrDe00
28,Jonathan Dwyer,23,PIT,RB,13,6,156,623,2,29,41.7,34,4.0,47.9,12.0,2,,DwyeJo00
29,Mark Ingram,23,NOR,RB,16,5,156,602,5,29,47.4,31,3.9,37.6,9.8,0,,IngrMa01
30,Knowshon Moreno,25,DEN,RB,8,6,138,525,4,32,53.6,20,3.8,65.6,17.3,1,,MoreKn00
31,Alex Green,24,GNB,RB,12,4,135,464,0,17,37.8,41,3.4,38.7,11.3,1,,GreeAl00
32,Cam Newton,23,CAR,QB,16,16,127,741,8,52,52.0,72,5.8,46.3,7.9,10,,NewtCa00
33,Robert Griffin III,22,WAS,QB,15,15,120,815,7,45,56.7,76,6.8,54.3,8.0,12,PBAP ORoY-1,GrifRo01
34,Bryce Brown,21,PHI,RB,16,4,115,564,4,33,39.1,65,4.9,35.3,7.2,4,,BrowBr02
35,Fred Jackson,31,BUF,RB,10,8,115,437,3,26,47.0,15,3.8,43.7,11.5,5,,JackFr02
36,Michael Bush,28,CHI,RB,13,1,114,411,5,28,46.5,20,3.6,31.6,8.8,1,,BushMi00
37,Felix Jones,25,DAL,RB,16,7,111,402,3,24,47.7,22,3.6,25.1,6.9,2,,JoneFe00
38,Bilal Powell,24,NYJ,RB,14,2,110,437,4,24,46.4,18,4.0,31.2,7.9,0,,PoweBi00
39,Isaac Redman,28,PIT,RB,14,5,110,410,2,28,40.9,28,3.7,29.3,7.9,3,,RedmIs20
40,LaRod Stephens-Howling,25,ARI,RB,14,5,110,356,4,15,32.7,52,3.2,25.4,7.9,0,,StepLa00
41,Donald Brown,25,IND,RB,10,4,108,417,1,23,43.5,19,3.9,41.7,10.8,0,,BrowDo00
42,Bernard Pierce,21,BAL,RB,16,0,108,532,1,24,45.4,78,4.9,33.3,6.8,0,,PierBe00
43,Pierre Thomas,28,NOR,RB,15,4,105,473,1,17,52.4,48,4.5,31.5,7.0,0,,ThomPi00
44,Rashad Jennings,27,JAX,RB,10,6,101,283,2,16,37.6,21,2.8,28.3,10.1,3,,JennRa00
45,Daryl Richardson,22,STL,RB,16,0,98,475,0,22,42.9,53,4.8,29.7,6.1,3,,RichDa00
46,Jackie Battle,29,SDG,RB,16,5,95,311,3,19,34.7,52,3.3,19.4,5.9,0,,BattJa00
47,Jacquizz Rodgers,22,ATL,RB,16,0,94,362,1,16,36.2,43,3.9,22.6,5.9,0,,RodgJa00
48,Russell Wilson,24,SEA,QB,16,16,94,489,4,29,55.3,25,5.2,30.6,5.9,6,PBAP ORoY-3,WilsRu00
49,Jonathan Stewart,25,CAR,RB,9,6,93,336,1,15,38.7,21,3.6,37.3,10.3,2,,StewJo00
50,Daniel Thomas,25,MIA,RB,12,0,91,325,4,15,50.5,20,3.6,27.1,7.6,3,,ThomDa03
51,Beanie Wells,24,ARI,RB,8,7,88,234,5,11,34.1,31,2.7,29.3,11.0,1,,WellCh00
52,Maurice Jones-Drew,27,JAX,RB,6,5,86,414,1,21,46.5,59,4.8,69.0,14.3,2,,DrewMa00
53,Peyton Hillis,26,KAN,RB,13,2,85,309,1,19,41.2,18,3.6,23.8,6.5,2,,HillPe00
54,Ronnie Hillman,21,DEN,RB,14,0,85,330,1,19,48.2,31,3.9,23.6,6.1,2,,HillRo00
55,Joique Bell,26,DET,RB,16,0,82,414,3,16,52.4,67,5.0,25.9,5.1,2,,BellJo01
56,Robert Turbin,23,SEA,RB,16,0,80,354,0,16,42.5,26,4.4,22.1,5.0,0,,TurbRo00
57,Danny Woodhead,27,NWE,RB,16,2,76,301,4,20,52.6,19,4.0,18.8,4.8,1,,WoodDa02
58,Andre Brown,26,NYG,RB,10,2,73,385,8,26,63.0,31,5.3,38.5,7.3,0,,BrowAn03
59,Kendall Hunter,24,SFO,RB,11,0,72,371,2,18,55.6,26,5.2,33.7,6.5,1,,HuntKe00
60,Cedric Benson,30,GNB,RB,5,5,71,248,1,10,49.3,11,3.5,49.6,14.2,1,,BensCe00
61,James Starks,26,GNB,RB,6,2,71,255,1,13,46.5,22,3.6,42.5,11.8,1,,StarJa00
62,David Wilson,21,NYG,RB,16,2,71,358,4,17,38.0,52,5.0,22.4,4.4,1,AP-2,WilsDa01
63,Montario Hardesty,25,CLE,RB,13,1,65,271,1,12,40.0,25,4.2,20.8,5.0,2,,HardMo00
64,Ben Tate,24,HOU,RB,11,0,65,279,2,18,49.2,25,4.3,25.4,5.9,1,,TateBe00
65,Justin Forsett,27,HOU,RB,16,0,63,374,1,14,47.6,81,5.9,23.4,3.9,0,,ForsJu00
66,Colin Kaepernick,25,SFO,QB,13,7,63,415,5,20,47.6,50,6.6,31.9,4.8,9,,KaepCo00
67,Andrew Luck,23,IND,QB,16,16,62,255,5,24,53.2,19,4.1,15.9,3.9,10,PBAP ORoY-2,LuckAn00
68,Shane Vereen,23,NWE,RB,13,1,62,251,3,15,51.6,16,4.0,19.3,4.8,1,,VereSh00
69,Michael Vick,32,PHI,QB,10,10,62,332,1,20,58.1,20,5.4,33.2,6.2,11,,VickMi00
70,Christian Ponder,24,MIN,QB,16,16,60,253,2,12,33.3,29,4.2,15.8,3.8,7,,PondCh00
71,William Powell,24,ARI,RB,13,1,60,217,0,10,40.0,17,3.6,16.7,4.6,2,,PoweWi00
72,Shaun Draughn,25,KAN,RB,16,0,59,233,2,16,47.5,25,3.9,14.6,3.7,2,,DrauSh00
73,Marcel Reece,27,OAK,RB,16,14,59,271,0,16,54.2,17,4.6,16.9,3.7,2,PB,ReecMa00
74,Ryan Williams,22,ARI,RB,5,3,58,164,0,8,32.8,25,2.8,32.8,11.6,2,,WillRy00
75,Brandon Bolden,22,NWE,RB,10,0,56,274,2,18,53.6,27,4.9,27.4,5.6,0,,BoldBr00
76,Aaron Rodgers,29,GNB,QB,16,16,54,259,2,20,44.4,27,4.8,16.2,3.4,5,PBAP-2AP OPoY-3,RodgAa00
77,Mike Tolbert,27,CAR,RB,16,5,54,183,7,23,61.1,13,3.4,11.4,3.4,0,,TolbMi00
78,Rashard Mendenhall,25,PIT,RB,6,4,51,182,0,9,45.1,20,3.6,30.3,8.5,3,,MendRa00
79,Lamar Miller,21,MIA,RB,13,1,51,250,1,12,51.0,28,4.9,19.2,3.9,0,,MillLa01
80,Toby Gerhart,25,MIN,RB,16,0,50,169,1,11,38.0,22,3.4,10.6,3.1,2,,GerhTo00
81,Ryan Tannehill,24,MIA,QB,16,16,49,211,2,16,42.9,31,4.3,13.2,3.1,9,,TannRy00
82,Ryan Fitzpatrick,30,BUF,QB,16,16,48,197,1,9,35.4,20,4.1,12.3,3.0,8,,FitzRy00
83,Darren Sproles,29,NOR,RB,13,6,48,244,1,10,41.7,47,5.1,18.8,3.7,0,,SproDa00
84,Tashard Choice,28,BUF,RB,12,0,47,193,1,9,40.4,22,4.1,16.1,3.9,0,,ChoiTa00
85,Andy Dalton,25,CIN,QB,16,16,47,120,4,14,38.3,17,2.6,7.5,2.9,4,,DaltAn00
86,Ronnie Brown,31,SDG,RB,14,1,46,220,0,12,41.3,21,4.8,15.7,3.3,0,,BrowRo05
87,Lance Ball,27,DEN,RB,15,0,42,158,1,11,31.0,22,3.8,10.5,2.8,1,,BallLa00
88,Montell Owens,28,JAX,RB,13,4,42,209,1,10,54.8,32,5.0,16.1,3.2,0,,OwenMo01
89,LeGarrette Blount,26,TAM,RB,13,0,41,151,2,7,36.6,35,3.7,11.6,3.2,0,,BlouLe00
90,Jay Cutler,29,CHI,QB,15,15,41,233,0,15,51.2,24,5.7,15.5,2.7,8,,CutlJa00
91,Jake Locker,24,TEN,QB,11,11,41,291,1,14,48.8,32,7.1,26.5,3.7,4,,LockJa00
92,Chris Ivory,24,NOR,RB,6,2,40,217,2,7,47.5,56,5.4,36.2,6.7,0,,IvorCh00
93,Jalen Parmele,27,JAX,RB,11,2,40,143,0,9,32.5,28,3.6,13.0,3.6,0,,ParmJa00
94,Curtis Brinkley,27,SDG,RB,10,1,39,115,0,8,41.0,13,2.9,11.5,3.9,1,,BrinCu00
95,Josh Freeman,24,TAM,QB,16,16,39,139,0,16,46.2,13,3.6,8.7,2.4,10,,FreeJo00
96,Kevin Smith,26,DET,RB,12,2,37,134,1,5,43.2,19,3.6,11.2,3.1,0,,SmitKe02
97,Sam Bradford,25,STL,QB,16,16,36,124,1,8,33.3,21,3.4,7.8,2.3,7,,BradSa00
98,Cedric Peerman,26,CIN,RB,14,1,36,258,1,10,52.8,48,7.2,18.4,2.6,0,,PeerCe00
99,Mike Goodson,25,OAK,RB,12,0,35,221,0,6,42.9,43,6.3,18.4,2.9,0,,GoodMi00
100,Matthew Stafford,24,DET,QB,16,16,35,126,4,12,51.4,11,3.6,7.9,2.2,6,,StafMa00
101,DuJuan Harris,24,GNB,RB,4,2,34,157,2,8,41.2,21,4.6,39.3,8.5,0,,HarrDu01
102,Matt Ryan,27,ATL,QB,16,16,34,141,1,8,44.1,16,4.1,8.8,2.1,3,PB,RyanMa00
103,Brian Leonard,28,CIN,RB,15,0,33,106,0,7,42.4,11,3.2,7.1,2.2,0,,LeonBr00
104,Delone Carter,25,IND,RB,10,0,32,122,3,11,59.4,20,3.8,12.2,3.2,1,,CartDe01
105,Joe Flacco,27,BAL,QB,16,16,32,22,3,11,34.4,16,0.7,1.4,2.0,9,,FlacJo00
106,Tim Tebow,25,NYJ,QB,12,2,32,102,0,10,40.6,22,3.2,8.5,2.7,0,,TeboTi00
107,Ryan Grant,30,2TM,RB,5,1,32,132,2,8,37.5,18,4.1,26.4,6.4,1,,GranRy00
107,Ryan Grant,30,WAS,RB,1,0,1,5,0,0,0.0,5,5.0,5.0,1.0,0,,GranRy00
107,Ryan Grant,30,GNB,RB,4,1,31,127,2,8,38.7,18,4.1,31.8,7.8,1,,GranRy00
108,Alex Smith,28,SFO,QB,10,9,31,132,0,6,45.2,24,4.3,13.2,3.1,4,,SmitAl03
109,Joe McKnight,24,NYJ,RB,15,0,30,179,0,7,50.0,61,6.0,11.9,2.0,3,,McKnJo00
110,Tony Romo,32,DAL,QB,16,16,30,49,1,6,30.0,15,1.6,3.1,1.9,6,,RomoTo00
111,Kahlil Bell,26,2TM,RB,7,0,29,76,0,4,27.6,18,2.6,10.9,4.1,1,,BellKa00
111,Kahlil Bell,26,CHI,RB,4,0,29,76,0,4,27.6,18,2.6,19.0,7.3,0,,BellKa00
112,Armando Allen,23,CHI,RB,15,0,27,124,1,6,40.7,46,4.6,8.3,1.8,0,,AlleAr00
113,Matt Cassel,30,KAN,QB,9,8,27,145,1,12,55.6,21,5.4,16.1,3.0,9,,CassMa00
114,LaMichael James,23,SFO,RB,4,0,27,125,0,10,40.7,26,4.6,31.3,6.8,1,,JameLa00
115,Philip Rivers,31,SDG,QB,16,16,27,40,0,2,14.8,11,1.5,2.5,1.7,15,,RivePh00
116,Brandon Weeden,29,CLE,QB,15,15,27,111,0,12,51.9,25,4.1,7.4,1.8,6,,WeedBr00
117,Chris Rainey,24,PIT,RB,16,0,26,102,2,5,50.0,19,3.9,6.4,1.6,4,,RainCh00
118,Ben Roethlisberger,30,PIT,QB,13,13,26,92,0,5,42.3,14,3.5,7.1,2.0,6,,RoetBe00
119,Baron Batch,25,PIT,RB,12,0,25,49,1,4,24.0,10,2.0,4.1,2.1,0,,BatcBa00
120,Jeremy Stewart,23,OAK,RB,4,0,25,101,0,3,36.0,14,4.0,25.3,6.3,0,,StewJe00
121,Phillip Tanner,24,DAL,RB,14,0,25,61,0,4,36.0,9,2.4,4.4,1.8,0,,TannPh00
122,Tom Brady,35,NWE,QB,16,16,23,32,4,12,56.5,7,1.4,2.0,1.4,2,PBAP OPoY-3,BradTo00
123,John Kuhn,30,GNB,FB,14,3,23,63,1,4,39.1,9,2.7,4.5,1.6,0,,KuhnJo00
124,Peyton Manning,36,DEN,QB,16,16,23,6,0,2,17.4,10,0.3,0.4,1.4,2,PBAP-1AP MVP-2AP OPoY-2AP CPoY-1,MannPe00
125,Richard Murphy,26,JAX,RB,5,0,23,92,0,3,52.2,14,4.0,18.4,4.6,0,,MurpRi00
126,Evan Royster,25,WAS,RB,16,0,23,88,2,8,43.5,12,3.8,5.5,1.4,0,,RoysEv00
127,Leon Washington,30,SEA,RB,16,0,23,83,1,3,21.7,14,3.6,5.2,1.4,2,PB,WashLe00
128,Percy Harvin,24,MIN,WR,9,8,22,96,1,7,54.5,20,4.4,10.7,2.4,2,,HarvPe00
129,Mark Sanchez,26,NYJ,QB,15,15,22,28,0,3,27.3,8,1.3,1.9,1.5,14,,SancMa00
130,Anthony Dixon,25,SFO,RB,16,0,21,78,2,3,61.9,9,3.7,4.9,1.3,0,,DixoAn00
131,Lance Dunbar,22,DAL,RB,12,0,21,75,0,5,52.4,18,3.6,6.3,1.8,1,,DunbLa00
132,Matt Schaub,31,HOU,QB,16,16,21,-9,0,0,0.0,8,-0.4,-0.6,1.3,4,PB,SchaMa00
133,Eli Manning,31,NYG,QB,16,16,20,30,0,2,20.0,13,1.5,1.9,1.3,5,PB,MannEl00
134,Jamie Harper,23,TEN,RB,10,0,19,30,3,4,36.8,13,1.6,3.0,1.9,0,,HarpJa01
135,Chad Henne,27,JAX,QB,10,6,19,64,1,6,36.8,15,3.4,6.4,1.9,4,,HennCh01
136,Brady Quinn,28,KAN,QB,10,8,19,66,0,2,42.1,12,3.5,6.6,1.9,1,,QuinBr00
137,Blaine Gabbert,23,JAX,QB,10,10,18,56,0,7,55.6,10,3.1,5.6,1.8,5,,GabbBl00
138,Carson Palmer,33,OAK,QB,15,15,18,36,1,7,50.0,9,2.0,2.4,1.2,7,,PalmCa00
139,Jason Snelling,29,ATL,RB,16,2,18,63,0,3,38.9,11,3.5,3.9,1.1,1,,SnelJa00
140,Jacob Hester,27,DEN,RB,3,0,17,81,2,5,29.4,18,4.8,27.0,5.7,0,,HestJa00
141,Keith Toston,25,JAX,RB,5,1,17,74,0,2,52.9,14,4.4,14.8,3.4,0,,TostKe00
142,Anthony Allen,24,BAL,RB,16,0,16,61,1,4,43.8,20,3.8,3.8,1.0,0,,AlleAn01
143,Kevin Kolb,28,ARI,QB,6,5,16,100,1,7,56.3,22,6.3,16.7,2.7,2,,KolbKe00
144,Darius Reynaud,28,TEN,WR,16,0,16,33,0,1,12.5,11,2.1,2.1,1.0,1,,ReynDa00
145,Drew Brees,33,NOR,QB,16,16,15,5,1,2,13.3,11,0.3,0.3,0.9,5,PB,BreeDr00
146,Le'Ron McClain,28,SDG,FB,16,9,14,42,0,2,35.7,17,3.0,2.6,0.9,0,,McClLe00
147,Brad Smith,29,BUF,WR/QB,15,2,14,116,1,8,78.6,35,8.3,7.7,0.9,1,,SmitBr01
148,Tyrod Taylor,23,BAL,QB,7,0,14,73,1,5,57.1,28,5.2,10.4,2.0,0,,TaylTy00
149,Darrel Young,25,WAS,FB,16,8,14,60,0,7,57.1,16,4.3,3.8,0.9,0,,YounDa01
150,Matt Hasselbeck,37,TEN,QB,8,5,13,38,0,2,23.1,16,2.9,4.8,1.6,3,,HassMa00
151,Jorvorskie Lane,25,MIA,FB,16,5,13,13,2,5,38.5,4,1.0,0.8,0.8,3,,LaneJo00
152,Dion Lewis,22,PHI,RB,9,0,13,69,1,6,53.8,17,5.3,7.7,1.4,0,,LewiDi00
153,Mewelde Moore,30,IND,RB,9,0,13,20,0,1,30.8,6,1.5,2.2,1.4,1,,MoorMe00
154,Dexter McCluster,23,KAN,RB,16,6,12,70,0,4,58.3,19,5.8,4.4,0.8,2,,McClDe00
155,Michael Robinson,29,SEA,FB,16,6,12,49,0,10,83.3,29,4.1,3.1,0.8,0,,RobiMi00
156,Nick Foles,23,PHI,QB,7,6,11,42,1,6,45.5,14,3.8,6.0,1.6,8,,FoleNi00
157,Danny Ware,27,TAM,RB,16,1,11,51,0,5,45.5,17,4.6,3.2,0.7,0,,WareDa00
158,Randall Cobb,22,GNB,WR,15,8,10,132,0,7,90.0,28,13.2,8.8,0.7,4,,CobbRa00
159,Isaiah Pead,23,STL,RB,15,1,10,54,0,2,60.0,19,5.4,3.6,0.7,2,,PeadIs00
160,Terrelle Pryor,23,OAK,QB,3,1,10,51,1,4,60.0,9,5.1,17.0,3.3,0,,PryoTe00
161,Vonta Leach,31,BAL,FB,16,13,9,32,1,3,88.9,6,3.6,2.0,0.6,0,PBAP-1,LeacVo00
162,Kregg Lumpkin,28,NYG,RB,5,0,9,42,0,2,33.3,22,4.7,8.4,1.8,1,,LumpKr00
163,Lex Hilliard,28,2TM,RB,14,9,9,33,0,5,77.8,9,3.7,2.4,0.6,0,,HillLe00
163,Lex Hilliard,28,NWE,RB,2,0,1,2,0,1,100.0,2,2.0,1.0,0.5,0,,HillLe00
163,Lex Hilliard,28,NYJ,FB,12,9,8,31,0,4,75.0,9,3.9,2.6,0.7,0,,HillLe00
164,Nate Burleson,31,DET,WR,6,5,8,48,0,2,62.5,16,6.0,8.0,1.3,0,,BurlNa00
165,Brandon Jackson,27,CLE,RB,2,0,8,54,0,2,50.0,25,6.8,27.0,4.0,0,,JackBr00
166,Ryan Mallett,24,NWE,QB,4,0,8,-9,0,0,0.0,-1,-1.1,-2.3,2.0,0,,MallRy00
167,Greg McElroy,24,NYJ,QB,2,1,8,30,0,3,25.0,15,3.8,15.0,4.0,1,,McElGr00
168,Chris Ogbonnaya,26,CLE,RB,15,1,8,30,0,1,50.0,9,3.8,2.0,0.5,1,,OgboCh00
169,Brock Osweiler,22,DEN,QB,5,0,8,-13,0,0,0.0,-1,-1.6,-2.6,1.6,0,,OsweBr00
170,Bernard Scott,28,CIN,RB,2,0,8,35,0,2,37.5,29,4.4,17.5,4.0,0,,ScotBe00
171,Johnny White,24,2TM,RB,7,0,8,34,0,1,50.0,9,4.3,4.9,1.1,0,,WhitJo01
171,Johnny White,24,BUF,RB,3,0,8,34,0,1,50.0,9,4.3,11.3,2.7,0,,WhitJo01
172,Brandon Banks,25,WAS,WR,12,0,7,36,0,2,42.9,21,5.1,3.0,0.6,4,,BankBr00
173,Antonio Brown,24,PIT,WR,13,10,7,24,0,2,71.4,13,3.4,1.8,0.5,4,,BrowAn04
174,Jason Campbell,31,CHI,QB,6,1,7,28,0,1,28.6,13,4.0,4.7,1.2,2,,CampJa00
175,Cyrus Gray,23,KAN,RB,10,0,7,44,0,3,85.7,15,6.3,4.4,0.7,0,,GrayCy00
176,Mike Thomas,25,2TM,WR,16,4,7,57,0,3,71.4,22,8.1,3.6,0.4,1,,ThomMi01
176,Mike Thomas,25,JAX,WR,7,3,1,-1,0,0,0.0,-1,-1.0,-0.1,0.1,1,,ThomMi01
176,Mike Thomas,25,DET,WR,9,1,6,58,0,3,83.3,22,9.7,6.4,0.7,0,,ThomMi01
177,Travis Benjamin,23,CLE,WR,14,3,6,66,0,3,50.0,35,11.0,4.7,0.4,1,,BenjTr00
178,Josh Cribbs,29,CLE,WR,16,2,6,42,0,2,50.0,16,7.0,2.6,0.4,6,PB,CribJo01
179,Stanley Havili,25,PHI,RB,15,2,6,22,1,1,50.0,8,3.7,1.5,0.4,0,,HaviSt00
180,Andrew Hawkins,26,CIN,WR,14,2,6,30,0,2,33.3,11,5.0,2.1,0.4,1,,HawkAn00
181,Julio Jones,23,ATL,WR,16,15,6,30,0,3,50.0,18,5.0,1.9,0.4,0,PB,JoneJu02
182,Taiwan Jones,24,OAK,RB,14,0,6,21,0,1,33.3,7,3.5,1.5,0.4,1,,JoneTa00
183,Da'Rel Scott,24,NYG,RB,4,0,6,9,0,1,50.0,5,1.5,2.3,1.5,0,,ScotDa01
184,Nate Eachus,22,KAN,RB,11,2,5,18,0,0,80.0,7,3.6,1.6,0.5,0,,EachNa00
185,T.Y. Hilton,23,IND,WR,15,1,5,29,0,2,40.0,19,5.8,1.9,0.3,1,,HiltT.00
186,Henry Hynoski,24,NYG,FB,16,11,5,20,0,0,40.0,5,4.0,1.3,0.3,0,,HynoHe01
187,Brandon Jacobs,30,SFO,RB,2,0,5,7,0,1,20.0,3,1.4,3.5,2.5,0,,JacoBr00
188,Greg Jones,31,JAX,RB,12,4,5,8,0,3,60.0,4,1.6,0.7,0.4,0,,JoneGr01
189,Jeremy Kerley,24,NYJ,WR,16,7,5,8,0,0,20.0,5,1.6,0.5,0.3,4,,KerlJe00
190,Bruce Miller,25,SFO,FB,16,13,5,18,0,2,60.0,9,3.6,1.1,0.3,0,,MillBr02
191,Collin Mooney,26,TEN,RB,2,0,5,19,0,2,40.0,8,3.8,9.5,2.5,0,,MoonCo00
192,Matt Moore,28,MIA,QB,2,0,5,-3,0,0,0.0,1,-0.6,-1.5,2.5,0,,MoorMa01
193,Mohamed Sanu,23,CIN,WR,9,3,5,15,0,2,80.0,7,3.0,1.7,0.6,0,,SanuMo00
194,Mike Wallace,26,PIT,WR,15,14,5,7,0,1,20.0,13,1.4,0.5,0.3,2,,WallMi00
195,Donnie Avery,28,IND,WR,16,15,4,9,0,0,25.0,7,2.3,0.6,0.3,1,,AverDo00
196,Julian Edelman,26,NWE,WR,9,3,4,45,0,2,50.0,47,11.3,5.0,0.4,1,,EdelJu00
197,Matt Flynn,27,SEA,QB,3,0,4,-5,0,0,0.0,-1,-1.3,-1.7,1.3,0,,FlynMa00
198,Bruce Gradkowski,29,CIN,QB,2,0,4,-2,0,0,0.0,,-0.5,-1.0,2.0,1,,GradBr00
199,A.J. Green,24,CIN,WR,16,16,4,38,0,2,75.0,20,9.5,2.4,0.3,2,PBAP-2,GreeA.00
200,Graham Harrell,27,GNB,QB,4,0,4,-3,0,0,0.0,,-0.8,-0.8,1.0,1,,HarrGr00
201,Dan Herron,23,CIN,RB,3,0,4,5,0,0,0.0,6,1.3,1.7,1.3,0,,HerrDa00
202,Quinn Johnson,26,TEN,FB,16,8,4,5,0,2,50.0,3,1.3,0.3,0.3,0,,JohnQu00
203,Ryan Lindley,23,ARI,QB,6,4,4,7,0,1,25.0,8,1.8,1.2,0.7,3,,LindRy00
204,Keshawn Martin,22,HOU,WR,16,1,4,53,0,3,75.0,21,13.3,3.3,0.3,1,,MartKe01
205,Colt McCoy,26,CLE,QB,3,0,4,15,0,2,50.0,15,3.8,5.0,1.3,0,,McCoCo00
206,Andre Roberts,24,ARI,WR,15,15,4,29,0,2,50.0,15,7.3,1.9,0.3,1,,RobeAn00
207,John Skelton,24,ARI,QB,7,6,4,5,0,1,25.0,2,1.3,0.7,0.6,4,,SkelJo00
208,Kyle Williams,24,SFO,WR,11,3,4,21,0,0,75.0,9,5.3,1.9,0.4,1,,WillKy01
209,Joe Adams,23,CAR,WR,9,0,3,13,0,0,0.0,5,4.3,1.4,0.3,4,,AdamJo01
210,Dwayne Allen,22,IND,TE,16,16,3,5,0,2,66.7,3,1.7,0.3,0.2,1,,AlleDw00
211,Matt Asiata,25,MIN,RB,16,0,3,9,0,0,0.0,5,3.0,0.6,0.2,0,,AsiaMa00
212,Arrelious Benn,24,TAM,WR,8,1,3,16,0,1,66.7,9,5.3,2.0,0.4,1,,BennAr00
213,David Carr,33,NYG,QB,2,0,3,-3,0,0,0.0,-1,-1.0,-1.5,1.5,1,,CarrDa00
214,Kirk Cousins,24,WAS,QB,3,1,3,22,0,1,66.7,17,7.3,7.3,1.0,1,,CousKi00
215,Chase Daniel,26,NOR,QB,16,0,3,17,0,1,33.3,19,5.7,1.1,0.2,0,,DaniCh00
216,Chris Givens,23,STL,WR,15,12,3,12,0,1,33.3,14,4.0,0.8,0.2,0,,GiveCh00
217,Devin Hester,30,CHI,WR,15,5,3,6,0,0,66.7,8,2.0,0.4,0.2,1,,HestDe99
218,DeSean Jackson,26,PHI,WR,11,11,3,-7,0,0,33.3,5,-2.3,-0.6,0.3,1,,JackDe00
219,Damaris Johnson,23,PHI,WR,14,1,3,12,0,2,66.7,7,4.0,0.9,0.2,2,,JohnDa04
220,Marvin Jones,22,CIN,WR,11,5,3,47,0,2,66.7,37,15.7,4.3,0.3,0,,JoneMa02
221,Brandon LaFell,26,CAR,WR,14,12,3,35,0,1,100.0,25,11.7,2.5,0.2,1,,LaFeBr00
222,Stefan Logan,31,DET,RB,16,0,3,17,0,1,66.7,13,5.7,1.1,0.2,6,,LogaSt00
223,Mario Manningham,26,SFO,WR,12,10,3,64,0,2,100.0,29,21.3,5.3,0.3,2,,MannMa01
224,Josh Morgan,27,WAS,WR,16,15,3,25,0,1,100.0,9,8.3,1.6,0.2,1,,MorgJo00
225,Santana Moss,33,WAS,WR,16,1,3,14,0,1,33.3,12,4.7,0.9,0.2,2,,MossSa00
226,Eddie Royal,26,SDG,WR,10,2,3,22,0,2,66.7,11,7.3,2.2,0.3,1,,RoyaEd00
227,Armond Smith,26,CAR,RB,4,0,3,0,0,0,0.0,,0.0,0.0,0.8,0,,SmitAr00
228,Steve Smith Sr.,33,CAR,WR,16,16,3,27,0,1,66.7,15,9.0,1.7,0.2,1,,SmitSt01
229,Torrey Smith,23,BAL,WR,16,16,3,9,0,1,33.3,13,3.0,0.6,0.2,0,,SmitTo02
230,Golden Tate,24,SEA,WR,15,15,3,20,0,1,66.7,13,6.7,1.3,0.2,1,,TateGo00
231,Jordan Todman,22,JAX,RB,1,0,3,8,0,0,0.0,6,2.7,8.0,3.0,0,,TodmJo00
232,Lawrence Vickers,29,DAL,FB,16,6,3,11,0,1,33.3,13,3.7,0.7,0.2,0,,VickLa00
233,Danny Amendola,27,STL,WR,11,8,2,8,0,0,50.0,6,4.0,0.7,0.2,3,,AmenDa00
234,Justin Blackmon,22,JAX,WR,16,14,2,23,0,2,100.0,12,11.5,1.4,0.1,1,,BlacJu00
235,Dez Bryant,24,DAL,WR,16,14,2,-5,0,0,50.0,6,-2.5,-0.3,0.1,5,,BryaDe01
236,Kellen Clemens,29,STL,QB,2,0,2,5,0,1,50.0,5,2.5,2.5,1.0,1,,ClemKe00
237,Early Doucet,27,ARI,WR,12,3,2,9,0,0,50.0,6,4.5,0.8,0.2,0,,DoucEa00
238,Harry Douglas,28,ATL,WR,15,1,2,4,0,1,50.0,5,2.0,0.3,0.1,1,,DougHa00
239,Pierre Garcon,26,WAS,WR,10,10,2,9,0,0,0.0,7,4.5,0.9,0.2,0,,GarcPi00
240,Jonathan Grimes,23,2TM,RB,9,0,2,6,0,0,50.0,5,3.0,0.7,0.2,0,,GrimJo01
240,Jonathan Grimes,23,NYJ,RB,3,0,2,6,0,0,50.0,5,3.0,2.0,0.7,0,,GrimJo01
241,Leonard Hankerson,23,WAS,WR,16,5,2,5,0,0,0.0,3,2.5,0.3,0.1,0,,HankLe00
242,Roy Helu,24,WAS,RB,3,0,2,2,0,0,0.0,1,1.0,0.7,0.7,0,,HeluRo00
243,Darrius Heyward-Bey,25,OAK,WR,15,14,2,16,0,1,50.0,20,8.0,1.1,0.1,0,,HeywDa00
244,Rashad Johnson,26,ARI,DB,15,3,2,64,0,2,100.0,40,32.0,4.3,0.1,0,,JohnRa98
245,Will Johnson,23,PIT,RB,16,7,2,7,0,0,50.0,5,3.5,0.4,0.1,0,,JohnWi00
246,Sam Koch,30,BAL,P,16,0,2,17,1,2,100.0,10,8.5,1.1,0.1,0,,KochSa20
247,Shane Lechler,36,OAK,P,16,0,2,0,0,0,0.0,,0.0,0.0,0.1,0,,LechSh20
248,Greg Little,23,CLE,WR,16,16,2,15,0,1,50.0,17,7.5,0.9,0.1,0,,LittGr00
249,Luke McCown,31,ATL,QB,2,0,2,-3,0,0,0.0,-1,-1.5,-1.5,1.0,0,,McCoLu00
250,Kevin Ogletree,25,DAL,WR,15,1,2,9,0,0,100.0,5,4.5,0.6,0.1,0,,OgleKe00
251,Patrick Peterson,22,ARI,LCB,16,16,2,13,0,1,50.0,17,6.5,0.8,0.1,7,PB,PetePa00
252,Sidney Rice,26,SEA,WR,16,16,2,6,0,0,0.0,3,3.0,0.4,0.1,0,,RiceSi01
253,Javon Ringer,25,TEN,RB,2,0,2,14,0,0,0.0,9,7.0,7.0,1.0,0,,RingJa00
254,Jon Ryan,31,SEA,P,16,0,2,-18,0,0,0.0,,-9.0,-1.1,0.1,1,,RyanJo21
255,Owen Schmitt,27,OAK,RB,13,4,2,1,0,1,50.0,2,0.5,0.1,0.2,0,,SchmOw00
256,Eric Weddle,27,SDG,FS,16,16,2,10,0,2,100.0,6,5.0,0.6,0.1,3,AP-2,WeddEr99
257,Wes Welker,31,NWE,WR,16,12,2,20,0,2,100.0,11,10.0,1.3,0.1,3,PB,WelkWe00
258,Keiland Williams,26,2TM,RB,14,0,2,3,0,0,0.0,2,1.5,0.2,0.1,0,,WillKe03
258,Keiland Williams,26,DET,RB,5,0,2,3,0,0,0.0,2,1.5,0.6,0.4,0,,WillKe03
259,Jarius Wright,23,MIN,WR,7,1,2,11,0,1,50.0,8,5.5,1.6,0.3,0,,WrigJa02
260,T.J. Yates,25,HOU,QB,4,0,2,-1,1,1,50.0,1,-0.5,-0.3,0.5,2,,YateT.00
261,Titus Young,23,DET,WR,10,8,2,16,0,1,100.0,11,8.0,1.6,0.2,0,,YounTi00
262,Jordan Babineaux,30,TEN,SS/FS,16,12,1,10,0,1,100.0,10,10.0,0.6,0.1,0,,BabiJo21
263,Anquan Boldin,32,BAL,WR,15,15,1,3,0,0,0.0,3,3.0,0.2,0.1,0,,BoldAn00
264,Dezmon Briscoe,23,WAS,WR,7,0,1,1,0,0,0.0,1,1.0,0.1,0.1,0,,BrisDe00
265,Travaris Cadet,23,NOR,RB,13,0,1,5,0,1,100.0,5,5.0,0.4,0.1,1,,CadeTr00
266,Andre Caldwell,27,DEN,WR,8,0,1,14,0,1,100.0,14,14.0,1.8,0.1,0,,CaldAn00
267,James Casey,28,HOU,FB,16,9,1,6,0,1,100.0,6,6.0,0.4,0.1,0,,CaseJa00
268,Chris Clemons,27,MIA,SS,16,16,1,3,0,1,100.0,3,3.0,0.2,0.1,0,,ClemCh97
269,Sean Considine,30,BAL,DB,16,0,1,3,0,0,0.0,3,3.0,0.2,0.1,0,,ConsSe20
270,Terrance Copper,30,KAN,WR,15,0,1,1,0,0,0.0,1,1.0,0.1,0.1,0,,CoppTe00
271,Michael Crabtree,25,SFO,WR,16,16,1,8,0,0,0.0,8,8.0,0.5,0.1,0,,CrabMi00
272,Fred Davis,26,WAS,TE,7,7,1,1,0,0,0.0,1,1.0,0.1,0.1,0,,DaviFr01
273,Dorin Dickerson,24,BUF,TE,11,0,1,-8,0,0,0.0,-8,-8.0,-0.7,0.1,1,,DickDo00
274,Jay Feely,36,ARI,K,16,0,1,0,0,0,0.0,,0.0,0.0,0.1,1,,feelyjay01
275,Brandon Fields,28,MIA,P,16,0,1,0,0,0,0.0,,0.0,0.0,0.1,1,,FielBr20
276,Clyde Gates,26,NYJ,WR,11,2,1,12,0,1,100.0,12,12.0,1.1,0.1,0,,GateCl00
277,David Gilreath,24,PIT,WR,3,0,1,7,0,0,0.0,7,7.0,2.3,0.3,0,,GilrDa00
278,Ted Ginn Jr.,27,SFO,WR,13,0,1,7,0,0,0.0,7,7.0,0.5,0.1,4,,GinnTe00
279,Dashon Goldson,28,SFO,FS,16,16,1,31,0,1,100.0,31,31.0,1.9,0.1,0,PBAP-1,GoldDa99
280,T.J. Graham,23,BUF,TE,15,11,1,5,0,0,100.0,5,5.0,0.3,0.1,0,,GrahT.00
281,Johnny Hekker,22,STL,P,16,0,1,-9,0,0,0.0,-9,-9.0,-0.6,0.1,2,,HekkJo00
282,Devery Henderson,30,NOR,WR,15,9,1,13,0,1,100.0,13,13.0,0.9,0.1,1,,HendDe00
283,Aaron Hernandez,23,NWE,TE,10,10,1,5,0,1,100.0,5,5.0,0.5,0.1,0,,HernAa00
284,Shaun Hill,32,DET,QB,1,0,1,-1,0,0,0.0,-1,-1.0,-1.0,1.0,0,,HillSh00
285,Brian Hoyer,27,ARI,QB,2,1,1,6,0,1,100.0,6,6.0,3.0,0.5,1,,HoyeBr00
286,Kevin Huber,27,CIN,P,16,0,1,-1,0,0,0.0,-1,-1.0,-0.1,0.1,0,,HubeKe20
287,Robert Hughes,23,IND,RB,5,1,1,5,0,1,100.0,5,5.0,1.0,0.2,0,,HughRo00
288,Jerrel Jernigan,23,NYG,WR,9,0,1,6,0,0,100.0,6,6.0,0.7,0.1,1,,JernJe00
289,Jacoby Jones,28,BAL,WR,16,3,1,6,0,0,100.0,6,6.0,0.4,0.1,2,PBAP-1,JoneJa03
290,Byron Leftwich,32,PIT,QB,2,1,1,31,1,1,100.0,31,31.0,15.5,0.5,1,,LeftBy00
291,Thaddeus Lewis,27,CLE,QB,1,1,1,3,0,0,0.0,3,3.0,3.0,1.0,0,,LewiTh01
292,Brandon Marshall,28,CHI,WR,16,16,1,-2,0,0,0.0,-2,-2.0,-0.1,0.1,2,PBAP-1,MarsBr00
293,Robert Meachem,28,SDG,WR,15,3,1,-6,0,0,0.0,-6,-6.0,-0.4,0.1,0,,MeacRo00
294,Denarius Moore,24,OAK,WR,15,15,1,-5,0,0,0.0,-5,-5.0,-0.3,0.1,3,,MoorDe02
295,Marlon Moore,25,MIA,WR,14,2,1,9,0,0,0.0,9,9.0,0.6,0.1,0,,MoorMa02
296,Joe Morgan,24,NOR,WR,14,5,1,1,0,0,0.0,1,1.0,0.1,0.1,0,,MorgJo01
297,Louis Murphy,25,CAR,WR,16,5,1,3,0,0,0.0,3,3.0,0.2,0.1,1,,MurpLo00
298,Haruki Nakamura,26,CAR,FS,13,13,1,-4,0,0,0.0,-4,-4.0,-0.3,0.1,0,,NakaHa99
299,Jordan Norwood,26,CLE,WR,2,0,1,1,0,0,0.0,1,1.0,0.5,0.5,0,,NorwJo00
300,Ben Obomanu,29,SEA,WR,8,0,1,11,0,1,100.0,11,11.0,1.4,0.1,0,,ObomBe00
301,Preston Parker,25,TAM,WR,2,0,1,7,0,1,100.0,7,7.0,3.5,0.5,0,,ParkPr00
302,Niles Paul,23,WAS,WR,16,4,1,-1,0,0,0.0,-1,-1.0,-0.1,0.1,1,,PaulNi00
303,Kealoha Pilares,24,CAR,WR,8,0,1,17,0,1,100.0,12,17.0,2.1,0.1,0,,PilaKe00
304,DeVier Posey,22,HOU,WR,11,0,1,-3,0,0,0.0,-3,-3.0,-0.3,0.1,0,,PoseDe00
305,Aldrick Robinson,24,WAS,WR,15,2,1,14,0,1,100.0,14,14.0,0.9,0.1,0,,RobiAl00
306,Emmanuel Sanders,25,PIT,WR,16,7,1,4,0,0,100.0,4,4.0,0.3,0.1,3,,SandEm00
307,Cecil Shorts,25,JAX,WR,14,9,1,-4,0,0,0.0,-4,-4.0,-0.3,0.1,1,,ShorCe00
308,Shaun Suisham,31,PIT,K,16,0,1,-1,0,0,0.0,-1,-1.0,-0.1,0.1,0,,suishsha01
309,Keith Tandy,23,TAM,DB,9,0,1,18,0,1,100.0,18,18.0,2.0,0.1,0,,TandKe00
310,Brandon Tate,25,CIN,WR,16,3,1,0,0,0,0.0,,0.0,0.0,0.1,4,,TateBr00
311,Marcus Thigpen,26,MIA,RB,16,0,1,8,0,1,100.0,8,8.0,0.5,0.1,1,,ThigMa00
312,Tyler Thigpen,28,BUF,QB,4,0,1,-1,0,0,0.0,-1,-1.0,-0.3,0.3,0,,ThigTy00
313,Tiquan Underwood,25,TAM,WR,14,3,1,1,0,0,0.0,1,1.0,0.1,0.1,0,,UndeTi00
314,Raymond Ventrone,30,CLE,DB,12,0,1,35,0,1,100.0,35,35.0,2.9,0.1,0,,VentRa20
315,Reggie Wayne,34,IND,WR,16,15,1,-5,0,0,0.0,-5,-5.0,-0.3,0.1,1,PB,WaynRe00
316,Joe Webb,26,MIN,QB,1,0,1,-1,0,0,0.0,-1,-1.0,-1.0,1.0,0,,WebbJo00
317,Kendall Wright,23,TEN,WR,15,5,1,4,0,0,100.0,4,4.0,0.3,0.1,1,,WrigKe01
