Rk,Player,Age,Team,Pos,G,GS,Att,Yds,TD,1D,Succ%,Lng,Y/A,Y/G,A/G,Fmb,Awards,-9999
1,DeMarco Murray,26,DAL,RB,16,16,392,1845,13,89,53.1,51,4.7,115.3,24.5,5,PBAP-1AP MVP-3AP OPoY-1,MurrDe00
2,LeSean McCoy,26,PHI,RB,16,16,312,1319,5,68,44.6,53,4.2,82.4,19.5,4,PB,McCoLe01
3,Le'Veon Bell,22,PIT,RB,16,16,290,1361,8,75,49.3,81,4.7,85.1,18.1,0,PBAP-1AP OPoY-4,BellLe00
4,Marshawn Lynch,28,SEA,RB,16,14,280,1306,13,67,52.1,79,4.7,81.6,17.5,3,PBAP-2,LyncMa00
5,Matt Forte,29,CHI,RB,16,16,266,1038,6,65,48.9,32,3.9,64.9,16.6,2,,FortMa00
6,Alfred Morris,26,WAS,RB,16,16,265,1074,8,53,46.0,30,4.1,67.1,16.6,2,PB,MorrAl00
7,Arian Foster,28,HOU,RB,13,13,260,1246,8,55,45.0,51,4.8,95.8,20.0,2,PBAP CPoY-5,FostAr00
8,Frank Gore,31,SFO,RB,16,16,255,1106,4,55,48.2,52,4.3,69.1,15.9,2,,GoreFr00
9,Eddie Lacy,24,GNB,RB,16,16,246,1139,9,60,45.9,44,4.6,71.2,15.4,3,,LacyEd00
10,Justin Forsett,29,BAL,RB,16,14,235,1266,8,57,42.6,52,5.4,79.1,14.7,1,PBAP CPoY-5,ForsJu00
11,Mark Ingram,25,NOR,RB,13,9,226,964,9,52,49.1,31,4.3,74.2,17.4,3,PB,IngrMa01
12,Joique Bell,28,DET,RB,15,6,223,860,7,45,43.5,57,3.9,57.3,14.9,5,,BellJo01
13,Jeremy Hill,22,CIN,RB,16,8,222,1124,9,61,52.3,85,5.1,70.3,13.9,5,,HillJe01
14,Andre Williams,22,NYG,RB,16,7,217,721,7,32,35.0,50,3.3,45.1,13.6,1,,WillAn00
15,Lamar Miller,23,MIA,RB,16,16,216,1099,8,57,54.6,97,5.1,68.7,13.5,3,,MillLa01
16,Jamaal Charles,28,KAN,RB,15,15,206,1033,9,51,52.9,63,5.0,68.9,13.7,5,PB,CharJa00
17,Andre Ellington,25,ARI,RB,12,12,201,660,3,31,35.8,22,3.3,55.0,16.8,2,,ElliAn00
18,Chris Ivory,26,NYJ,RB,16,10,198,821,6,43,44.4,71,4.1,51.3,12.4,2,,IvorCh00
19,Steven Jackson,31,ATL,RB,15,15,190,707,6,38,50.0,55,3.7,47.1,12.7,0,,JackSt00
20,C.J. Anderson,23,DEN,RB,15,7,179,849,8,47,50.3,27,4.7,56.6,11.9,1,PB,AndeC.00
21,Tre Mason,21,STL,RB,12,9,179,765,4,38,40.8,89,4.3,63.8,14.9,2,,MasoTr00
22,Jonathan Stewart,27,CAR,RB,13,8,175,809,3,42,49.7,69,4.6,62.2,13.5,2,,StewJo00
23,Terrance West,23,CLE,RB,14,6,171,673,4,31,46.2,36,3.9,48.1,12.2,2,,WestTe00
24,Alfred Blue,23,HOU,RB,16,3,169,528,2,29,39.6,46,3.1,33.0,10.6,0,,BlueAl00
25,Giovani Bernard,23,CIN,RB,13,9,168,680,5,32,36.9,89,4.0,52.3,12.9,0,,BernGi00
26,Rashad Jennings,29,NYG,RB,11,9,167,639,4,39,47.3,18,3.8,58.1,15.2,1,,JennRa00
27,Matt Asiata,27,MIN,RB,15,9,164,570,9,34,51.2,19,3.5,38.0,10.9,1,,AsiaMa00
28,Branden Oliver,23,SDG,RB,14,7,160,582,3,31,42.5,52,3.6,41.6,11.4,0,,OlivBr01
29,Trent Richardson,24,IND,RB,15,12,159,519,3,27,40.3,27,3.3,34.6,10.6,2,,RichTr00
30,Chris Johnson,29,NYJ,RB,16,6,155,663,1,22,44.5,47,4.3,41.4,9.7,1,,JohnCh04
31,Darren McFadden,27,OAK,RB,16,12,155,534,2,21,40.6,25,3.4,33.4,9.7,1,,McFaDa00
32,Bishop Sankey,22,TEN,RB,16,9,152,569,2,26,44.1,22,3.7,35.6,9.5,2,,SankBi00
33,Isaiah Crowell,21,CLE,RB,16,4,148,607,8,35,42.6,35,4.1,37.9,9.3,3,,CrowIs00
34,Fred Jackson,33,BUF,RB,14,9,141,525,2,24,46.1,38,3.7,37.5,10.1,5,,JackFr02
35,Denard Robinson,24,JAX,RB,13,9,135,582,4,24,38.5,41,4.3,44.8,10.4,2,,RobiDe00
36,Knile Davis,23,KAN,RB,16,1,134,463,6,26,34.3,48,3.5,28.9,8.4,4,,DaviKn00
37,Doug Martin,25,TAM,RB,11,11,134,494,2,24,35.8,63,3.7,44.9,12.2,0,,MartDo00
38,LeGarrette Blount,28,2TM,RB,16,1,125,547,5,33,44.8,50,4.4,34.2,7.8,1,,BlouLe00
38,LeGarrette Blount,28,PIT,RB,11,0,65,266,2,17,46.2,50,4.1,24.2,5.9,1,,BlouLe00
38,LeGarrette Blount,28,NWE,RB,5,1,60,281,3,16,43.3,34,4.7,56.2,12.0,0,,BlouLe00
39,Ben Tate,26,3TM,RB,11,6,119,371,4,18,34.5,25,3.1,33.7,10.8,0,,TateBe00
39,Ben Tate,26,CLE,RB,8,6,106,333,4,15,34.0,25,3.1,41.6,13.3,0,,TateBe00
39,Ben Tate,26,MIN,RB,3,0,13,38,0,3,38.5,9,2.9,12.7,4.3,0,,TateBe00
40,Russell Wilson,26,SEA,QB,16,16,118,849,6,47,54.2,55,7.2,53.1,7.4,11,,WilsRu00
41,Jerick McKinnon,22,MIN,RB,11,6,113,538,0,24,40.7,55,4.8,48.9,10.3,0,,McKiJe00
42,Ronnie Hillman,23,DEN,RB,8,4,106,434,3,20,40.6,37,4.1,54.3,13.3,1,,HillRo00
43,Anthony Dixon,27,BUF,RB,16,0,105,432,2,14,46.7,47,4.1,27.0,6.6,1,,DixoAn00
44,Colin Kaepernick,27,SFO,QB,16,16,104,639,1,28,46.2,90,6.1,39.9,6.5,8,,KaepCo00
45,Cam Newton,25,CAR,QB,14,14,103,539,5,48,61.2,22,5.2,38.5,7.4,9,,NewtCa00
46,Toby Gerhart,27,JAX,RB,14,7,101,326,2,23,41.6,23,3.2,23.3,7.2,1,,GerhTo00
47,Shane Vereen,25,NWE,RB,16,6,96,391,2,15,39.6,19,4.1,24.4,6.0,0,,VereSh00
48,Shonn Greene,29,TEN,RB,13,5,94,392,2,18,45.7,52,4.2,30.2,7.2,1,,GreeSh00
49,Bobby Rainey,27,TAM,RB,15,5,94,406,1,21,43.6,31,4.3,27.1,6.3,3,,RainBo00
50,Stevan Ridley,25,NWE,RB,6,5,94,340,2,17,53.2,43,3.6,56.7,15.7,0,,RidlSt00
51,Bernard Pierce,23,BAL,RB,13,2,93,366,2,20,38.7,28,3.9,28.2,7.2,1,,PierBe00
52,Ahmad Bradshaw,28,IND,RB,10,1,90,425,2,18,53.3,29,4.7,42.5,9.0,3,,BradAh00
53,Jonas Gray,24,NWE,RB,8,3,89,412,5,27,60.7,20,4.6,51.5,11.1,0,,GrayJo00
54,Donald Brown,27,SDG,RB,13,3,85,223,0,13,30.6,16,2.6,17.2,6.5,1,,BrowDo00
55,James Starks,28,GNB,RB,16,0,85,333,2,17,37.6,41,3.9,20.8,5.3,1,,StarJa00
56,Carlos Hyde,24,SFO,RB,14,0,83,333,4,17,43.4,28,4.0,23.8,5.9,1,,HydeCa00
57,Latavius Murray,24,OAK,RB,15,3,82,424,2,18,42.7,90,5.2,28.3,5.5,1,,MurrLa00
58,Dan Herron,25,IND,RB,16,3,78,351,1,17,50.0,49,4.5,21.9,4.9,2,,HerrDa00
59,C.J. Spiller,27,BUF,RB,9,5,78,300,0,12,39.7,53,3.8,33.3,8.7,3,,SpilC.00
60,Reggie Bush,29,DET,RB,11,9,76,297,2,9,43.4,26,3.9,27.0,6.9,0,,BushRe00
61,Khiry Robinson,25,NOR,RB,10,3,76,362,3,23,53.9,62,4.8,36.2,7.6,2,,RobiKh00
62,Zac Stacy,23,STL,RB,13,5,76,293,1,13,51.3,16,3.9,22.5,5.8,2,,StacZa00
63,Ryan Mathews,27,SDG,RB,6,6,74,330,3,19,47.3,32,4.5,55.0,12.3,1,,MathRy00
64,Robert Turbin,25,SEA,RB,16,3,74,310,0,16,59.5,17,4.2,19.4,4.6,1,,TurbRo00
65,Lorenzo Taliaferro,23,BAL,RB,13,0,68,292,4,17,48.5,31,4.3,22.5,5.2,1,,TaliLo00
66,Benny Cunningham,24,STL,RB,16,2,66,246,3,12,37.9,20,3.7,15.4,4.1,2,,CunnBe01
67,Charles Sims,24,TAM,RB,8,0,66,185,1,10,31.8,20,2.8,23.1,8.3,2,,SimsCh00
68,Devonta Freeman,22,ATL,RB,16,0,65,248,1,10,27.7,31,3.8,15.5,4.1,1,,FreeDe00
69,Andrew Luck,25,IND,QB,16,16,64,273,3,20,42.2,20,4.3,17.1,4.0,13,PB,LuckAn00
70,Stepfan Taylor,23,ARI,RB,14,4,63,208,1,13,39.7,21,3.3,14.9,4.5,0,,TaylSt00
71,DeAngelo Williams,31,CAR,RB,6,6,62,219,0,7,43.5,17,3.5,36.5,10.3,1,,WillDe02
72,Andy Dalton,27,CIN,QB,16,16,60,169,4,21,46.7,20,2.8,10.6,3.8,3,PB,DaltAn00
73,Geno Smith,24,NYJ,QB,14,13,59,238,1,18,42.4,18,4.0,17.0,4.2,8,,SmitGe00
74,Jacquizz Rodgers,24,ATL,RB,16,1,58,217,1,12,39.7,17,3.7,13.6,3.6,1,,RodgJa00
75,Darren Sproles,31,PHI,RB,15,0,57,329,6,18,43.9,49,5.8,21.9,3.8,4,PBAP-2,SproDa00
76,Blake Bortles,22,JAX,QB,14,13,56,419,0,29,62.5,34,7.5,29.9,4.0,7,,BortBl00
77,Ryan Tannehill,26,MIA,QB,16,16,56,311,1,18,55.4,40,5.6,19.4,3.5,9,,TannRy00
78,Montee Ball,24,DEN,RB,5,3,55,172,1,9,41.8,23,3.1,34.4,11.0,1,,BallMo00
79,Juwan Thompson,22,DEN,RB,15,0,54,272,3,19,57.4,47,5.0,18.1,3.6,1,,ThomJu01
80,Kerwynn Williams,23,ARI,RB,5,0,53,246,0,11,52.8,19,4.6,49.2,10.6,1,,WillKe05
81,Joseph Randle,23,DAL,RB,16,0,51,343,3,12,49.0,65,6.7,21.4,3.2,2,,RandJo01
82,Ryan Fitzpatrick,32,HOU,QB,12,12,50,184,2,13,46.0,16,3.7,15.3,4.2,5,,FitzRy00
83,Alex Smith,30,KAN,QB,15,15,49,254,1,15,46.9,25,5.2,16.9,3.3,4,,SmitAl03
84,Teddy Bridgewater,22,MIN,QB,13,12,47,209,1,15,46.8,16,4.4,16.1,3.6,3,,BridTe00
85,Chris Polk,25,PHI,RB,14,0,46,172,4,12,50.0,22,3.7,12.3,3.3,1,,PolkCh00
86,Pierre Thomas,30,NOR,RB,11,3,45,222,2,14,62.2,27,4.9,20.2,4.1,0,,ThomPi00
87,Daniel Thomas,27,MIA,RB,12,0,44,168,2,8,54.5,15,3.8,14.0,3.7,1,,ThomDa03
88,Maurice Jones-Drew,29,OAK,RB,12,1,43,96,0,2,23.3,13,2.2,8.0,3.6,1,,DrewMa00
89,Aaron Rodgers,31,GNB,QB,16,16,43,269,2,22,58.1,19,6.3,16.8,2.7,10,PBAP-1AP MVP-1AP OPoY-2,RodgAa00
90,Matthew Stafford,26,DET,QB,16,16,43,93,2,11,27.9,18,2.2,5.8,2.7,8,PB,StafMa00
91,Roy Helu,26,WAS,RB,14,0,40,216,1,10,55.0,18,5.4,15.4,2.9,2,,HeluRo00
92,Dexter McCluster,25,TEN,WR,14,2,40,131,0,7,42.5,16,3.3,9.4,2.9,1,,McClDe00
93,Jay Cutler,31,CHI,QB,15,15,39,191,2,14,38.5,25,4.9,12.7,2.6,12,,CutlJa00
94,Joe Flacco,29,BAL,QB,16,16,39,70,2,17,43.6,15,1.8,4.4,2.4,5,,FlacJo00
95,Jonathan Grimes,25,HOU,RB,16,0,39,153,0,5,43.6,11,3.9,9.6,2.4,0,,GrimJo01
96,Robert Griffin III,24,WAS,QB,9,7,38,176,1,10,42.1,23,4.6,19.6,4.2,9,,GrifRo01
97,Philip Rivers,33,SDG,QB,16,16,37,102,0,11,27.0,17,2.8,6.4,2.3,8,,RivePh00
98,Mike Tolbert,29,CAR,RB,8,6,37,78,0,5,27.0,15,2.1,9.8,4.6,0,,TolbMi00
99,Tavon Austin,24,STL,WR,15,8,36,224,2,11,66.7,19,6.2,14.9,2.4,5,,AustTa00
100,Tom Brady,37,NWE,QB,16,16,36,57,0,11,36.1,17,1.6,3.6,2.3,6,PBAP MVP-5,BradTo00
101,Bryce Brown,23,BUF,RB,7,2,36,126,0,6,47.2,14,3.5,18.0,5.1,1,,BrowBr02
102,Ka'Deem Carey,22,CHI,RB,14,0,36,158,0,11,52.8,15,4.4,11.3,2.6,0,,CareKa00
103,Damien Williams,22,MIA,RB,16,0,36,122,0,6,47.2,19,3.4,7.6,2.3,0,,WillDa05
104,Christine Michael,24,SEA,RB,10,0,34,175,0,11,50.0,45,5.1,17.5,3.4,1,,MichCh00
105,Mark Sanchez,28,PHI,QB,9,8,34,87,1,5,35.3,15,2.6,9.7,3.8,7,,SancMa00
106,Bilal Powell,26,NYJ,RB,15,1,33,141,1,7,48.5,15,4.3,9.4,2.2,0,,PoweBi00
107,Ben Roethlisberger,32,PIT,QB,16,16,33,27,0,6,24.2,8,0.8,1.7,2.1,9,PB,RoetBe00
108,Percy Harvin,26,2TM,WR,13,12,33,202,1,12,60.6,51,6.1,15.5,2.5,3,,HarvPe00
108,Percy Harvin,26,SEA,WR,5,4,11,92,1,4,54.5,51,8.4,18.4,2.2,2,,HarvPe00
108,Percy Harvin,26,NYJ,WR,8,8,22,110,0,8,63.6,13,5.0,13.8,2.8,1,,HarvPe00
109,Jordan Todman,24,JAX,RB,16,1,32,186,1,5,25.0,62,5.8,11.6,2.0,0,,TodmJo00
110,Fozzy Whittaker,25,CAR,RB,10,1,32,145,1,8,40.6,17,4.5,14.5,3.2,0,,WhitFo00
111,Knowshon Moreno,27,MIA,RB,3,0,31,148,1,8,64.5,15,4.8,49.3,10.3,0,,MoreKn00
112,Darrin Reaves,21,CAR,RB,6,1,31,78,0,3,35.5,9,2.5,13.0,5.2,0,,ReavDa00
113,Derek Carr,23,OAK,QB,16,16,29,92,0,12,37.9,41,3.2,5.8,1.8,10,,CarrDe02
114,Lance Dunbar,24,DAL,RB,16,0,29,99,0,6,37.9,14,3.4,6.2,1.8,0,,DunbLa00
115,Storm Johnson,22,JAX,RB,6,1,29,86,2,5,31.0,20,3.0,14.3,4.8,0,,JohnSt03
116,Matt Ryan,29,ATL,QB,16,16,29,145,0,10,58.6,15,5.0,9.1,1.8,5,PB,RyanMa00
117,Brandon Bolden,24,NWE,RB,16,2,28,89,1,5,39.3,17,3.2,5.6,1.8,0,,BoldBr00
118,Drew Brees,35,NOR,QB,16,16,27,68,1,6,40.7,13,2.5,4.3,1.7,7,PB,BreeDr00
119,Peyton Hillis,28,NYG,RB,9,0,26,115,0,4,38.5,16,4.4,12.8,2.9,0,,HillPe00
120,Tony Romo,34,DAL,QB,15,15,26,61,0,6,19.2,21,2.3,4.1,1.7,7,PBAP-2AP MVP-3AP OPoY-5,RomoTo00
121,Michael Vick,34,NYJ,QB,10,3,26,153,0,10,50.0,24,5.9,15.3,2.6,5,,VickMi00
122,Josh McCown,35,TAM,QB,11,11,25,127,3,12,48.0,16,5.1,11.5,2.3,10,,McCoJo01
123,Drew Stanton,30,ARI,QB,9,8,25,63,0,5,32.0,13,2.5,7.0,2.8,1,,StanDr00
124,Brian Hoyer,29,CLE,QB,14,13,24,39,0,5,25.0,11,1.6,2.8,1.7,4,,HoyeBr00
125,John Kuhn,32,GNB,FB,16,2,24,85,1,4,54.2,11,3.5,5.3,1.5,0,PBAP-1,KuhnJo00
126,Peyton Manning,38,DEN,QB,16,16,24,-24,0,0,0.0,4,-1.0,-1.5,1.5,5,PB,MannPe00
127,Antone Smith,29,ATL,RB,10,0,23,144,2,6,56.5,48,6.3,14.4,2.3,1,,SmitAn01
128,Jake Locker,26,TEN,QB,7,5,22,142,1,11,59.1,29,6.5,20.3,3.1,3,,LockJa00
129,Joe Banyard,26,MIN,RB,15,0,21,88,0,4,52.4,16,4.2,5.9,1.4,0,,BanyJo00
130,Adrian Peterson,29,MIN,RB,1,1,21,75,0,4,42.9,17,3.6,75.0,21.0,0,,PeteAd01
131,Marcel Reece,29,OAK,RB,15,15,21,85,0,5,47.6,11,4.0,5.7,1.4,1,PB,ReecMa00
132,Theo Riddick,23,DET,RB,14,2,20,51,0,2,40.0,9,2.6,3.6,1.4,0,,RiddTh00
133,Charlie Whitehurst,32,TEN,QB,7,5,20,90,0,6,35.0,23,4.5,12.9,2.9,3,,WhitCh02
134,Ronnie Brown,33,2TM,RB,10,0,20,63,0,5,50.0,11,3.2,6.3,2.0,0,,BrowRo05
134,Ronnie Brown,33,HOU,RB,3,0,6,4,0,0,0.0,2,0.7,1.3,2.0,0,,BrowRo05
134,Ronnie Brown,33,SDG,RB,7,0,14,59,0,5,71.4,11,4.2,8.4,2.0,0,,BrowRo05
135,Mike James,23,TAM,RB,11,0,19,37,0,4,31.6,9,1.9,3.4,1.7,0,,JameMi00
136,George Winn,24,DET,RB,12,0,19,73,0,4,47.4,16,3.8,6.1,1.6,0,,WinnGe00
137,Austin Davis,25,STL,QB,10,8,16,36,0,2,18.8,12,2.3,3.6,1.6,5,,DaviAu00
138,Jonathan Dwyer,25,ARI,RB,2,0,16,51,1,3,25.0,20,3.2,25.5,8.0,0,,DwyeJo00
139,Nick Foles,25,PHI,QB,8,8,16,68,0,6,62.5,14,4.3,8.5,2.0,4,,FoleNi00
140,DuJuan Harris,26,GNB,RB,15,0,16,64,0,5,56.3,12,4.0,4.3,1.1,0,,HarrDu01
141,EJ Manuel,24,BUF,QB,5,4,16,52,1,2,25.0,8,3.3,10.4,3.2,1,,ManuEJ00
142,Colt McCoy,28,WAS,QB,5,4,16,66,1,5,37.5,20,4.1,13.2,3.2,6,,McCoCo00
143,Silas Redd,22,WAS,RB,15,0,16,75,1,6,50.0,14,4.7,5.0,1.1,1,,ReddSi00
144,Marion Grice,23,ARI,RB,10,0,15,41,1,3,53.3,8,2.7,4.1,1.5,0,,GricMa00
145,Kyle Orton,32,BUF,QB,12,12,15,14,1,2,20.0,10,0.9,1.2,1.3,3,AP CPoY-7,OrtoKy00
146,Cedric Peerman,28,CIN,RB,16,0,15,43,0,3,13.3,21,2.9,2.7,0.9,1,,PeerCe00
147,Danny Woodhead,29,SDG,RB,3,0,15,38,0,2,33.3,13,2.5,12.7,5.0,0,,WoodDa02
148,Chris Ogbonnaya,28,2TM,RB,7,0,14,50,1,3,57.1,9,3.6,7.1,2.0,0,,OgboCh00
148,Chris Ogbonnaya,28,CAR,RB,5,0,14,50,1,3,57.1,9,3.6,10.0,2.8,0,,OgboCh00
149,De'Anthony Thomas,21,KAN,RB,12,3,14,113,1,3,71.4,26,8.1,9.4,1.2,0,,ThomDe05
150,Leon Washington,32,TEN,RB,16,0,13,57,0,1,15.4,16,4.4,3.6,0.8,3,,WashLe00
151,Eli Manning,33,NYG,QB,16,16,12,31,1,4,33.3,18,2.6,1.9,0.8,7,,MannEl00
152,Randall Cobb,24,GNB,WR,16,16,11,37,0,1,36.4,12,3.4,2.3,0.7,3,PB,CobbRa00
153,Dri Archer,23,PIT,WR,12,0,10,40,0,2,50.0,15,4.0,3.3,0.8,0,,ArchDr00
154,Travaris Cadet,25,NOR,RB,15,1,10,32,0,1,40.0,8,3.2,2.1,0.7,2,,CadeTr00
155,Shaun Draughn,27,3TM,RB,10,0,10,19,0,0,0.0,6,1.9,1.9,1.0,0,,DrauSh00
155,Shaun Draughn,27,SDG,RB,4,0,10,19,0,0,0.0,6,1.9,4.8,2.5,0,,DrauSh00
156,Julian Edelman,28,NWE,WR,14,13,10,94,0,7,100.0,25,9.4,6.7,0.7,3,,EdelJu00
157,Matt Flynn,29,GNB,QB,7,0,10,-10,0,0,0.0,-1,-1.0,-1.4,1.4,1,,FlynMa00
158,Jimmy Garoppolo,23,NWE,QB,6,0,10,9,0,2,30.0,9,0.9,1.5,1.7,0,,GaroJi00
159,Mike Glennon,25,TAM,QB,6,5,10,49,0,3,30.0,19,4.9,8.2,1.7,2,,GlenMi00
160,Shaun Hill,34,STL,QB,9,8,10,10,1,1,20.0,9,1.0,1.1,1.1,7,,HillSh00
161,Case Keenum,26,HOU,QB,2,2,10,35,0,6,60.0,13,3.5,17.5,5.0,1,,KeenCa00
162,Cordarrelle Patterson,23,MIN,WR,16,7,10,117,1,4,60.0,67,11.7,7.3,0.6,1,,PattCo00
163,Zurlon Tipton,24,IND,RB,6,0,10,18,0,0,20.0,9,1.8,3.0,1.7,0,,TiptZu01
164,Rex Burkhead,24,CIN,RB,9,0,9,27,1,1,11.1,10,3.0,3.0,1.0,0,,BurkRe00
165,Matt Cassel,32,MIN,QB,3,3,9,18,0,1,11.1,13,2.0,6.0,3.0,3,,CassMa00
166,Josh Harris,23,PIT,RB,5,0,9,16,0,2,11.1,4,1.8,3.2,1.8,0,,HarrJo04
167,Johnny Manziel,22,CLE,QB,5,2,9,29,1,1,33.3,10,3.2,5.8,1.8,1,,ManzJo00
168,James White,22,NWE,RB,3,0,9,38,0,1,33.3,11,4.2,12.7,3.0,0,,WhitJa02
169,Darrel Young,27,WAS,RB,16,10,9,22,3,6,66.7,14,2.4,1.4,0.6,0,,YounDa01
170,Orleans Darkwa,22,2TM,RB,11,0,9,23,1,1,44.4,12,2.6,2.1,0.8,0,,DarkOr00
170,Orleans Darkwa,22,MIA,RB,4,0,4,2,0,0,25.0,7,0.5,0.5,1.0,0,,DarkOr00
170,Orleans Darkwa,22,NYG,RB,7,0,5,21,1,1,60.0,12,4.2,3.0,0.7,0,,DarkOr00
171,Derek Anderson,31,CAR,QB,6,2,8,24,0,3,50.0,8,3.0,4.0,1.3,2,,AndeDe00
172,Corey Brown,23,CAR,WR,13,3,8,95,0,2,75.0,28,11.9,7.3,0.6,3,,BrowPh00
173,Jed Collins,28,DET,RB,16,2,8,19,0,5,62.5,3,2.4,1.2,0.5,0,,CollJe01
174,Cyrus Gray,25,KAN,RB,9,0,8,31,1,1,50.0,6,3.9,3.4,0.9,0,,GrayCy00
175,Matt Hasselbeck,39,IND,QB,4,0,8,-11,0,0,0.0,,-1.4,-2.8,2.0,1,,HassMa00
176,Austin Johnson,25,NOR,RB,7,1,8,22,0,5,62.5,8,2.8,3.1,1.1,0,,JohnAu00
177,Brock Osweiler,24,DEN,QB,4,0,8,0,0,0,0.0,,0.0,0.0,2.0,0,,OsweBr00
178,Carson Palmer,35,ARI,QB,6,6,8,25,0,1,25.0,12,3.1,4.2,1.3,3,,PalmCa00
179,Emmanuel Sanders,27,DEN,WR,16,16,8,44,0,3,62.5,13,5.5,2.8,0.5,1,PB,SandEm00
180,Odell Beckham Jr.,22,NYG,WR,12,11,7,35,0,2,57.1,13,5.0,2.9,0.6,1,PBAP ORoY-1,BeckOd00
181,Brandin Cooks,21,NOR,WR,10,7,7,73,1,4,85.7,28,10.4,7.3,0.7,1,,CookBr00
182,Kirk Cousins,26,WAS,QB,6,5,7,20,0,3,57.1,12,2.9,3.3,1.2,2,,CousKi00
183,Robert Hughes,25,ARI,RB,16,4,7,11,0,3,42.9,5,1.6,0.7,0.4,0,,HughRo00
184,Henry Hynoski,26,NYG,RB,16,4,7,13,0,4,71.4,4,1.9,0.8,0.4,0,,HynoHe01
185,Mohamed Sanu,25,CIN,WR,16,13,7,51,0,2,57.1,26,7.3,3.2,0.4,0,,SanuMo00
186,Connor Shaw,23,CLE,QB,1,1,7,9,0,1,28.6,7,1.3,9.0,7.0,1,,ShawCo00
187,Alfonso Smith,27,SFO,RB,6,0,7,19,0,1,28.6,12,2.7,3.2,1.2,0,,SmitAl22
188,Trey Watts,23,STL,RB,14,0,7,30,0,3,57.1,9,4.3,2.1,0.5,0,,WattTr00
189,John Conner,27,NYJ,RB,12,3,6,20,0,1,33.3,13,3.3,1.7,0.5,0,,ConnJo00
190,Bruce Ellington,23,SFO,WR,13,0,6,28,1,2,66.7,15,4.7,2.2,0.5,1,,ElliBr00
191,Devin Hester,32,ATL,WR,16,1,6,36,1,1,50.0,20,6.0,2.3,0.4,2,PB,HestDe99
192,Alshon Jeffery,24,CHI,WR,16,16,6,33,0,2,66.7,12,5.5,2.1,0.4,1,,JeffAl00
193,Ryan Mallett,26,HOU,QB,3,2,6,-2,0,2,33.3,2,-0.3,-0.7,2.0,0,,MallRy00
194,Bruce Miller,27,SFO,RB,16,8,6,9,0,2,33.3,4,1.5,0.6,0.4,1,,MillBr02
195,Tom Savage,24,HOU,QB,2,0,6,-6,0,0,0.0,1,-1.0,-3.0,3.0,2,,SavaTo00
196,Jeremy Stewart,25,DEN,RB,6,0,6,22,0,1,33.3,16,3.7,3.7,1.0,0,,StewJe00
197,Frank Summers,29,BUF,RB,10,6,6,17,1,4,66.7,4,2.8,1.7,0.6,0,,SummFr00
198,Fitzgerald Toussaint,24,BAL,RB,4,0,6,12,0,2,33.3,12,2.0,3.0,1.5,0,,TousFi00
199,Brandon Weeden,31,DAL,QB,5,1,6,-1,0,0,0.0,1,-0.2,-0.2,1.2,1,,WeedBr00
200,Jackie Battle,31,TEN,RB,16,1,5,9,1,4,80.0,5,1.8,0.6,0.3,0,,BattJa00
201,Trey Burton,23,PHI,TE,15,0,5,10,0,0,0.0,4,2.0,0.7,0.3,0,,BurtTr01
202,Damaris Johnson,25,HOU,WR,16,8,5,19,0,1,60.0,12,3.8,1.2,0.3,2,,JohnDa04
203,Zach Mettenberger,23,TEN,QB,7,6,5,4,0,1,20.0,8,0.8,0.6,0.7,4,,MettZa00
204,Golden Tate,26,DET,WR,16,16,5,30,0,1,60.0,13,6.0,1.9,0.3,1,PB,TateGo00
205,Jarius Wright,25,MIN,WR,16,7,5,71,0,3,80.0,27,14.2,4.4,0.3,0,,WrigJa02
206,LaMichael James,25,2TM,RB,3,0,5,9,0,0,0.0,5,1.8,3.0,1.7,0,,JameLa00
206,LaMichael James,25,SFO,RB,1,0,2,0,0,0,0.0,,0.0,0.0,2.0,0,,JameLa00
206,LaMichael James,25,MIA,RB,2,0,3,9,0,0,0.0,5,3.0,4.5,1.5,0,,JameLa00
207,Antonio Brown,26,PIT,WR,16,16,4,13,0,0,50.0,9,3.3,0.8,0.3,2,PBAP-1AP OPoY-3,BrowAn04
208,Michael Cox,26,NYG,RB,4,0,4,33,0,1,50.0,17,8.3,8.3,1.0,0,,CoxxMi00
209,Chase Daniel,28,KAN,QB,3,1,4,15,0,1,50.0,9,3.8,5.0,1.3,0,,DaniCh00
210,Jerome Felton,28,MIN,RB,16,3,4,27,0,2,50.0,21,6.8,1.7,0.3,0,,FeltJe00
211,Taylor Gabriel,23,CLE,WR,16,2,4,10,0,0,25.0,8,2.5,0.6,0.3,0,,GabrTa00
212,Dwayne Harris,27,DAL,WR,16,0,4,7,0,0,25.0,9,1.8,0.4,0.3,4,,HarrDw00
213,Chad Henne,29,JAX,QB,3,3,4,25,0,2,75.0,12,6.3,8.3,1.3,1,,HennCh01
214,DeSean Jackson,28,WAS,WR,15,13,4,7,0,1,50.0,9,1.8,0.5,0.3,0,,JackDe00
215,Jeremy Kerley,26,NYJ,WR,16,7,4,86,0,2,100.0,37,21.5,5.4,0.3,1,,KerlJe00
216,Donte Moncrief,21,IND,WR,16,2,4,17,0,1,50.0,7,4.3,1.1,0.3,0,,MoncDo00
217,Christian Ponder,26,MIN,QB,2,1,4,16,1,2,50.0,8,4.0,8.0,2.0,0,,PondCh00
218,Tyrod Taylor,25,BAL,QB,1,0,4,-3,0,0,0.0,,-0.8,-3.0,4.0,0,,TaylTy00
219,Mike Wallace,28,MIA,WR,16,16,4,16,0,1,50.0,12,4.0,1.0,0.3,2,,WallMi00
220,Markus Wheaton,23,PIT,WR,16,11,4,19,0,1,75.0,12,4.8,1.2,0.3,0,,WheaMa00
221,Kendall Wright,25,TEN,WR,14,11,4,54,0,2,50.0,38,13.5,3.9,0.3,1,,WrigKe01
222,Matt Barkley,24,PHI,QB,1,0,3,0,0,0,0.0,,0.0,0.0,3.0,0,,BarkMa00
223,Travis Benjamin,25,CLE,WR,16,0,3,11,0,1,66.7,10,3.7,0.7,0.2,2,,BenjTr00
224,John Brown,24,ARI,WR,16,5,3,-6,0,0,0.0,2,-2.0,-0.4,0.2,0,,BrowJo02
225,Martavis Bryant,23,PIT,WR,10,3,3,12,0,0,33.3,9,4.0,1.2,0.3,0,,BryaMa00
226,Jimmy Clausen,27,CHI,QB,4,1,3,9,0,2,66.7,4,3.0,2.3,0.8,0,,ClauJi00
227,James Develin,26,NWE,RB,16,4,3,5,0,0,33.3,5,1.7,0.3,0.2,1,,DeveJa00
228,Ted Ginn Jr.,29,ARI,WR,16,0,3,6,0,0,0.0,4,2.0,0.4,0.2,2,,GinnTe00
229,Marquise Goodwin,24,BUF,WR,10,0,3,8,0,1,66.7,12,2.7,0.8,0.3,1,,GoodMa00
230,Andrew Hawkins,28,CLE,WR,15,15,3,15,0,0,66.7,8,5.0,1.0,0.2,0,,HawkAn00
231,Jacoby Jones,30,BAL,WR,16,0,3,16,0,2,66.7,11,5.3,1.0,0.2,4,,JoneJa03
232,Jorvorskie Lane,27,TAM,RB,9,4,3,58,0,1,66.7,54,19.3,6.4,0.3,0,,LaneJo00
233,Marqise Lee,23,JAX,WR,13,8,3,9,0,1,66.7,5,3.0,0.7,0.2,0,,LeexMa00
234,Erik Lorig,28,NOR,RB,10,6,3,4,0,0,33.3,4,1.3,0.4,0.3,1,,LoriEr99
235,Eddie Royal,28,SDG,WR,16,11,3,14,0,1,33.3,15,4.7,0.9,0.2,1,,RoyaEd00
236,Brandon Tate,27,CIN,WR,16,4,3,21,0,1,66.7,12,7.0,1.3,0.2,2,,TateBr00
237,Chris Thompson,24,WAS,RB,2,0,3,12,0,0,66.7,7,4.0,6.0,1.5,0,,ThomCh03
238,James Wright,23,CIN,WR,11,0,3,30,0,2,100.0,13,10.0,2.7,0.3,0,,WrigJa03
239,Ray Agnew,23,CLE,RB,12,9,2,2,0,1,50.0,2,1.0,0.2,0.2,0,,AgneRa00
240,Kenny Britt,26,STL,WR,16,13,2,14,0,1,50.0,12,7.0,0.9,0.1,0,,BritKe00
241,Bruce Gradkowski,31,PIT,QB,1,0,2,-2,0,0,0.0,-1,-1.0,-2.0,2.0,0,,GradBr00
242,A.J. Green,26,CIN,WR,13,13,2,2,0,0,50.0,5,1.0,0.2,0.2,3,PB,GreeA.00
243,Virgil Green,26,DEN,TE,13,9,2,3,0,0,0.0,3,1.5,0.2,0.2,0,,GreeVi00
244,T.Y. Hilton,25,IND,WR,15,15,2,20,0,1,100.0,15,10.0,1.3,0.1,3,PB,HiltT.00
245,A.J. Jenkins,25,KAN,WR,9,2,2,-2,0,0,0.0,,-1.0,-0.2,0.2,1,,JenkA.00
246,Will Johnson,25,PIT,RB,16,5,2,0,0,0,0.0,,0.0,0.0,0.1,0,,JohnWi00
247,Jermaine Kearse,24,SEA,WR,15,14,2,15,0,1,50.0,11,7.5,1.0,0.1,0,,KearJe01
248,Brandon LaFell,28,NWE,WR,16,13,2,13,0,0,100.0,9,6.5,0.8,0.1,1,,LaFeBr00
249,Jarvis Landry,22,MIA,WR,16,11,2,-4,0,0,50.0,4,-2.0,-0.3,0.1,7,,LandJa00
250,Matt McGloin,25,OAK,QB,1,0,2,3,0,1,50.0,3,1.5,3.0,2.0,0,,McGlMa01
251,Matt Moore,30,MIA,QB,2,0,2,-2,0,0,0.0,-1,-1.0,-1.0,1.0,0,,MoorMa01
252,Josh Morgan,29,CHI,WR,14,7,2,30,0,1,100.0,21,15.0,2.1,0.1,0,,MorgJo00
253,Ryan Nassib,24,NYG,QB,4,0,2,-3,0,0,0.0,-1,-1.5,-0.8,0.5,1,,NassRy00
254,Jamize Olawale,25,OAK,FB,16,0,2,0,0,0,0.0,,0.0,0.0,0.1,0,,OlawJa00
255,Andre Roberts,26,WAS,WR,16,4,2,21,0,1,50.0,19,10.5,1.3,0.1,4,,RobeAn00
256,Jeremy Ross,26,DET,WR,16,13,2,-1,0,0,0.0,4,-0.5,-0.1,0.1,4,,RossJe01
257,Jon Ryan,33,SEA,P,16,0,2,5,0,1,50.0,5,2.5,0.3,0.1,2,,RyanJo21
258,Anthony Sherman,26,KAN,RB,16,6,2,8,0,1,50.0,4,4.0,0.5,0.1,0,AP-2,SherAn00
259,Kenbrell Thompkins,26,2TM,WR,14,7,2,5,0,0,50.0,7,2.5,0.4,0.1,0,,ThomKe02
259,Kenbrell Thompkins,26,OAK,WR,12,6,2,5,0,0,50.0,7,2.5,0.4,0.2,0,,ThomKe02
260,Sammy Watkins,21,BUF,WR,16,16,2,8,0,1,50.0,5,4.0,0.5,0.1,1,,WatkSa00
261,Jason Avant,31,2TM,WR,16,0,1,1,0,0,0.0,1,1.0,0.1,0.1,0,,AvanJa00
261,Jason Avant,31,CAR,WR,11,0,1,1,0,0,0.0,1,1.0,0.1,0.1,0,,AvanJa00
262,Stedman Bailey,24,STL,WR,14,3,1,13,0,1,100.0,13,13.0,0.9,0.1,0,,BailSt01
263,Edwin Baker,23,NOR,RB,3,0,1,2,0,1,100.0,2,2.0,0.7,0.3,0,,BakeEd01
264,Doug Baldwin,26,SEA,WR,16,16,1,8,0,0,100.0,8,8.0,0.5,0.1,0,,BaldDo00
265,Tommy Bohanon,24,NYJ,RB,4,2,1,3,0,1,100.0,3,3.0,0.8,0.3,0,,BohaTo00
266,Anquan Boldin,34,SFO,WR,16,16,1,4,0,0,100.0,4,4.0,0.3,0.1,0,,BoldAn00
267,David Bruton,27,DEN,DB,14,1,1,13,0,1,100.0,13,13.0,0.9,0.1,0,,BrutDa99
268,Jason Campbell,32,CIN,QB,4,0,1,1,0,0,0.0,1,1.0,0.3,0.3,1,,CampJa00
269,Derek Carrier,24,SFO,TE,11,1,1,2,0,1,100.0,2,2.0,0.2,0.1,1,,CarrDe00
270,Jared Cook,27,STL,TE,16,6,1,0,0,0,0.0,,0.0,0.0,0.1,0,,CookJa02
271,Michael Crabtree,27,SFO,WR,16,16,1,4,0,0,100.0,4,4.0,0.3,0.1,0,,CrabMi00
272,Craig Dahl,29,SFO,DB,16,1,1,3,0,1,100.0,3,3.0,0.2,0.1,0,,DahlCr99
273,Vernon Davis,30,SFO,TE,14,14,1,4,0,0,100.0,4,4.0,0.3,0.1,0,,DaviVe00
274,Michael Floyd,25,ARI,WR,16,14,1,2,0,0,0.0,2,2.0,0.1,0.1,3,,FloyMi00
275,Blaine Gabbert,25,SFO,QB,1,0,1,5,0,0,0.0,5,5.0,5.0,1.0,0,,GabbBl00
276,Chris Givens,25,STL,WR,14,0,1,4,0,1,100.0,4,4.0,0.3,0.1,0,,GiveCh00
277,Robert Herron,22,TAM,WR,8,0,1,0,0,0,0.0,,0.0,0.0,0.1,0,,HerrRo00
278,Ryan Hewitt,23,CIN,TE,16,11,1,0,0,0,0.0,,0.0,0.0,0.1,0,,HewiRy00
279,Rob Housler,26,ARI,TE,15,7,1,1,0,1,100.0,1,1.0,0.1,0.1,1,,HousRo01
280,Josh Huff,23,PHI,WR,12,0,1,7,0,1,100.0,7,7.0,0.6,0.1,1,,HuffJo00
281,Jerrel Jernigan,25,NYG,WR,2,1,1,-2,0,0,0.0,-2,-2.0,-1.0,0.5,0,,JernJe00
282,Charles Johnson,25,MIN,WR,12,6,1,-11,0,0,0.0,-11,-11.0,-0.9,0.1,1,,JohnCh08
283,Julio Jones,25,ATL,WR,15,15,1,1,0,1,0.0,1,1.0,0.1,0.1,2,PB,JoneJu02
284,Ricardo Lockette,28,SEA,WR,16,0,1,2,0,0,0.0,2,2.0,0.1,0.1,0,,LockRi00
285,Rishard Matthews,25,MIA,WR,14,0,1,3,0,0,0.0,3,3.0,0.2,0.1,1,,MattRi00
286,Danny McCray,26,CHI,DB,15,0,1,2,0,0,0.0,2,2.0,0.1,0.1,0,,McCrDa00
287,Joe McKnight,26,KAN,RB,2,0,1,3,0,0,0.0,3,3.0,1.5,0.5,0,,McKnJo00
288,Denarius Moore,26,OAK,WR,10,2,1,1,0,0,0.0,1,1.0,0.1,0.1,1,,MoorDe02
289,Joe Morgan,26,NOR,WR,5,2,1,67,0,1,100.0,67,67.0,13.4,0.2,0,,MorgJo01
290,Pat O'Donnell,23,CHI,P,16,0,1,-12,0,0,0.0,-12,-12.0,-0.8,0.1,1,,ODonPa00
291,Chris Owusu,24,2TM,WR,8,0,1,23,1,1,100.0,23,23.0,2.9,0.1,0,,OwusCh00
291,Chris Owusu,24,NYJ,WR,5,0,1,23,1,1,100.0,23,23.0,4.6,0.2,0,,OwusCh00
292,Jordan Palmer,30,TEN,QB,1,0,1,-1,0,0,0.0,-1,-1.0,-1.0,1.0,0,,PalmJo20
293,Jalen Parmele,29,ARI,RB,1,0,1,0,0,0,0.0,,0.0,0.0,1.0,0,,ParmJa00
294,Quinton Patton,24,SFO,WR,4,0,1,20,0,0,100.0,20,20.0,5.0,0.3,1,,PattQu00
295,Solomon Patton,24,2TM,,13,0,1,19,0,1,100.0,19,19.0,1.5,0.1,1,,PattSo01
295,Solomon Patton,24,TAM,WR,7,0,1,19,0,1,100.0,19,19.0,2.7,0.1,1,,PattSo01
296,Tauren Poole,25,3TM,RB,3,0,1,0,0,0,0.0,,0.0,0.0,0.3,1,,PoolTa00
296,Tauren Poole,25,CAR,RB,1,0,1,0,0,0,0.0,,0.0,0.0,1.0,1,,PoolTa00
297,De'Andre Presley,24,CAR,QB,4,0,1,-2,0,0,0.0,-2,-2.0,-0.5,0.3,0,,PresDe00
298,Greg Salas,26,NYJ,WR,10,2,1,20,1,1,100.0,20,20.0,2.0,0.1,0,,SalaGr00
299,Dane Sanzenbacher,26,CIN,WR,10,1,1,-1,0,1,0.0,-1,-1.0,-0.1,0.1,1,,SanzDa00
300,Andrew Sendejo,27,MIN,DB,16,3,1,48,0,1,100.0,48,48.0,3.0,0.1,0,,SendAn00
301,Matt Simms,26,NYJ,QB,1,0,1,2,0,1,100.0,2,2.0,2.0,1.0,0,,SimmMa00
302,Kenny Stills,22,NOR,WR,15,7,1,-2,0,0,0.0,-2,-2.0,-0.1,0.1,1,,StilKe00
303,Nick Toon,26,NOR,WR,8,2,1,4,0,0,100.0,4,4.0,0.5,0.1,1,,ToonNi00
304,Will Tukuafu,30,SEA,FB,9,2,1,2,0,1,100.0,2,2.0,0.2,0.1,0,,TukuWi00
305,Bryan Walters,27,SEA,WR,13,0,1,-2,0,0,0.0,-2,-2.0,-0.2,0.1,0,,WaltBr00
306,Tress Way,24,WAS,P,16,0,1,2,0,0,0.0,2,2.0,0.1,0.1,1,,WayxTr00
307,Steve Weatherford,32,NYG,P,16,0,1,0,0,0,0.0,,0.0,0.0,0.1,0,,WeatSt20
308,Chris Williams,27,CHI,WR,7,0,1,-8,0,0,0.0,-8,-8.0,-1.1,0.1,0,,WillCh06
309,Brad Wing,23,PIT,P,16,0,1,0,0,0,0.0,,0.0,0.0,0.1,1,,WingBr00
310,Tim Wright,24,NWE,TE,16,2,1,-2,0,0,0.0,-2,-2.0,-0.1,0.1,0,,WrigTi01
