Rk,Player,Age,Team,Pos,G,GS,Att,Yds,TD,1D,Succ%,Lng,Y/A,Y/G,A/G,Fmb,Awards,-9999
1,Adrian Peterson,30,MIN,RB,16,16,327,1485,11,72,44.3,80,4.5,92.8,20.4,7,PBAP-1AP OPoY-7AP CPoY-3,PeteAd01
2,Doug Martin,26,TAM,RB,16,16,288,1402,6,68,46.2,84,4.9,87.6,18.0,5,PBAP-1AP CPoY-4,MartDo00
3,Latavius Murray,25,OAK,RB,16,16,266,1066,6,49,38.0,54,4.0,66.6,16.6,4,PB,MurrLa00
4,Devonta Freeman,23,ATL,RB,15,13,265,1056,11,71,45.7,39,4.0,70.4,17.7,3,PBAP-2,FreeDe00
5,Frank Gore,32,IND,RB,16,16,260,967,6,48,39.2,37,3.7,60.4,16.3,4,,GoreFr00
6,Chris Ivory,27,NYJ,RB,15,14,247,1070,7,51,40.9,58,4.3,71.3,16.5,4,PB,IvorCh00
7,Jonathan Stewart,28,CAR,RB,13,13,242,989,6,43,42.6,44,4.1,76.1,18.6,3,PB,StewJo00
8,Darren McFadden,28,DAL,RB,16,10,239,1089,3,53,50.2,50,4.6,68.1,14.9,3,,McFaDa00
9,Todd Gurley,21,STL,RB,13,12,229,1106,10,47,40.2,71,4.8,85.1,17.6,3,PBAP-2AP ORoY-1,GurlTo01
10,Jeremy Hill,23,CIN,RB,16,15,223,794,11,47,46.2,38,3.6,49.6,13.9,3,,HillJe01
11,Matt Forte,30,CHI,RB,13,13,218,898,4,47,48.2,27,4.1,69.1,16.8,2,,FortMa00
12,Ronnie Hillman,24,DEN,RB,16,10,207,863,7,44,43.0,72,4.2,53.9,12.9,3,,HillRo00
13,LeSean McCoy,27,BUF,RB,12,12,203,895,3,42,45.8,48,4.4,74.6,16.9,2,PB,McCoLe01
14,Alfred Morris,27,WAS,RB,16,16,202,751,1,35,38.1,48,3.7,46.9,12.6,0,,MorrAl00
15,DeAngelo Williams,32,PIT,RB,16,10,200,907,11,53,48.0,55,4.5,56.7,12.5,4,,WillDe02
16,Chris Johnson,30,ARI,RB,11,9,196,814,3,33,43.4,62,4.2,74.0,17.8,2,,JohnCh04
17,Rashad Jennings,30,NYG,RB,16,16,195,863,3,42,55.9,38,4.4,53.9,12.2,3,,JennRa00
18,Lamar Miller,24,MIA,RB,16,16,194,872,8,41,42.3,85,4.5,54.5,12.1,1,,MillLa01
19,DeMarco Murray,27,PHI,RB,15,8,193,702,6,48,42.0,54,3.6,46.8,12.9,2,,MurrDe00
20,Eddie Lacy,25,GNB,RB,15,12,187,758,3,39,47.1,29,4.1,50.5,12.5,4,,LacyEd00
21,Isaiah Crowell,22,CLE,RB,16,9,185,706,4,35,41.1,54,3.8,44.1,11.6,0,,CrowIs00
22,Melvin Gordon,22,SDG,RB,14,12,184,641,0,36,42.4,27,3.5,45.8,13.1,6,,GordMe00
23,Alfred Blue,24,HOU,RB,16,9,183,698,2,34,43.2,41,3.8,43.6,11.4,2,,BlueAl00
24,T.J. Yeldon,22,JAX,RB,12,12,182,740,2,29,41.2,45,4.1,61.7,15.2,0,,YeldT.00
25,Mark Ingram,26,NOR,RB,12,10,166,769,6,47,43.4,70,4.6,64.1,13.8,2,,IngrMa01
26,LeGarrette Blount,29,NWE,RB,12,6,165,703,6,39,49.1,38,4.3,58.6,13.8,1,,BlouLe00
27,Charcandrick West,24,KAN,RB,15,9,160,634,4,36,42.5,38,4.0,42.3,10.7,1,,WestCh01
28,Giovani Bernard,24,CIN,RB,16,1,154,730,2,36,47.4,28,4.7,45.6,9.6,2,,BernGi00
29,C.J. Anderson,24,DEN,RB,15,6,152,720,5,34,38.8,48,4.7,48.0,10.1,2,,AndeC.00
30,Justin Forsett,30,BAL,RB,10,10,151,641,2,41,46.4,33,4.2,64.1,15.1,0,,ForsJu00
31,Jeremy Langford,24,CHI,RB,16,2,148,537,6,28,45.9,23,3.6,33.6,9.3,0,,LangJe00
32,James Starks,29,GNB,RB,16,4,148,601,2,30,40.5,65,4.1,37.6,9.3,5,,StarJa00
33,Thomas Rawls,22,SEA,RB,13,7,147,830,4,37,59.2,69,5.6,63.8,11.3,1,,RawlTh00
34,Matt Jones,22,WAS,RB,13,0,144,490,3,31,43.1,39,3.4,37.7,11.1,5,,JoneMa04
35,Ameer Abdullah,22,DET,RB,16,9,143,597,2,31,51.0,36,4.2,37.3,8.9,5,,AbduAm00
36,Antonio Andrews,23,TEN,RB,14,10,143,520,3,31,39.9,38,3.6,37.1,10.2,1,,AndrAn00
37,Javorius Allen,24,BAL,RB,16,6,137,514,1,29,46.7,44,3.8,32.1,8.6,2,,AlleJa01
38,Cam Newton,26,CAR,QB,16,16,132,636,10,59,56.1,47,4.8,39.8,8.3,5,PBAP-1AP MVP-1AP OPoY-1,NewtCa00
39,David Johnson,24,ARI,RB,16,5,125,581,8,36,55.2,47,4.6,36.3,7.8,4,AP ORoY-4,JohnDa08
40,Carlos Hyde,25,SFO,RB,7,7,115,470,3,26,47.0,22,4.1,67.1,16.4,1,,HydeCa00
41,Le'Veon Bell,23,PIT,RB,6,6,113,556,3,27,45.1,42,4.9,92.7,18.8,0,,BellLe00
42,Marshawn Lynch,29,SEA,RB,7,6,111,417,3,29,46.8,24,3.8,59.6,15.9,0,,LyncMa00
43,Charles Sims,25,TAM,RB,16,0,107,529,0,21,54.2,59,4.9,33.1,6.7,2,,SimsCh00
44,Ryan Mathews,28,PHI,RB,13,6,106,539,6,34,52.8,63,5.1,41.5,8.2,3,,MathRy00
45,Duke Johnson,22,CLE,RB,16,7,104,379,0,19,44.2,39,3.6,23.7,6.5,1,,JohnDu00
46,Tyrod Taylor,26,BUF,QB,14,14,104,568,4,28,46.2,31,5.5,40.6,7.4,9,PB,TaylTy00
47,Russell Wilson,27,SEA,QB,16,16,103,553,1,31,56.3,24,5.4,34.6,6.4,7,PBAP OPoY-3,WilsRu00
48,Chris Polk,26,HOU,RB,15,2,99,334,1,13,33.3,20,3.4,22.3,6.6,0,,PolkCh00
49,Danny Woodhead,30,SDG,RB,16,2,98,336,3,21,43.9,27,3.4,21.0,6.1,0,,WoodDa02
50,Tim Hightower,29,NOR,RB,8,3,96,375,4,24,55.2,26,3.9,46.9,12.0,0,,HighTi00
51,Karlos Williams,22,BUF,RB,11,3,93,517,7,25,53.8,41,5.6,47.0,8.5,2,,WillKa01
52,Joique Bell,29,DET,RB,13,5,90,311,4,19,44.4,36,3.5,23.9,6.9,1,,BellJo01
53,Andre Williams,23,NYG,RB,16,0,88,257,1,12,31.8,35,2.9,16.1,5.5,0,,WillAn00
54,Tevin Coleman,22,ATL,RB,12,3,87,392,1,14,48.3,46,4.5,32.7,7.3,3,,ColeTe01
55,Alex Smith,31,KAN,QB,16,16,84,498,2,34,51.2,49,5.9,31.1,5.3,4,,SmitAl03
56,Darren Sproles,32,PHI,RB,16,4,83,317,3,21,49.4,27,3.8,19.8,5.2,2,PB,SproDa00
57,Shaun Draughn,28,2TM,RB,11,6,78,273,1,13,35.9,30,3.5,24.8,7.1,1,,DrauSh00
57,Shaun Draughn,28,CLE,RB,5,0,2,10,0,0,0.0,6,5.0,2.0,0.4,0,,DrauSh00
57,Shaun Draughn,28,SFO,RB,6,6,76,263,1,13,36.8,30,3.5,43.8,12.7,1,,DrauSh00
58,Joseph Randle,24,DAL,RB,6,6,76,315,4,15,44.7,37,4.1,52.5,12.7,1,,RandJo01
59,Tre Mason,22,STL,RB,13,3,75,207,1,10,34.7,15,2.8,15.9,5.8,3,,MasoTr00
60,Spencer Ware,24,KAN,RB,11,2,72,403,6,20,54.2,52,5.6,36.6,6.5,0,,WareSp00
61,Jamaal Charles,29,KAN,RB,5,5,71,364,4,22,46.5,34,5.1,72.8,14.2,3,,CharJa00
62,Bilal Powell,27,NYJ,RB,11,2,70,313,1,18,41.4,24,4.5,28.5,6.4,2,,PoweBi00
63,Denard Robinson,25,JAX,WR,13,3,67,266,1,11,34.3,31,4.0,20.5,5.2,3,,RobiDe00
64,Brandon Bolden,25,NWE,RB,15,2,63,207,0,9,31.7,14,3.3,13.8,4.2,0,,BoldBr00
65,Arian Foster,29,HOU,RB,4,4,63,163,1,12,39.7,16,2.6,40.8,15.8,2,,FostAr00
66,Mike Tolbert,30,CAR,RB,16,3,62,256,1,18,56.5,29,4.1,16.0,3.9,0,PBAP-1,TolbMi00
67,Terrance West,24,2TM,RB,8,0,62,231,0,11,41.9,17,3.7,28.9,7.8,2,,WestTe00
67,Terrance West,24,TEN,RB,2,0,16,51,0,2,50.0,12,3.2,25.5,8.0,2,,WestTe00
67,Terrance West,24,BAL,RB,6,0,46,180,0,9,39.1,17,3.9,30.0,7.7,0,,WestTe00
68,Shane Vereen,26,NYG,RB,16,0,61,260,0,16,39.3,39,4.3,16.3,3.8,1,,VereSh00
69,Ryan Fitzpatrick,33,NYJ,QB,16,16,60,270,2,23,48.3,19,4.5,16.9,3.8,5,,FitzRy00
70,Donald Brown,28,SDG,RB,10,2,59,229,1,12,35.6,53,3.9,22.9,5.9,1,,BrowDo00
71,Aaron Rodgers,32,GNB,QB,16,16,58,344,1,20,48.3,18,5.9,21.5,3.6,8,PB,RodgAa00
72,Andy Dalton,28,CIN,QB,13,13,57,142,3,15,36.8,12,2.5,10.9,4.4,5,,DaltAn00
73,Jonathan Grimes,26,HOU,RB,14,0,56,282,1,11,37.5,37,5.0,20.1,4.0,0,,GrimJo01
74,Khiry Robinson,26,NOR,RB,8,0,56,180,4,15,42.9,14,3.2,22.5,7.0,0,,RobiKh00
75,Dexter McCluster,26,TEN,WR,11,2,55,247,1,6,29.1,44,4.5,22.5,5.0,2,,McClDe00
76,Jameis Winston,21,TAM,QB,16,16,54,213,6,19,42.6,21,3.9,13.3,3.4,6,PBAP ORoY-2,WinsJa00
77,Christine Michael,25,2TM,RB,8,2,54,243,0,14,48.1,45,4.5,30.4,6.8,0,,MichCh00
77,Christine Michael,25,DAL,RB,5,0,15,51,0,4,40.0,13,3.4,10.2,3.0,0,,MichCh00
77,Christine Michael,25,SEA,RB,3,2,39,192,0,10,51.3,45,4.9,64.0,13.0,0,,MichCh00
78,Tavon Austin,25,STL,WR,16,15,52,434,4,25,59.6,60,8.3,27.1,3.3,3,,AustTa00
79,Blake Bortles,23,JAX,QB,16,16,52,310,2,24,61.5,28,6.0,19.4,3.3,14,,BortBl00
80,David Cobb,22,TEN,RB,7,1,52,146,1,6,32.7,12,2.8,20.9,7.4,0,,CobbDa00
81,Jerick McKinnon,23,MIN,RB,16,0,52,271,2,13,48.1,68,5.2,16.9,3.3,0,,McKiJe00
82,Robert Turbin,26,2TM,RB,10,0,50,199,1,10,48.0,22,4.0,19.9,5.0,0,,TurbRo00
82,Robert Turbin,26,CLE,RB,3,0,18,60,0,3,44.4,22,3.3,20.0,6.0,0,,TurbRo00
82,Robert Turbin,26,DAL,RB,7,0,32,139,1,7,50.0,22,4.3,19.9,4.6,0,,TurbRo00
83,Jay Ajayi,22,MIA,RB,9,0,49,187,1,8,36.7,24,3.8,20.8,5.4,0,,AjayJa00
84,Dion Lewis,25,NWE,RB,7,6,49,234,2,15,53.1,13,4.8,33.4,7.0,2,,LewiDi00
85,DuJuan Harris,27,2TM,RB,4,1,48,189,0,9,35.4,47,3.9,47.3,12.0,1,,HarrDu01
85,DuJuan Harris,27,SEA,RB,2,0,21,49,0,3,33.3,6,2.3,24.5,10.5,1,,HarrDu01
85,DuJuan Harris,27,SFO,RB,2,1,27,140,0,6,37.0,47,5.2,70.0,13.5,0,,HarrDu01
86,Mike Gillislee,25,BUF,RB,5,1,47,267,3,9,34.0,60,5.7,53.4,9.4,1,,GillMi00
87,Bishop Sankey,23,TEN,RB,13,3,47,193,1,5,44.7,16,4.1,14.8,3.6,2,,SankBi00
88,Cameron Artis-Payne,25,CAR,RB,7,0,45,183,1,6,35.6,31,4.1,26.1,6.4,0,,ArtiCa00
89,Andre Ellington,26,ARI,RB,10,2,45,289,3,11,48.9,63,6.4,28.9,4.5,1,,ElliAn00
90,Colin Kaepernick,28,SFO,QB,9,8,45,256,1,15,57.8,15,5.7,28.4,5.0,5,,KaepCo00
91,Jonas Gray,25,2TM,RB,8,0,45,176,0,11,42.2,23,3.9,22.0,5.6,0,,GrayJo00
91,Jonas Gray,25,MIA,RB,6,0,31,122,0,8,45.2,16,3.9,20.3,5.2,0,,GrayJo00
91,Jonas Gray,25,JAX,RB,2,0,14,54,0,3,35.7,23,3.9,27.0,7.0,0,,GrayJo00
92,Teddy Bridgewater,23,MIN,QB,16,16,44,192,3,18,38.6,19,4.4,12.0,2.8,8,PB,BridTe00
93,Matthew Stafford,27,DET,QB,16,16,44,159,1,13,36.4,18,3.6,9.9,2.8,4,,StafMa00
94,Ka'Deem Carey,23,CHI,RB,11,1,43,159,2,13,53.5,11,3.7,14.5,3.9,1,,CareKa00
95,Theo Riddick,24,DET,RB,16,1,43,133,0,6,41.9,16,3.1,8.3,2.7,1,,RiddTh00
96,Jay Cutler,32,CHI,QB,15,15,38,201,1,16,63.2,26,5.3,13.4,2.5,8,,CutlJa00
97,Benny Cunningham,25,STL,RB,16,1,37,140,0,7,40.5,40,3.8,8.8,2.3,1,,CunnBe01
98,Johnny Manziel,23,CLE,QB,9,6,37,230,0,11,45.9,34,6.2,25.6,4.1,6,,ManzJo00
99,Orleans Darkwa,23,NYG,RB,16,0,36,153,1,7,47.2,17,4.3,9.6,2.3,0,,DarkOr00
100,Stevan Ridley,26,NYJ,RB,8,1,36,90,0,5,27.8,13,2.5,11.3,4.5,0,,RidlSt00
101,Matt Ryan,30,ATL,QB,16,16,36,63,0,9,33.3,18,1.8,3.9,2.3,12,,RyanMa00
102,C.J. Spiller,28,NOR,RB,13,2,36,112,0,5,36.1,11,3.1,8.6,2.8,1,,SpilC.00
103,Mike Davis,22,SFO,RB,6,0,35,58,0,5,31.4,13,1.7,9.7,5.8,0,,DaviMi01
104,Chris Thompson,25,WAS,RB,13,0,35,216,0,8,42.9,42,6.2,16.6,2.7,2,,ThomCh03
105,Tom Brady,38,NWE,QB,16,16,34,53,3,14,41.2,13,1.6,3.3,2.1,6,PBAP MVP-2AP OPoY-4,BradTo00
106,Marcus Mariota,22,TEN,QB,12,12,34,252,2,11,44.1,87,7.4,21.0,2.8,10,,MariMa01
107,Derek Carr,24,OAK,QB,16,16,33,138,0,8,39.4,24,4.2,8.6,2.1,10,PB,CarrDe02
108,Andrew Luck,26,IND,QB,7,7,33,196,0,13,60.6,25,5.9,28.0,4.7,3,,LuckAn00
109,Blaine Gabbert,26,SFO,QB,8,8,32,185,1,10,50.0,44,5.8,23.1,4.0,4,,GabbBl00
110,Ryan Tannehill,27,MIA,QB,16,16,32,141,1,8,37.5,28,4.4,8.8,2.0,10,,TannRy00
111,Ahmad Bradshaw,29,IND,RB,6,0,31,85,0,5,32.3,23,2.7,14.2,5.2,0,,BradAh00
112,Branden Oliver,24,SDG,RB,8,1,31,108,0,8,48.4,15,3.5,13.5,3.9,0,,OlivBr01
113,Zac Stacy,24,NYJ,RB,8,0,31,89,1,4,32.3,18,2.9,11.1,3.9,0,,StacZa00
114,Matt Asiata,28,MIN,RB,16,0,29,112,0,4,37.9,19,3.9,7.0,1.8,0,,AsiaMa00
115,Terron Ward,23,ATL,RB,13,0,29,95,1,5,31.0,13,3.3,7.3,2.2,0,,WardTe00
116,Kenjon Barner,26,PHI,RB,10,0,28,124,0,6,53.6,19,4.4,12.4,2.8,1,,BarnKe00
117,Knile Davis,24,KAN,RB,14,0,28,72,1,5,32.1,10,2.6,5.1,2.0,0,,DaviKn00
118,Kerwynn Williams,24,ARI,RB,6,0,27,142,1,6,33.3,35,5.3,23.7,4.5,1,,WillKe05
119,Sam Bradford,28,PHI,QB,14,14,26,39,0,2,23.1,14,1.5,2.8,1.9,10,,BradSa00
120,Kirk Cousins,27,WAS,QB,16,16,26,48,5,8,38.5,13,1.8,3.0,1.6,9,,CousKi00
121,Fred Jackson,34,SEA,RB,16,0,26,100,0,5,42.3,16,3.8,6.3,1.6,1,,JackFr02
122,Bryce Brown,24,SEA,RB,3,0,25,72,1,6,36.0,18,2.9,24.0,8.3,0,,BrowBr02
123,Carson Palmer,36,ARI,QB,16,16,25,24,1,5,16.0,12,1.0,1.5,1.6,6,PBAP-2AP MVP-2AP OPoY-4AP CPoY-2,PalmCa00
124,Fozzy Whittaker,26,CAR,RB,15,1,25,108,1,7,36.0,16,4.3,7.2,1.7,0,,WhitFo00
125,Dan Herron,26,2TM,RB,10,0,25,79,0,4,52.0,8,3.2,7.9,2.5,1,,HerrDa00
125,Dan Herron,26,BUF,RB,4,0,11,37,0,1,54.5,8,3.4,9.3,2.8,1,,HerrDa00
125,Dan Herron,26,IND,RB,6,0,14,42,0,3,50.0,6,3.0,7.0,2.3,0,,HerrDa00
126,Drew Brees,36,NOR,QB,15,15,24,14,1,5,20.8,12,0.6,0.9,1.6,5,,BreeDr00
127,Jamize Olawale,26,OAK,FB,14,3,24,110,1,9,58.3,19,4.6,7.9,1.7,0,,OlawJa00
128,James White,23,NWE,RB,14,1,22,56,2,3,27.3,8,2.5,4.0,1.6,0,,WhitJa02
129,Anthony Dixon,28,BUF,RB,16,1,21,44,1,5,28.6,6,2.1,2.8,1.3,0,,DixoAn00
130,Steven Jackson,32,NWE,RB,2,1,21,50,1,4,42.9,7,2.4,25.0,10.5,0,,JackSt00
131,Brock Osweiler,25,DEN,QB,8,7,21,61,1,6,42.9,8,2.9,7.6,2.6,4,,OsweBr00
132,Toby Gerhart,28,JAX,RB,7,1,20,44,0,3,35.0,6,2.2,6.3,2.9,0,,GerhTo00
133,Eli Manning,34,NYG,QB,16,16,20,61,0,5,20.0,18,3.1,3.8,1.3,11,PB,MannEl00
134,Josh McCown,36,CLE,QB,8,8,20,98,1,10,55.0,13,4.9,12.3,2.5,9,,McCoJo01
135,Michael Vick,35,PIT,QB,5,3,20,99,0,5,45.0,24,5.0,19.8,4.0,2,,VickMi00
136,Jarvis Landry,23,MIA,WR,16,14,18,113,1,8,66.7,22,6.3,7.1,1.1,1,PB,LandJa00
137,Juwan Thompson,23,DEN,RB,15,1,18,48,0,2,27.8,12,2.7,3.2,1.2,0,,ThomJu01
138,Fitzgerald Toussaint,25,PIT,RB,5,0,18,42,0,0,0.0,7,2.3,8.4,3.6,0,,TousFi00
139,Nick Foles,26,STL,QB,11,11,17,20,1,4,29.4,10,1.2,1.8,1.5,5,,FoleNi00
140,Jarryd Hayne,27,SFO,RB,8,1,17,52,0,4,41.2,11,3.1,6.5,2.1,3,,HaynJa00
141,Roy Helu,27,OAK,RB,9,0,17,39,0,4,35.3,12,2.3,4.3,1.9,0,,HeluRo00
142,Akeem Hunt,22,HOU,RB,7,1,17,96,0,6,47.1,25,5.6,13.7,2.4,0,,HuntAk01
143,EJ Manuel,25,BUF,QB,7,2,17,64,1,11,58.8,16,3.8,9.1,2.4,2,,ManuEJ00
144,Philip Rivers,34,SDG,QB,16,16,17,28,0,2,17.6,8,1.6,1.8,1.1,4,,RivePh00
145,Josh Robinson,23,IND,RB,5,0,17,39,0,0,23.5,8,2.3,7.8,3.4,1,,RobiJo02
146,Stepfan Taylor,24,ARI,RB,16,0,17,58,0,5,35.3,16,3.4,3.6,1.1,0,,TaylSt00
147,Zach Zenner,24,DET,RB,6,1,17,60,0,1,52.9,12,3.5,10.0,2.8,0,,ZennZa00
148,Kendall Gaskins,25,SFO,RB,9,0,16,38,0,3,31.3,14,2.4,4.2,1.8,0,,GaskKe00
149,Matt Hasselbeck,40,IND,QB,8,8,16,15,0,2,25.0,10,0.9,1.9,2.0,3,,HassMa00
150,Taiwan Jones,27,OAK,RB,12,0,16,74,0,3,43.8,19,4.6,6.2,1.3,2,,JoneTa00
151,Damien Williams,23,MIA,RB,16,0,16,59,0,2,37.5,19,3.7,3.7,1.0,2,,WillDa05
152,Brandon Weeden,32,2TM,QB,6,4,16,47,1,7,31.3,11,2.9,7.8,2.7,2,,WeedBr00
152,Brandon Weeden,32,DAL,QB,4,3,9,30,0,5,33.3,11,3.3,7.5,2.3,0,,WeedBr00
152,Brandon Weeden,32,HOU,QB,2,1,7,17,1,2,28.6,7,2.4,8.5,3.5,2,,WeedBr00
153,Matt Cassel,33,2TM,QB,9,8,15,78,0,5,53.3,24,5.2,8.7,1.7,4,,CassMa00
153,Matt Cassel,33,DAL,QB,8,7,15,78,0,5,53.3,24,5.2,9.8,1.9,4,,CassMa00
154,Brian Hoyer,30,HOU,QB,11,9,15,44,0,6,40.0,15,2.9,4.0,1.4,6,,HoyeBr00
155,Joey Iosefa,24,NWE,RB,2,0,15,51,0,2,53.3,15,3.4,25.5,7.5,0,,IoseJo00
156,Ben Roethlisberger,33,PIT,QB,12,11,15,29,0,4,26.7,13,1.9,2.4,1.3,2,PB,RoetBe00
157,Pierre Thomas,31,2TM,RB,5,0,15,64,0,3,26.7,11,4.3,12.8,3.0,0,,ThomPi00
157,Pierre Thomas,31,SFO,RB,1,0,4,12,0,1,25.0,4,3.0,12.0,4.0,0,,ThomPi00
157,Pierre Thomas,31,WAS,RB,4,0,11,52,0,2,27.3,11,4.7,13.0,2.8,0,,ThomPi00
158,A.J. McCarron,25,CIN,QB,7,3,14,31,0,3,28.6,16,2.2,4.4,2.0,1,,McCaA.00
159,Jacquizz Rodgers,25,CHI,RB,5,0,14,41,0,4,35.7,5,2.9,8.2,2.8,0,,RodgJa00
160,Randall Cobb,25,GNB,WR,16,15,13,50,0,3,46.2,12,3.8,3.1,0.8,1,,CobbRa00
161,Joe Flacco,30,BAL,QB,10,10,13,23,3,6,53.8,16,1.8,2.3,1.3,5,,FlacJo00
162,Drew Stanton,31,ARI,QB,7,0,13,-13,0,0,0.0,-1,-1.0,-1.9,1.9,0,,StanDr00
163,Lorenzo Taliaferro,24,BAL,RB,3,0,13,47,1,2,53.8,7,3.6,15.7,4.3,0,,TaliLo00
164,Case Keenum,27,STL,QB,6,5,12,5,0,2,16.7,4,0.4,0.8,2.0,3,,KeenCa00
165,Travaris Cadet,26,3TM,RB,7,1,11,28,0,0,36.4,6,2.5,4.0,1.6,1,,CadeTr00
165,Travaris Cadet,26,SFO,RB,4,0,7,16,0,0,14.3,4,2.3,4.0,1.8,0,,CadeTr00
165,Travaris Cadet,26,NOR,RB,2,1,4,12,0,0,75.0,6,3.0,6.0,2.0,1,,CadeTr00
166,Jimmy Clausen,28,2TM,QB,4,3,11,36,0,3,27.3,11,3.3,9.0,2.8,1,,ClauJi00
166,Jimmy Clausen,28,CHI,QB,2,1,5,8,0,1,20.0,11,1.6,4.0,2.5,1,,ClauJi00
166,Jimmy Clausen,28,BAL,QB,2,2,6,28,0,2,33.3,8,4.7,14.0,3.0,0,,ClauJi00
167,Marcel Reece,30,OAK,RB,15,7,10,36,0,2,40.0,12,3.6,2.4,0.7,0,,ReecMa00
168,Mohamed Sanu,26,CIN,WR,16,4,10,71,2,4,70.0,25,7.1,4.4,0.6,2,,SanuMo00
169,Cecil Shorts,28,HOU,WR,11,4,10,47,0,3,60.0,12,4.7,4.3,0.9,2,,ShorCe00
170,Lucky Whitehead,23,DAL,WR,15,1,10,107,0,6,70.0,33,10.7,7.1,0.7,1,,WhitLu00
171,John Crockett,23,GNB,RB,2,0,9,21,0,2,44.4,12,2.3,10.5,4.5,0,,CrocJo00
172,John Kuhn,33,GNB,RB,16,6,9,28,2,3,66.7,5,3.1,1.8,0.6,0,PB,KuhnJo00
173,Zach Mettenberger,24,TEN,QB,7,4,9,8,1,2,22.2,5,0.9,1.1,1.3,4,,MettZa00
174,De'Anthony Thomas,22,KAN,RB,10,1,9,34,1,3,55.6,13,3.8,3.4,0.9,2,,ThomDe05
175,Reggie Bush,30,SFO,RB,5,1,8,28,0,0,12.5,9,3.5,5.6,1.6,0,,BushRe00
176,Derrick Coleman,25,SEA,RB,14,3,8,32,0,3,62.5,19,4.0,2.3,0.6,0,,ColeDe00
177,Brandin Cooks,22,NOR,WR,16,12,8,18,0,2,25.0,11,2.3,1.1,0.5,1,,CookBr00
178,Josh Freeman,27,IND,QB,1,1,8,24,0,3,50.0,9,3.0,24.0,8.0,0,,FreeJo00
179,Tarvaris Jackson,32,SEA,QB,4,0,8,-8,0,0,0.0,-1,-1.0,-2.0,2.0,0,,JackTa00
180,Derek Anderson,32,CAR,QB,3,0,7,-2,0,0,14.3,2,-0.3,-0.7,2.3,1,,AndeDe00
181,Austin Davis,26,CLE,QB,3,2,7,33,0,4,71.4,17,4.7,11.0,2.3,2,,DaviAu00
182,Jalston Fowler,25,TEN,RB,16,0,7,13,1,5,71.4,3,1.9,0.8,0.4,0,,FowlJa00
183,Corey Brown,24,CAR,WR,14,11,6,38,0,4,83.3,14,6.3,2.7,0.4,0,,BrowPh00
184,B.J. Daniels,27,2TM,QB,8,0,6,6,0,0,0.0,6,1.0,0.8,0.8,0,,DaniB.00
184,B.J. Daniels,27,HOU,QB,2,0,6,6,0,0,0.0,6,1.0,3.0,3.0,0,,DaniB.00
185,Corey Grant,24,JAX,RB,6,0,6,2,0,1,33.3,11,0.3,0.3,1.0,1,,GranCo00
186,Zach Line,25,MIN,RB,16,5,6,10,2,3,50.0,3,1.7,0.6,0.4,0,,LineZa01
187,Peyton Manning,39,DEN,QB,10,9,6,-6,0,0,0.0,-1,-1.0,-0.6,0.6,1,,MannPe00
188,Bruce Miller,28,SFO,RB,16,5,6,14,1,5,83.3,4,2.3,0.9,0.4,0,,MillBr02
189,Bernard Pierce,24,JAX,RB,7,0,6,11,0,1,16.7,4,1.8,1.6,0.9,0,,PierBe00
190,Jay Prosch,23,HOU,RB,16,2,6,33,0,3,50.0,16,5.5,2.1,0.4,0,,ProsJa00
191,Mark Sanchez,29,PHI,QB,4,2,6,22,0,2,33.3,11,3.7,5.5,1.5,1,,SancMa00
192,Golden Tate,27,DET,WR,16,16,6,41,0,3,66.7,15,6.8,2.6,0.4,1,,TateGo00
193,T.J. Yates,28,HOU,QB,4,2,6,0,0,0,16.7,,0.0,0.0,1.5,1,,YateT.00
194,Darrel Young,28,WAS,LB,16,3,6,10,0,1,33.3,5,1.7,0.6,0.4,1,,YounDa01
195,Martavis Bryant,24,PIT,WR,11,5,5,37,1,2,80.0,13,7.4,3.4,0.5,1,,BryaMa00
196,Lance Dunbar,25,DAL,RB,4,0,5,67,0,1,40.0,45,13.4,16.8,1.3,0,,DunbLa00
197,Jimmy Garoppolo,24,NWE,QB,5,0,5,-5,0,0,0.0,-1,-1.0,-1.0,1.0,0,,GaroJi00
198,Percy Harvin,27,BUF,WR,5,5,5,31,0,2,80.0,9,6.2,6.2,1.0,1,,HarvPe00
199,Landry Jones,26,PIT,QB,7,2,5,-5,0,0,0.0,,-1.0,-0.7,0.7,1,,JoneLa02
200,Marvin Jones,25,CIN,WR,16,13,5,33,0,3,40.0,30,6.6,2.1,0.3,0,,JoneMa02
201,Marqise Lee,24,JAX,WR,10,1,5,38,0,2,80.0,12,7.6,3.8,0.5,0,,LeexMa00
202,Tyler Lockett,23,SEA,WR,16,8,5,20,0,1,60.0,8,4.0,1.3,0.3,2,PBAP-1AP ORoY-4,LockTy00
203,Bobby Rainey,28,TAM,RB,16,0,5,18,0,0,40.0,7,3.6,1.1,0.3,8,,RainBo00
204,Zurlon Tipton,25,IND,RB,10,0,5,20,0,1,20.0,7,4.0,2.0,0.5,0,,TiptZu01
205,Albert Wilson,23,KAN,WR,14,12,5,26,0,1,60.0,8,5.2,1.9,0.4,0,,WilsAl02
206,Kendall Wright,26,TEN,WR,10,9,5,17,0,1,40.0,13,3.4,1.7,0.5,0,,WrigKe01
207,Ryan Mallett,27,2TM,QB,8,6,5,15,1,2,60.0,6,3.0,1.9,0.6,0,,MallRy00
207,Ryan Mallett,27,HOU,QB,6,4,4,11,1,2,50.0,6,2.8,1.8,0.7,0,,MallRy00
207,Ryan Mallett,27,BAL,QB,2,2,1,4,0,0,100.0,4,4.0,2.0,0.5,0,,MallRy00
208,Travis Benjamin,26,CLE,WR,16,15,4,12,0,1,50.0,10,3.0,0.8,0.3,3,,BenjTr00
209,Malcolm Brown,22,STL,RB,1,0,4,17,0,1,50.0,13,4.3,17.0,4.0,0,,BrowMa03
210,Rex Burkhead,25,CIN,RB,16,0,4,4,0,0,0.0,2,1.0,0.3,0.3,1,,BurkRe00
211,Michael Burton,23,DET,TE,16,7,4,2,0,1,25.0,2,0.5,0.1,0.3,0,,BurtMi00
212,Ted Ginn Jr.,30,CAR,WR,15,13,4,60,0,2,75.0,43,15.0,4.0,0.3,0,,GinnTe00
213,Alonzo Harris,23,GNB,RB,6,0,4,19,0,1,25.0,16,4.8,3.2,0.7,0,,HarrAl00
214,Shaun Hill,35,MIN,QB,3,0,4,-5,0,0,0.0,-1,-1.3,-1.7,1.3,0,,HillSh00
215,Austin Johnson,26,NOR,RB,10,1,4,9,1,3,100.0,4,2.3,0.9,0.4,0,,JohnAu00
216,Will Johnson,26,PIT,FB,16,3,4,7,1,1,25.0,6,1.8,0.4,0.3,0,,JohnWi00
217,Tony Romo,35,DAL,QB,4,4,4,13,0,1,25.0,12,3.3,3.3,1.0,1,,RomoTo00
218,Matt Schaub,34,BAL,QB,2,2,4,10,0,1,25.0,7,2.5,5.0,2.0,0,,SchaMa00
219,Adam Thielen,25,MIN,WR,16,2,4,89,0,4,100.0,41,22.3,5.6,0.3,0,,ThieAd00
220,Jordan Todman,25,PIT,RB,11,0,4,22,0,1,50.0,11,5.5,2.0,0.4,0,,TodmJo00
221,Will Tukuafu,31,SEA,FB,14,1,4,1,1,3,75.0,4,0.3,0.1,0.3,1,,TukuWi00
222,George Winn,25,DET,RB,7,0,4,1,0,0,0.0,2,0.3,0.1,0.6,0,,WinnGe00
223,Chris Givens,26,2TM,WR,15,6,4,18,0,1,25.0,24,4.5,1.2,0.3,0,,GiveCh00
223,Chris Givens,26,STL,WR,3,0,1,24,0,1,100.0,24,24.0,8.0,0.3,0,,GiveCh00
223,Chris Givens,26,BAL,WR,12,6,3,-6,0,0,0.0,2,-2.0,-0.5,0.3,0,,GiveCh00
224,Antonio Brown,27,PIT,WR,16,16,3,28,0,1,100.0,16,9.3,1.8,0.2,3,PBAP-1AP OPoY-2,BrowAn04
225,John Brown,25,ARI,WR,15,11,3,22,0,1,66.7,13,7.3,1.5,0.2,1,,BrowJo02
226,Amari Cooper,21,OAK,WR,16,15,3,-3,0,0,33.3,2,-1.0,-0.2,0.2,1,PBAP ORoY-3,CoopAm00
227,Stefon Diggs,22,MIN,WR,13,9,3,13,0,1,66.7,10,4.3,1.0,0.2,2,,DiggSt00
228,Phillip Dorsett,22,IND,WR,11,0,3,17,0,2,66.7,11,5.7,1.5,0.3,2,,DorsPh00
229,Julian Edelman,29,NWE,WR,9,9,3,23,0,3,100.0,12,7.7,2.6,0.3,1,,EdelJu00
230,Jeremy Maclin,27,KAN,WR,15,15,3,14,0,1,33.3,18,4.7,0.9,0.2,2,,MaclJe00
231,Colt McCoy,29,WAS,QB,2,0,3,-3,0,0,0.0,-1,-1.0,-1.5,1.5,1,,McCoCo00
232,Ty Montgomery,22,GNB,WR,6,3,3,14,0,0,66.7,9,4.7,2.3,0.5,0,,MontTy01
233,Matt Moore,31,MIA,QB,1,0,3,-2,0,0,0.0,,-0.7,-2.0,3.0,0,,MoorMa01
234,Emmanuel Sanders,28,DEN,WR,15,15,3,29,0,1,66.7,24,9.7,1.9,0.2,2,,SandEm00
235,Scott Tolzien,28,GNB,QB,3,0,3,-3,0,0,0.0,,-1.0,-1.0,1.0,1,,TolzSc00
236,Isa Abdul-Quddus,26,DET,SS,16,8,2,34,0,2,100.0,30,17.0,2.1,0.1,0,,AbduIs00
237,Danny Amendola,30,NWE,WR,14,7,2,11,0,0,50.0,8,5.5,0.8,0.1,1,,AmenDa00
238,Tommy Bohanon,25,NYJ,RB,16,4,2,2,0,0,0.0,2,1.0,0.1,0.1,0,,BohaTo00
239,Michael Campanaro,24,BAL,WR,4,0,2,17,1,1,100.0,9,8.5,4.3,0.5,0,,CampMi02
240,Jamison Crowder,22,WAS,WR,16,6,2,2,0,0,0.0,2,1.0,0.1,0.1,4,,CrowJa00
241,Chase Daniel,29,KAN,QB,2,0,2,-2,0,0,0.0,-1,-1.0,-1.0,1.0,0,,DaniCh00
242,Dwayne Harris,28,NYG,WR,15,6,2,12,0,1,50.0,11,6.0,0.8,0.1,3,,HarrDw00
243,David Johnson,28,SDG,TE,16,4,2,4,0,2,100.0,2,2.0,0.3,0.1,1,,JohnDa05
244,Kyle Juszczyk,24,BAL,RB,16,11,2,3,0,0,0.0,2,1.5,0.2,0.1,0,,JuszKy00
245,Brandon LaFell,29,NWE,WR,11,7,2,9,0,0,50.0,9,4.5,0.8,0.2,0,,LaFeBr00
246,Cody Latimer,23,DEN,WR,14,1,2,1,0,0,50.0,5,0.5,0.1,0.1,0,,LatiCo00
247,Terrence Magee,22,BAL,RB,4,0,2,5,0,0,0.0,4,2.5,1.3,0.5,0,,MageTe00
248,Kellen Moore,26,DAL,QB,3,2,2,-1,0,0,0.0,,-0.5,-0.3,0.7,1,,MoorKe02
249,Cordarrelle Patterson,24,MIN,WR,16,1,2,15,0,1,100.0,9,7.5,0.9,0.1,1,AP-2,PattCo00
250,Isaiah Pead,26,STL,RB,2,0,2,3,0,0,0.0,4,1.5,1.5,1.0,1,,PeadIs00
251,Geno Smith,25,NYJ,QB,1,0,2,34,0,1,100.0,29,17.0,34.0,2.0,0,,SmitGe00
252,Rod Smith,23,2TM,RB,11,0,2,5,0,1,50.0,3,2.5,0.5,0.2,0,,SmitRo06
252,Rod Smith,23,SEA,RB,1,0,2,5,0,1,50.0,3,2.5,5.0,2.0,0,,SmitRo06
253,Charlie Whitehurst,33,IND,QB,4,0,2,1,0,1,50.0,2,0.5,0.3,0.5,0,,WhitCh02
254,Trey Williams,23,IND,RB,2,0,2,12,0,1,50.0,12,6.0,6.0,1.0,0,,WillTr03
255,Cierre Wood,24,BUF,RB,2,0,2,3,0,0,0.0,3,1.5,1.5,1.0,0,,WoodCi00
256,Dwayne Allen,25,IND,TE,13,12,1,1,0,1,100.0,1,1.0,0.1,0.1,0,,AlleDw00
257,Tyson Alualu,28,JAX,LDT,16,13,1,0,0,0,0.0,,0.0,0.0,0.1,0,,AluaTy99
258,Colt Anderson,30,IND,DB,14,1,1,-1,0,0,0.0,-1,-1.0,-0.1,0.1,0,,AndeCo01
259,Odell Beckham Jr.,23,NYG,WR,15,15,1,3,0,1,0.0,3,3.0,0.2,0.1,2,PBAP-2,BeckOd00
260,Andre Caldwell,30,DEN,WR,14,0,1,3,0,1,100.0,3,3.0,0.2,0.1,0,,CaldAn00
261,Kellen Clemens,32,SDG,QB,2,0,1,-1,0,0,0.0,-1,-1.0,-0.5,0.5,0,,ClemKe00
262,Jerricho Cotchery,33,CAR,WR,14,3,1,16,0,1,100.0,16,16.0,1.1,0.1,0,,CotcJe00
263,Patrick DiMarco,26,ATL,RB,16,8,1,0,0,0,0.0,,0.0,0.0,0.1,0,PBAP-2,DiMaPa00
264,Harry Douglas,31,TEN,WR,14,12,1,-6,0,0,0.0,-6,-6.0,-0.4,0.1,2,,DougHa00
265,Bruce Ellington,24,SFO,WR,13,0,1,7,0,0,100.0,7,7.0,0.5,0.1,3,,ElliBr00
266,Jerome Felton,29,BUF,RB,16,8,1,2,0,1,100.0,2,2.0,0.1,0.1,0,,FeltJe00
267,Jeff Heath,24,DAL,DB,16,1,1,2,0,1,100.0,2,2.0,0.1,0.1,0,,HeatJe00
268,Javontee Herndon,24,SDG,WR,8,2,1,13,0,1,100.0,13,13.0,1.6,0.1,2,,HernJa00
269,Chris Hogan,28,BUF,WR,16,4,1,4,0,0,0.0,4,4.0,0.3,0.1,0,,HogaCh00
270,Michael Hoomanawanui,27,2TM,TE,14,8,1,0,0,0,0.0,,0.0,0.0,0.1,1,,HoomMi00
270,Michael Hoomanawanui,27,NOR,TE,12,8,1,0,0,0,0.0,,0.0,0.0,0.1,1,,HoomMi00
271,Kendall Hunter,27,NOR,RB,2,0,1,2,0,0,0.0,2,2.0,1.0,0.5,0,,HuntKe00
272,Damaris Johnson,26,NWE,WR,1,0,1,6,0,0,0.0,6,6.0,6.0,1.0,0,,JohnDa04
273,T.J. Jones,23,DET,WR,10,0,1,-3,0,0,0.0,-3,-3.0,-0.3,0.1,2,,JoneT.00
274,Sam Koch,33,BAL,P,16,0,1,7,0,0,0.0,7,7.0,0.4,0.1,0,PBAP-2,KochSa20
275,Jorvorskie Lane,28,TAM,TE,16,6,1,0,0,0,0.0,,0.0,0.0,0.1,0,,LaneJo00
276,Anthony Levine,28,BAL,DB,16,0,1,3,0,1,100.0,3,3.0,0.2,0.1,1,,LeviAn00
277,Jeff Locke,26,MIN,P,16,0,1,-6,0,0,0.0,-6,-6.0,-0.4,0.1,0,,LockJe00
278,Keshawn Martin,25,NWE,WR,9,8,1,6,0,0,100.0,6,6.0,0.7,0.1,1,,MartKe01
279,Tim Masthay,28,GNB,P,16,0,1,7,0,1,100.0,7,7.0,0.4,0.1,0,,MastTi99
280,Rishard Matthews,26,MIA,WR,11,11,1,4,0,0,0.0,4,4.0,0.4,0.1,0,,MattRi00
281,Pat McAfee,28,IND,P,16,0,1,18,0,1,100.0,18,18.0,1.1,0.1,0,,McAfPa44
282,Tre McBride,23,TEN,WR,7,0,1,8,0,1,100.0,8,8.0,1.1,0.1,0,,McBrTr00
283,Heath Miller,33,PIT,TE,15,15,1,2,0,0,0.0,2,2.0,0.1,0.1,0,,MillHe00
284,Marcus Murphy,24,NOR,RB,13,0,1,0,0,0,0.0,,0.0,0.0,0.1,3,,MurpMa03
285,JJ Nelson,23,ARI,WR,11,2,1,0,0,0,0.0,,0.0,0.0,0.1,1,,NelsJJ00
286,Brad Nortman,26,CAR,P,16,0,1,-1,0,0,0.0,-1,-1.0,-0.1,0.1,0,,NortBr00
287,Quinton Patton,25,SFO,WR,16,4,1,5,0,0,100.0,5,5.0,0.3,0.1,0,,PattQu00
288,Dontari Poe,25,KAN,NT,15,13,1,1,1,1,100.0,1,1.0,0.1,0.1,0,,PoexDo00
289,Jordan Poyer,24,CLE,DB,14,4,1,10,0,1,100.0,10,10.0,0.7,0.1,0,,PoyeJo00
290,Terrelle Pryor,26,CLE,WR,3,2,1,-1,0,0,0.0,-1,-1.0,-0.3,0.3,0,,PryoTe00
291,Joe Reitz,30,IND,RT,16,14,1,0,0,0,0.0,,0.0,0.0,0.1,0,,ReitJo00
292,Sean Renfree,25,ATL,QB,2,0,1,-4,0,0,0.0,-4,-4.0,-2.0,0.5,0,,RenfSe00
293,Richard Rodgers,23,GNB,TE,16,12,1,11,0,1,100.0,11,11.0,0.7,0.1,0,,RodgRi00
294,Jeremy Ross,27,2TM,WR,11,0,1,2,0,1,100.0,2,2.0,0.2,0.1,4,,RossJe01
294,Jeremy Ross,27,BAL,WR,5,0,1,2,0,1,100.0,2,2.0,0.4,0.2,2,,RossJe01
295,Eddie Royal,29,CHI,WR,9,9,1,-1,0,0,0.0,-1,-1.0,-0.1,0.1,0,,RoyaEd00
296,Colton Schmidt,25,BUF,P,16,0,1,0,0,0,0.0,,0.0,0.0,0.1,1,,SchmCo00
297,Anthony Sherman,27,KAN,RB,16,2,1,0,0,0,0.0,,0.0,0.0,0.1,0,,SherAn00
298,Trevor Siemian,24,DEN,QB,1,0,1,-1,0,0,0.0,-1,-1.0,-1.0,1.0,0,,SiemTr00
299,Antone Smith,30,CHI,RB,5,0,1,11,0,1,100.0,11,11.0,2.2,0.2,0,,SmitAn01
300,Marcus Thigpen,29,2TM,RB,9,0,1,-1,0,0,0.0,-1,-1.0,-0.1,0.1,3,,ThigMa00
300,Marcus Thigpen,29,BUF,RB,8,0,1,-1,0,0,0.0,-1,-1.0,-0.1,0.1,2,,ThigMa00
301,Tyler Varga,22,IND,RB,3,0,1,2,0,0,100.0,2,2.0,0.7,0.3,0,,VargTy00
302,Delanie Walker,31,TEN,TE,15,10,1,36,0,1,100.0,36,36.0,2.4,0.1,0,PB,WalkHu00
303,Mike Wallace,29,MIN,WR,16,12,1,6,0,0,100.0,6,6.0,0.4,0.1,0,,WallMi00
304,Tony Washington,23,JAX,WR,4,0,1,8,0,0,0.0,8,8.0,2.0,0.3,0,,WashTo00
305,Sammy Watkins,22,BUF,WR,13,13,1,1,0,0,0.0,1,1.0,0.1,0.1,0,,WatkSa00
306,Joe Webb,29,CAR,WR,16,0,1,-1,0,0,0.0,-1,-1.0,-0.1,0.1,0,,WebbJo00
307,Eric Weems,30,ATL,WR,16,0,1,4,0,0,0.0,4,4.0,0.3,0.1,0,,WeemEr00
308,Kasen Williams,23,SEA,WR,2,0,1,5,0,0,100.0,5,5.0,2.5,0.5,0,,WillKa02
309,Glenn Winston,26,CLE,RB,3,0,1,-8,0,0,0.0,-8,-8.0,-2.7,0.3,1,,WinsGl00
310,Robert Woods,23,BUF,WR,14,9,1,0,0,0,0.0,,0.0,0.0,0.1,2,,WoodRo02
311,Charles Woodson,39,OAK,SS,16,16,1,-3,0,0,0.0,-3,-3.0,-0.2,0.1,1,PBAP-2,WoodCh00
312,Jarius Wright,26,MIN,WR,16,3,1,29,0,1,100.0,29,29.0,1.8,0.1,1,,WrigJa02
