Rk,Player,Age,Team,Pos,G,GS,Att,Yds,TD,1D,Succ%,Lng,Y/A,Y/G,A/G,Fmb,Awards,-9999
1,Ezekiel Elliott,21,DAL,RB,15,15,322,1631,15,0,0.0,60,5.1,108.7,21.5,5,PBAP-1AP MVP-3AP OPoY-5AP ORoY-2,ElliEz00
2,LeGarrette Blount,30,NWE,RB,16,8,299,1161,18,1,0.0,44,3.9,72.6,18.7,2,,BlouLe00
3,David Johnson,25,ARI,RB,16,16,293,1239,16,0,0.0,58,4.2,77.4,18.3,5,PBAP-1AP OPoY-3,JohnDa08
4,DeMarco Murray,28,TEN,RB,16,16,293,1287,9,7,0.0,75,4.4,80.4,18.3,3,PB,MurrDe00
5,Todd Gurley,22,LAR,RB,16,16,278,885,6,2,0.0,24,3.2,55.3,17.4,2,,GurlTo01
6,Lamar Miller,25,HOU,RB,14,14,268,1073,5,4,0.0,45,4.0,76.6,19.1,2,,MillLa01
7,Frank Gore,33,IND,RB,16,16,263,1025,4,1,0.0,22,3.9,64.1,16.4,2,,GoreFr00
8,Le'Veon Bell,24,PIT,RB,12,12,261,1268,7,8,0.0,44,4.9,105.7,21.8,4,PBAP-2AP OPoY-6AP CPoY-4,BellLe00
9,Jay Ajayi,23,MIA,RB,15,12,260,1272,8,0,0.0,62,4.9,84.8,17.3,4,PB,AjayJa00
10,Melvin Gordon,23,SDG,RB,13,11,254,997,10,0,0.0,48,3.9,76.7,19.5,2,PB,GordMe00
11,Jordan Howard,22,CHI,RB,15,13,252,1313,6,0,0.0,69,5.2,87.5,16.8,2,PB,HowaJo00
12,LeSean McCoy,28,BUF,RB,15,15,234,1267,13,0,0.0,75,5.4,84.5,15.6,3,PB,McCoLe01
13,Devonta Freeman,24,ATL,RB,16,16,227,1079,11,0,0.0,75,4.8,67.4,14.2,1,PB,FreeDe00
14,Jeremy Hill,24,CIN,RB,15,13,222,839,9,0,0.0,74,3.8,55.9,14.8,0,,HillJe01
15,Matt Forte,31,NYJ,RB,14,13,218,813,7,0,0.0,32,3.7,58.1,15.6,1,,FortMa00
16,Jonathan Stewart,29,CAR,RB,13,13,218,824,9,0,0.0,47,3.8,63.4,16.8,3,,StewJo00
17,Carlos Hyde,26,SFO,RB,13,13,217,988,6,0,0.0,47,4.6,76.0,16.7,5,,HydeCa00
18,Spencer Ware,25,KAN,RB,14,14,214,921,3,0,0.0,46,4.3,65.8,15.3,4,,WareSp00
19,Mark Ingram,27,NOR,RB,16,14,205,1043,6,0,0.0,75,5.1,65.2,12.8,2,,IngrMa01
20,Isaiah Crowell,23,CLE,RB,16,16,198,952,7,0,0.0,85,4.8,59.5,12.4,2,,CrowIs00
21,Latavius Murray,26,OAK,RB,14,12,195,788,12,3,0.0,42,4.0,56.3,13.9,2,,MurrLa00
22,Terrance West,25,BAL,RB,16,13,193,774,5,0,0.0,41,4.0,48.4,12.1,2,,WestTe00
23,Rashad Jennings,31,NYG,RB,13,12,181,593,3,0,0.0,25,3.3,45.6,13.9,1,,JennRa00
24,Devontae Booker,24,DEN,RB,16,6,174,612,4,0,0.0,18,3.5,38.3,10.9,4,,BookDe00
25,Robert Kelley,24,WAS,RB,15,9,168,704,6,0,0.0,66,4.2,46.9,11.2,0,,KellRo00
26,Jerick McKinnon,24,MIN,RB,15,7,159,539,2,0,0.0,36,3.4,35.9,10.6,0,,McKiJe00
27,Ryan Mathews,29,PHI,RB,13,8,155,661,8,0,0.0,30,4.3,50.8,11.9,3,,MathRy00
28,Christine Michael,26,2TM,RB,15,7,148,583,7,0,0.0,42,3.9,38.9,9.9,2,,MichCh00
28,Christine Michael,26,SEA,RB,9,7,117,469,6,0,0.0,41,4.0,52.1,13.0,2,,MichCh00
28,Christine Michael,26,GNB,RB,6,0,31,114,1,0,0.0,42,3.7,19.0,5.2,0,,MichCh00
29,Doug Martin,27,TAM,RB,8,8,144,421,3,0,0.0,17,2.9,52.6,18.0,1,,MartDo00
30,Tim Hightower,30,NOR,RB,16,1,133,548,4,0,0.0,30,4.1,34.3,8.3,0,,HighTi00
31,Bilal Powell,28,NYJ,RB,16,4,131,722,3,0,0.0,35,5.5,45.1,8.2,1,,PoweBi00
32,T.J. Yeldon,23,JAX,RB,15,13,130,465,1,0,0.0,16,3.6,31.0,8.7,2,,YeldT.00
33,Jacquizz Rodgers,26,TAM,RB,10,5,129,560,2,0,0.0,45,4.3,56.0,12.9,0,,RodgJa00
34,Matt Asiata,29,MIN,RB,16,6,121,402,6,0,0.0,29,3.3,25.1,7.6,1,,AsiaMa00
35,Tevin Coleman,23,ATL,RB,13,0,118,520,8,0,0.0,55,4.4,40.0,9.1,1,,ColeTe01
36,Chris Ivory,28,JAX,RB,11,1,117,439,3,0,0.0,42,3.8,39.9,10.6,5,,IvorCh00
37,Paul Perkins,22,NYG,RB,14,1,112,456,0,0,0.0,22,4.1,32.6,8.0,1,,PerkPa00
38,C.J. Anderson,25,DEN,RB,7,7,110,437,4,0,0.0,28,4.0,62.4,15.7,0,,AndeC.00
39,Derrick Henry,22,TEN,RB,15,2,110,490,5,0,0.0,22,4.5,32.7,7.3,0,,HenrDe00
40,Thomas Rawls,23,SEA,RB,9,7,109,349,3,3,0.0,45,3.2,38.8,12.1,0,,RawlTh00
41,Mike Gillislee,26,BUF,RB,15,1,101,577,8,3,0.0,44,5.7,38.5,6.7,1,,GillMi00
42,Alfred Blue,25,HOU,RB,14,2,100,420,1,0,0.0,25,4.2,30.0,7.1,2,,BlueAl00
43,Matt Jones,23,WAS,RB,7,7,99,460,3,3,0.0,57,4.6,65.7,14.1,3,,JoneMa04
44,DeAngelo Williams,33,PIT,RB,9,4,98,343,4,0,0.0,17,3.5,38.1,10.9,0,,WillDe02
45,Tyrod Taylor,27,BUF,QB,15,15,95,580,6,2,0.0,49,6.1,38.7,6.3,4,,TaylTy00
46,Darren Sproles,33,PHI,RB,15,5,94,438,2,0,0.0,25,4.7,29.2,6.3,1,PB,SproDa00
47,Theo Riddick,25,DET,RB,10,8,92,357,1,0,0.0,42,3.9,35.7,9.2,0,,RiddTh00
48,Giovani Bernard,25,CIN,RB,10,2,91,337,2,0,0.0,17,3.7,33.7,9.1,1,,BernGi00
49,Cam Newton,27,CAR,QB,15,14,90,359,5,0,0.0,28,4.0,23.9,6.0,3,,NewtCa00
50,Dwayne Washington,22,DET,RB,12,2,90,265,1,0,0.0,28,2.9,22.1,7.5,0,,WashDw00
51,Kenneth Dixon,22,BAL,RB,12,0,88,382,2,0,0.0,20,4.3,31.8,7.3,1,,DixoKe00
52,Charcandrick West,25,KAN,RB,15,2,88,293,1,0,0.0,28,3.3,19.5,5.9,0,,WestCh01
53,Zach Zenner,25,DET,RB,14,4,88,334,4,0,0.0,20,3.8,23.9,6.3,1,,ZennZa00
54,DeAndre Washington,23,OAK,RB,14,2,87,467,2,0,0.0,30,5.4,33.4,6.2,1,,WashDe00
55,Justin Forsett,31,3TM,RB,9,6,87,291,1,0,0.0,64,3.3,32.3,9.7,2,,ForsJu00
55,Justin Forsett,31,BAL,RB,3,3,31,98,0,0,0.0,11,3.2,32.7,10.3,0,,ForsJu00
55,Justin Forsett,31,DET,RB,2,0,13,38,0,0,0.0,9,2.9,19.0,6.5,0,,ForsJu00
55,Justin Forsett,31,DEN,RB,4,3,43,155,1,0,0.0,64,3.6,38.8,10.8,2,,ForsJu00
56,Jalen Richard,23,OAK,RB,16,0,83,491,1,0,0.0,75,5.9,30.7,5.2,0,,RichJa01
57,Ty Montgomery,23,GNB,RB,15,6,77,457,3,0,0.0,61,5.9,30.5,5.1,2,,MontTy01
58,Wendell Smallwood,22,PHI,RB,13,3,77,312,1,0,0.0,19,4.1,24.0,5.9,1,,SmalWe00
59,Rex Burkhead,26,CIN,RB,16,1,74,344,2,0,0.0,17,4.6,21.5,4.6,1,,BurkRe00
60,Shaun Draughn,29,SFO,RB,16,1,74,196,4,0,0.0,18,2.6,12.3,4.6,1,,DrauSh00
61,Duke Johnson,23,CLE,RB,16,1,73,358,1,0,0.0,22,4.9,22.4,4.6,2,,JohnDu00
62,Russell Wilson,28,SEA,QB,16,16,72,259,1,2,0.0,18,3.6,16.2,4.5,8,,WilsRu00
63,Eddie Lacy,26,GNB,RB,5,5,71,360,0,0,0.0,31,5.1,72.0,14.2,0,,LacyEd00
64,Colin Kaepernick,29,SFO,QB,12,11,69,468,2,0,0.0,30,6.8,39.0,5.8,9,,KaepCo00
65,Alfred Morris,28,DAL,RB,14,0,69,243,2,0,0.0,17,3.5,17.4,4.9,0,,MorrAl00
66,Chris Thompson,26,WAS,RB,16,0,68,356,3,2,0.0,25,5.2,22.3,4.3,2,,ThomCh03
67,Aaron Rodgers,33,GNB,QB,16,16,67,369,4,0,0.0,23,5.5,23.1,4.2,8,PBAP MVP-5AP OPoY-2,RodgAa00
68,Dion Lewis,26,NWE,RB,7,5,64,283,0,0,0.0,15,4.4,40.4,9.1,1,,LewiDi00
69,Andrew Luck,27,IND,QB,15,15,64,341,2,0,0.0,33,5.3,22.7,4.3,6,,LuckAn00
70,James Starks,30,GNB,RB,9,4,63,145,0,0,0.0,11,2.3,16.1,7.0,1,,StarJa00
71,Jeremy Langford,25,CHI,RB,12,3,62,200,4,0,0.0,23,3.2,16.7,5.2,2,,LangJe00
72,Kenneth Farrow,23,SDG,RB,13,2,60,192,0,0,0.0,11,3.2,14.8,4.6,2,,FarrKe02
73,Marcus Mariota,23,TEN,QB,15,15,60,349,2,3,0.0,41,5.8,23.3,4.0,10,,MariMa01
74,Blake Bortles,24,JAX,QB,16,16,58,359,3,0,0.0,27,6.2,22.4,3.6,8,,BortBl00
75,Dak Prescott,23,DAL,QB,16,16,57,282,6,0,0.0,18,4.9,17.6,3.6,9,PBAP MVP-6AP ORoY-1,PresDa01
76,Fozzy Whittaker,27,CAR,RB,16,0,57,265,0,0,0.0,25,4.6,16.6,3.6,1,,WhitFo00
77,Peyton Barber,22,TAM,RB,15,1,55,223,1,0,0.0,44,4.1,14.9,3.7,0,,BarbPe01
78,Jameis Winston,22,TAM,QB,16,16,53,165,1,0,0.0,14,3.1,10.3,3.3,10,,WinsJa00
79,Charles Sims,26,TAM,RB,7,2,51,149,1,0,0.0,23,2.9,21.3,7.3,1,,SimsCh00
80,Alex Smith,32,KAN,QB,15,15,48,134,5,0,0.0,24,2.8,8.9,3.2,7,PB,SmitAl03
81,Robert Turbin,27,IND,RB,15,0,47,164,7,1,0.0,18,3.5,10.9,3.1,0,,TurbRo00
82,Andy Dalton,29,CIN,QB,16,16,46,184,4,0,0.0,15,4.0,11.5,2.9,9,PB,DaltAn00
83,Carson Wentz,24,PHI,QB,16,16,46,150,2,0,0.0,17,3.3,9.4,2.9,14,,WentCa00
84,Denard Robinson,26,JAX,WR,13,1,41,144,0,0,0.0,9,3.5,11.1,3.2,0,,RobiDe00
85,Ronnie Hillman,25,2TM,RB,8,1,41,131,0,0,0.0,17,3.2,16.4,5.1,0,,HillRo00
85,Ronnie Hillman,25,MIN,RB,5,0,18,50,0,0,0.0,14,2.8,10.0,3.6,0,,HillRo00
85,Ronnie Hillman,25,SDG,RB,3,1,23,81,0,0,0.0,17,3.5,27.0,7.7,0,,HillRo00
86,Blaine Gabbert,27,SFO,QB,6,5,40,173,2,0,0.0,24,4.3,28.8,6.7,0,,GabbBl00
87,Derek Carr,25,OAK,QB,15,15,39,70,0,0,0.0,13,1.8,4.7,2.6,5,PBAP MVP-3AP OPoY-6,CarrDe02
88,Ryan Tannehill,28,MIA,QB,13,13,39,164,1,0,0.0,18,4.2,12.6,3.0,9,,TannRy00
89,James White,24,NWE,RB,16,4,39,166,0,0,0.0,16,4.3,10.4,2.4,0,,WhitJa02
90,DuJuan Harris,28,SFO,RB,10,1,38,138,0,0,0.0,19,3.6,13.8,3.8,2,,HarrDu01
91,Adrian Peterson,31,MIN,RB,3,3,37,72,0,0,0.0,13,1.9,24.0,12.3,1,,PeteAd01
92,Matthew Stafford,28,DET,QB,16,16,37,207,2,0,0.0,24,5.6,12.9,2.3,3,,StafMa00
93,Cameron Artis-Payne,26,CAR,RB,3,3,36,144,2,0,0.0,14,4.0,48.0,12.0,0,,ArtiCa00
94,Matt Ryan,31,ATL,QB,16,16,35,117,0,0,0.0,18,3.3,7.3,2.2,4,PBAP-1AP MVP-1AP OPoY-1,RyanMa00
95,Mike Tolbert,31,CAR,RB,16,2,35,114,0,0,0.0,14,3.3,7.1,2.2,0,PB,TolbMi00
96,Damien Williams,24,MIA,RB,15,0,35,115,3,0,0.0,23,3.3,7.7,2.3,1,,WillDa05
97,Kirk Cousins,28,WAS,QB,16,16,34,96,4,0,0.0,19,2.8,6.0,2.1,9,PB,CousKi00
98,Andre Ellington,27,ARI,RB,16,0,34,96,0,0,0.0,13,2.8,6.0,2.1,0,,ElliAn00
99,Aaron Ripkowski,24,GNB,RB,16,8,34,150,2,0,0.0,15,4.4,9.4,2.1,0,,RipkAa00
100,Kenyan Drake,22,MIA,RB,16,1,33,179,2,0,0.0,45,5.4,11.2,2.1,1,,DrakKe00
101,Ryan Fitzpatrick,34,NYJ,QB,14,11,33,130,0,0,0.0,14,3.9,9.3,2.4,9,,FitzRy00
102,Shane Vereen,27,NYG,RB,5,1,33,158,1,4,0.0,25,4.8,31.6,6.6,2,,VereSh00
103,Ka'Deem Carey,24,CHI,RB,12,0,32,126,0,0,0.0,24,3.9,10.5,2.7,0,,CareKa00
104,Corey Grant,25,JAX,RB,11,1,32,164,1,0,0.0,57,5.1,14.9,2.9,0,,GranCo00
105,Alex Collins,22,SEA,RB,11,0,31,125,1,0,0.0,26,4.0,11.4,2.8,2,,CollAl00
106,Robert Griffin III,26,CLE,QB,5,5,31,190,2,0,0.0,20,6.1,38.0,6.2,4,,GrifRo01
107,Terron Ward,24,ATL,RB,5,0,31,151,0,0,0.0,45,4.9,30.2,6.2,0,,WardTe00
108,Orleans Darkwa,24,NYG,RB,10,2,30,111,2,4,0.0,17,3.7,11.1,3.0,0,,DarkOr00
109,Brock Osweiler,26,HOU,QB,15,14,30,131,2,2,0.0,21,4.4,8.7,2.0,5,,OsweBr00
110,C.J. Prosise,22,SEA,RB,6,2,30,172,1,0,0.0,72,5.7,28.7,5.0,0,,ProsC.00
111,Kapri Bibbs,23,DEN,RB,12,0,29,129,0,0,0.0,24,4.4,10.8,2.4,0,,BibbKa00
112,Tavon Austin,26,LAR,WR,15,15,28,159,1,0,0.0,30,5.7,10.6,1.9,5,,AustTa00
113,Tom Brady,39,NWE,QB,12,12,28,64,0,1,0.0,15,2.3,5.3,2.3,5,PBAP-2AP MVP-2AP OPoY-4,BradTo00
114,Trevor Siemian,25,DEN,QB,14,14,28,57,0,0,0.0,14,2.0,4.1,2.0,4,,SiemTr00
115,Kenjon Barner,27,PHI,RB,13,0,27,129,2,0,0.0,19,4.8,9.9,2.1,0,,BarnKe00
116,Jonathan Williams,22,BUF,RB,11,0,27,94,1,1,0.0,20,3.5,8.5,2.5,2,,WillJo07
117,Chris Johnson,31,ARI,RB,4,0,25,95,1,0,0.0,18,3.8,23.8,6.3,0,,JohnCh04
118,Tyreek Hill,22,KAN,WR,16,1,24,267,3,0,0.0,70,11.1,16.7,1.5,4,PBAP-1,HillTy00
119,Darren McFadden,29,DAL,RB,3,1,24,87,0,0,0.0,24,3.6,29.0,8.0,0,,McFaDa00
120,Drew Brees,37,NOR,QB,16,16,23,20,2,0,0.0,7,0.9,1.3,1.4,5,PBAP OPoY-6,BreeDr00
121,Jonathan Grimes,27,HOU,RB,10,0,23,105,0,0,0.0,14,4.6,10.5,2.3,0,,GrimJo01
122,Arian Foster,30,MIA,RB,4,2,22,55,0,0,0.0,9,2.5,13.8,5.5,1,,FostAr00
123,Benny Cunningham,26,LAR,RB,11,0,21,101,0,0,0.0,24,4.8,9.2,1.9,1,,CunnBe01
124,Joe Flacco,31,BAL,QB,16,16,21,58,2,0,0.0,16,2.8,3.6,1.3,5,,FlacJo00
125,Eli Manning,35,NYG,QB,16,16,21,-9,0,0,0.0,6,-0.4,-0.6,1.3,7,,MannEl00
126,Sam Bradford,29,MIN,QB,15,15,20,53,0,0,0.0,24,2.7,3.5,1.3,10,,BradSa00
127,Akeem Hunt,23,HOU,RB,8,0,20,109,0,0,0.0,19,5.5,13.6,2.5,2,,HuntAk01
128,Case Keenum,28,LAR,QB,10,9,20,51,1,0,0.0,13,2.6,5.1,2.0,5,,KeenCa00
129,Mike Davis,23,SFO,RB,8,1,19,50,1,0,0.0,8,2.6,6.3,2.4,1,,DaviMi01
130,Byron Marshall,22,PHI,RB,3,0,19,64,0,0,0.0,12,3.4,21.3,6.3,0,,MarsBy01
131,Danny Woodhead,31,SDG,RB,2,1,19,116,0,0,0.0,23,6.1,58.0,9.5,0,,WoodDa02
132,Ameer Abdullah,23,DET,RB,2,2,18,101,0,0,0.0,24,5.6,50.5,9.0,0,,AbduAm00
133,Malcolm Brown,23,LAR,RB,16,0,18,39,0,0,0.0,10,2.2,2.4,1.1,1,,BrowMa03
134,John Kuhn,34,NOR,FB,16,3,18,37,4,0,0.0,4,2.1,2.3,1.1,0,,KuhnJo00
135,Andre Williams,24,SDG,RB,1,0,18,87,0,0,0.0,14,4.8,87.0,18.0,0,,WillAn00
136,Kerwynn Williams,25,ARI,RB,10,0,18,157,2,0,0.0,49,8.7,15.7,1.8,0,,WillKe05
137,Knile Davis,25,2TM,RB,11,0,18,28,0,0,0.0,6,1.6,2.5,1.6,0,,DaviKn00
137,Knile Davis,25,GNB,RB,2,0,5,5,0,0,0.0,4,1.0,2.5,2.5,0,,DaviKn00
137,Knile Davis,25,KAN,RB,9,0,13,23,0,0,0.0,6,1.8,2.6,1.4,0,,DaviKn00
138,Jamize Olawale,27,OAK,RB,16,7,17,47,2,0,0.0,17,2.8,2.9,1.1,0,,OlawJa00
139,Bobby Rainey,29,NYG,RB,15,0,17,63,0,0,0.0,14,3.7,4.2,1.1,1,,RainBo00
140,Jacoby Brissett,24,NWE,QB,3,2,16,83,1,0,0.0,27,5.2,27.7,5.3,3,,BrisJa00
141,Ben Roethlisberger,34,PIT,QB,14,14,16,14,1,0,0.0,14,0.9,1.0,1.1,8,PB,RoetBe00
142,Josh Ferguson,23,IND,RB,16,0,15,20,0,0,0.0,11,1.3,1.3,0.9,1,,FergJo02
143,Ted Ginn Jr.,31,CAR,WR,16,8,14,98,0,0,0.0,20,7.0,6.1,0.9,3,,GinnTe00
144,Carson Palmer,37,ARI,QB,15,15,14,38,0,0,0.0,16,2.7,2.5,0.9,14,,PalmCa00
145,Philip Rivers,35,SDG,QB,16,16,14,35,0,0,0.0,10,2.5,2.2,0.9,9,PB,RivePh00
146,Fitzgerald Toussaint,26,PIT,RB,16,0,14,58,0,1,0.0,16,4.1,3.6,0.9,0,,TousFi00
147,Reggie Bush,31,BUF,RB,13,0,12,-3,1,0,0.0,5,-0.3,-0.2,0.9,1,,BushRe00
148,Jamaal Charles,30,KAN,RB,3,0,12,40,1,0,0.0,17,3.3,13.3,4.0,0,,CharJa00
149,Julian Edelman,30,NWE,WR,16,13,12,57,0,0,0.0,9,4.8,3.6,0.8,3,,EdelJu00
150,Troymaine Pope,23,2TM,RB,4,0,12,44,0,0,0.0,18,3.7,11.0,3.0,0,,PopeTr00
150,Troymaine Pope,23,NYJ,RB,1,0,1,1,0,0,0.0,1,1.0,1.0,1.0,0,,PopeTr00
150,Troymaine Pope,23,SEA,RB,3,0,11,43,0,0,0.0,18,3.9,14.3,3.7,0,,PopeTr00
151,Cody Kessler,23,CLE,QB,9,8,11,18,0,0,0.0,8,1.6,2.0,1.2,4,,KessCo00
152,Daniel Lasco,24,NOR,RB,7,0,11,32,0,0,0.0,6,2.9,4.6,1.6,0,,LascDa00
153,Paxton Lynch,22,DEN,QB,3,2,11,25,0,0,0.0,10,2.3,8.3,3.7,2,,LyncPa00
154,Randall Cobb,26,GNB,WR,13,10,10,33,0,0,0.0,14,3.3,2.5,0.8,1,,CobbRa00
155,Jimmy Garoppolo,25,NWE,QB,6,2,10,6,0,0,0.0,10,0.6,1.0,1.7,2,,GaroJi00
156,Don Jackson,23,GNB,RB,3,1,10,32,0,0,0.0,7,3.2,10.7,3.3,0,,JackDo01
157,Antone Smith,31,TAM,RB,3,0,10,47,0,0,0.0,8,4.7,15.7,3.3,2,,SmitAn01
158,Golden Tate,28,DET,WR,16,16,10,4,0,0,0.0,11,0.4,0.3,0.6,2,,TateGo00
159,Lucky Whitehead,24,DAL,WR,15,1,10,82,0,0,0.0,26,8.2,5.5,0.7,3,,WhitLu00
160,Brandon Wilds,23,NYJ,RB,4,0,10,27,0,0,0.0,6,2.7,6.8,2.5,0,,WildBr01
161,Javorius Allen,25,BAL,RB,8,0,9,34,0,0,0.0,7,3.8,4.3,1.1,0,,AlleJa01
162,Lance Dunbar,26,DAL,RB,13,0,9,31,1,0,0.0,10,3.4,2.4,0.7,1,,DunbLa00
163,Jordan Todman,26,IND,RB,16,0,9,59,0,2,0.0,19,6.6,3.7,0.6,0,,TodmJo00
164,Terrell Watson,23,PHI,RB,1,0,9,28,1,0,0.0,8,3.1,28.0,9.0,0,,WatsTe00
165,Trevone Boykin,23,SEA,QB,5,0,8,1,0,0,0.0,11,0.1,0.2,1.6,1,,BoykTr00
166,Mack Brown,25,WAS,DB,9,0,8,82,1,0,0.0,61,10.3,9.1,0.9,0,,BrowMa02
167,Jerome Felton,30,BUF,RB,15,4,8,13,0,0,0.0,6,1.6,0.9,0.5,0,,FeltJe00
168,Jared Goff,22,LAR,QB,7,7,8,16,1,0,0.0,6,2.0,2.3,1.1,5,,GoffJa00
169,Kevin Hogan,24,CLE,QB,4,0,8,105,1,0,0.0,28,13.1,26.3,2.0,0,,HogaKe00
170,EJ Manuel,26,BUF,QB,6,1,8,22,0,0,0.0,8,2.8,3.7,1.3,2,,ManuEJ00
171,Isaiah Pead,27,MIA,RB,3,0,8,22,0,0,0.0,4,2.8,7.3,2.7,0,,PeadIs00
172,Terrelle Pryor,27,CLE,WR,16,15,8,21,1,0,0.0,15,2.6,1.3,0.5,1,,PryoTe00
173,Khiry Robinson,27,NYJ,RB,1,0,8,22,0,0,0.0,10,2.8,22.0,8.0,1,,RobiKh00
174,Juwan Thompson,24,DEN,RB,8,1,8,26,1,0,0.0,14,3.3,3.3,1.0,0,,ThomJu01
175,George Atkinson,24,CLE,RB,16,0,7,34,1,0,0.0,11,4.9,2.1,0.4,1,,AtkiGe01
176,Matt Barkley,26,CHI,QB,7,6,7,2,0,0,0.0,5,0.3,0.3,1.0,4,,BarkMa00
177,D.J. Foster,23,NWE,WR,3,0,7,24,0,0,0.0,7,3.4,8.0,2.3,0,,FostD.01
178,Brian Hoyer,31,CHI,QB,6,5,7,-2,0,0,0.0,3,-0.3,-0.3,1.2,3,,HoyeBr00
179,Zach Line,26,MIN,RB,15,4,7,15,0,0,0.0,5,2.1,1.0,0.5,0,,LineZa01
180,Josh McCown,37,CLE,QB,5,3,7,21,0,0,0.0,7,3.0,4.2,1.4,7,,McCoJo01
181,Cordarrelle Patterson,25,MIN,WR,16,8,7,43,0,0,0.0,22,6.1,2.7,0.4,2,PBAP-1,PattCo00
182,Brandin Cooks,23,NOR,WR,16,12,6,30,0,0,0.0,11,5.0,1.9,0.4,1,,CookBr00
183,Johnny Holton,26,OAK,WR,15,0,6,43,0,0,0.0,29,7.2,2.9,0.4,1,,HoltJo00
184,Landry Jones,27,PIT,QB,8,2,6,-4,0,0,0.0,,-0.7,-0.5,0.8,0,,JoneLa02
185,Marqise Lee,25,JAX,WR,16,6,6,35,0,0,0.0,11,5.8,2.2,0.4,1,,LeexMa00
186,Tyler Lockett,24,SEA,WR,15,9,6,114,1,0,0.0,75,19.0,7.6,0.4,0,AP-2,LockTy00
187,Cedric Peerman,30,CIN,RB,6,0,6,15,0,0,0.0,4,2.5,2.5,1.0,0,,PeerCe00
188,Tom Savage,26,HOU,QB,3,2,6,12,0,0,0.0,11,2.0,4.0,2.0,1,,SavaTo00
189,Scott Tolzien,29,IND,QB,3,1,6,3,0,0,0.0,5,0.5,1.0,2.0,1,,TolzSc00
190,C.J. Spiller,29,2TM,RB,6,0,6,18,0,0,0.0,13,3.0,3.0,1.0,1,,SpilC.00
190,C.J. Spiller,29,SEA,RB,2,0,3,9,0,0,0.0,13,3.0,4.5,1.5,1,,SpilC.00
190,C.J. Spiller,29,NYJ,RB,4,0,3,9,0,0,0.0,4,3.0,2.3,0.8,0,,SpilC.00
191,Nelson Agholor,23,PHI,WR,15,14,5,14,0,0,0.0,5,2.8,0.9,0.3,1,,AghoNe00
192,Jay Cutler,33,CHI,QB,5,5,5,24,0,0,0.0,12,4.8,4.8,1.0,6,,CutlJa00
193,Shaun Hill,36,MIN,QB,3,1,5,5,0,0,0.0,9,1.0,1.7,1.7,0,,HillSh00
194,Adam Humphries,23,TAM,WR,15,4,5,18,0,0,0.0,8,3.6,1.2,0.3,3,,HumpAd00
195,Kyle Juszczyk,25,BAL,RB,16,7,5,22,1,0,0.0,10,4.4,1.4,0.3,0,PB,JuszKy00
196,Jarvis Landry,24,MIA,WR,16,16,5,17,0,0,0.0,13,3.4,1.1,0.3,2,PB,LandJa00
197,Ryan Mallett,28,BAL,QB,4,0,5,-6,0,0,0.0,-1,-1.2,-1.5,1.3,0,,MallRy00
198,Bryce Petty,25,NYJ,QB,6,4,5,19,0,0,0.0,9,3.8,3.2,0.8,1,,PettBr01
199,Mike Wallace,30,BAL,WR,16,16,5,31,0,0,0.0,13,6.2,1.9,0.3,1,,WallMi00
200,Josh Bellamy,27,CHI,WR,16,2,4,37,0,0,0.0,22,9.3,2.3,0.3,0,,BellJo02
201,Tyler Boyd,22,CIN,WR,16,2,4,58,0,0,0.0,39,14.5,3.6,0.3,1,,BoydTy00
202,Travaris Cadet,27,NOR,RB,15,1,4,19,0,0,0.0,16,4.8,1.3,0.3,0,,CadeTr00
203,Matt Cassel,34,TEN,QB,4,1,4,3,0,0,0.0,3,0.8,0.8,1.0,1,,CassMa00
204,Sammie Coates,23,PIT,WR,14,5,4,14,0,0,0.0,15,3.5,1.0,0.3,0,,CoatSa00
205,Nick Foles,27,KAN,QB,3,1,4,-4,0,0,0.0,-1,-1.0,-1.3,1.3,0,,FoleNi00
206,Taylor Gabriel,25,ATL,WR,13,3,4,51,1,0,0.0,27,12.8,3.9,0.3,0,,GabrTa00
207,Mike James,25,TAM,RB,4,0,4,19,0,0,0.0,9,4.8,4.8,1.0,0,,JameMi00
208,Andy Janovich,23,DEN,RB,11,5,4,33,1,0,0.0,28,8.3,3.0,0.4,0,,JanoAn00
209,JJ Nelson,24,ARI,WR,15,6,4,83,1,0,0.0,56,20.8,5.5,0.3,1,,NelsJJ00
210,Jay Prosch,24,HOU,RB,15,1,4,9,0,1,0.0,5,2.3,0.6,0.3,0,,ProsJa00
211,Mark Sanchez,30,DAL,QB,2,0,4,-2,0,0,0.0,1,-0.5,-1.0,2.0,0,,SancMa00
212,Stepfan Taylor,25,ARI,RB,15,0,4,12,0,0,0.0,12,3.0,0.8,0.3,0,,TaylSt00
213,De'Anthony Thomas,23,KAN,RB,12,0,4,29,0,0,0.0,23,7.3,2.4,0.3,0,,ThomDe05
214,Josh Huff,25,2TM,WR,10,2,4,15,0,0,0.0,10,3.8,1.5,0.4,0,,HuffJo00
214,Josh Huff,25,PHI,WR,7,2,3,10,0,0,0.0,10,3.3,1.4,0.4,0,,HuffJo00
214,Josh Huff,25,TAM,WR,3,0,1,5,0,0,0.0,5,5.0,1.7,0.3,0,,HuffJo00
215,Doug Baldwin,28,SEA,WR,16,15,3,2,0,0,0.0,4,0.7,0.1,0.2,1,PB,BaldDo00
216,Joique Bell,30,2TM,RB,7,0,3,6,0,0,0.0,6,2.0,0.9,0.4,0,,BellJo01
216,Joique Bell,30,CHI,RB,4,0,3,6,0,0,0.0,6,2.0,1.5,0.8,0,,BellJo01
217,Antonio Brown,28,PIT,WR,15,15,3,9,0,0,0.0,13,3.0,0.6,0.2,0,PBAP-1,BrowAn04
218,Michael Campanaro,25,BAL,WR,3,0,3,72,0,0,0.0,39,24.0,24.0,1.0,0,,CampMi02
219,Robbie Chosen,23,NYJ,WR,16,8,3,42,0,0,0.0,30,14.0,2.6,0.2,1,,AndeRo04
220,Stefon Diggs,23,MIN,WR,13,11,3,10,0,0,0.0,12,3.3,0.8,0.2,0,,DiggSt00
221,Chris Hogan,29,NWE,WR,15,14,3,9,0,0,0.0,6,3.0,0.6,0.2,1,,HogaCh00
222,Brett Hundley,23,GNB,QB,4,0,3,-2,0,0,0.0,,-0.7,-0.5,0.8,1,,HundBr00
223,Paul Lasike,26,CHI,RB,10,3,3,8,0,0,0.0,5,2.7,0.8,0.3,0,,LasiPa00
224,Tommylee Lewis,24,NOR,WR,12,1,3,11,0,0,0.0,7,3.7,0.9,0.3,2,,LewiTo00
225,Terrence Magee,23,SEA,RB,2,0,3,12,0,0,0.0,5,4.0,6.0,1.5,0,,MageTe00
226,Dexter McCluster,27,SDG,WR,6,0,3,2,0,0,0.0,2,0.7,0.3,0.5,0,,McClDe00
227,Matt McGloin,27,OAK,QB,3,1,3,-3,0,0,0.0,-1,-1.0,-1.0,1.0,0,,McGlMa01
228,Braxton Miller,24,HOU,WR,10,6,3,0,0,0,0.0,,0.0,0.0,0.3,0,,MillBr03
229,Chris Moore,23,BAL,WR,15,0,3,19,0,0,0.0,10,6.3,1.3,0.2,1,,MoorCh00
230,Stevan Ridley,27,ATL,RB,1,0,3,7,0,0,0.0,7,2.3,7.0,3.0,0,,RidlSt00
231,Sterling Shepard,23,NYG,WR,16,16,3,31,0,0,0.0,22,10.3,1.9,0.2,0,,ShepSt00
232,Drew Stanton,32,ARI,QB,5,1,3,-3,0,0,0.0,-1,-1.0,-0.6,0.6,0,,StanDr00
233,Brandon Tate,29,BUF,WR,15,1,3,48,0,1,0.0,30,16.0,3.2,0.2,0,,TateBr00
234,Antonio Andrews,24,TEN,RB,16,0,2,15,0,0,0.0,9,7.5,0.9,0.1,0,,AndrAn00
235,Demarcus Ayers,22,PIT,WR,2,1,2,-12,0,0,0.0,,-6.0,-6.0,1.0,0,,AyerDe00
236,Joe Banyard,28,JAX,RB,1,0,2,7,0,0,0.0,7,3.5,7.0,2.0,0,,BanyJo00
237,Travis Benjamin,27,SDG,WR,14,8,2,-3,0,0,0.0,-1,-1.5,-0.2,0.1,5,,BenjTr00
238,Martellus Bennett,29,NWE,TE,16,12,2,10,0,0,0.0,6,5.0,0.6,0.1,0,,BennMa00
239,Corey Brown,25,CAR,WR,16,8,2,6,0,0,0.0,9,3.0,0.4,0.1,1,,BrowPh00
240,Brandon Burks,23,NYJ,RB,1,0,2,-4,0,0,0.0,1,-2.0,-4.0,2.0,0,,BurkBr00
241,Kellen Clemens,33,SDG,QB,12,0,2,-1,0,0,0.0,,-0.5,-0.1,0.2,0,,ClemKe00
242,Corey Coleman,22,CLE,WR,10,10,2,10,0,0,0.0,9,5.0,1.0,0.2,0,,ColeCo00
243,Jamison Crowder,23,WAS,WR,16,9,2,-2,0,0,0.0,7,-1.0,-0.1,0.1,2,,CrowJa00
244,Phillip Dorsett,23,IND,WR,15,7,2,10,0,0,0.0,7,5.0,0.7,0.1,1,,DorsPh00
245,Larry Fitzgerald,33,ARI,WR,16,16,2,5,0,0,0.0,4,2.5,0.3,0.1,2,PB,FitzLa00
246,Andrew Hawkins,30,CLE,WR,16,5,2,0,0,0,0.0,,0.0,0.0,0.1,0,,HawkAn00
247,Bronson Hill,23,JAX,RB,3,0,2,11,0,0,0.0,7,5.5,3.7,0.7,0,,HillBr01
248,Jeff Janis,25,GNB,WR,16,1,2,38,1,0,0.0,19,19.0,2.4,0.1,0,,JaniJe00
249,Marquette King,28,OAK,P,16,0,2,27,0,0,0.0,27,13.5,1.7,0.1,1,AP-2,KingMa00
250,Sam Koch,34,BAL,P,16,0,2,-23,0,0,0.0,,-11.5,-1.4,0.1,0,,KochSa20
251,Marcel Reece,31,SEA,RB,4,0,2,0,0,0,0.0,,0.0,0.0,0.5,0,,ReecMa00
252,Daryl Richardson,26,PIT,RB,3,0,2,7,0,0,0.0,6,3.5,2.3,0.7,0,,RichDa00
253,Jon Ryan,35,SEA,P,16,0,2,26,0,1,0.0,26,13.0,1.6,0.1,3,,RyanJo21
254,Matt Schaub,35,ATL,QB,4,0,2,-2,0,0,0.0,-1,-1.0,-0.5,0.5,0,,SchaMa00
255,Geno Smith,26,NYJ,QB,2,1,2,9,0,0,0.0,7,4.5,4.5,1.0,1,,SmitGe00
256,Keith Smith,24,DAL,DB,16,1,2,5,0,0,0.0,3,2.5,0.3,0.1,0,,SmitKe03
257,Adam Thielen,26,MIN,WR,16,10,2,15,0,0,0.0,11,7.5,0.9,0.1,2,,ThieAd00
258,Bryce Treggs,22,PHI,WR,9,1,2,7,0,0,0.0,4,3.5,0.8,0.2,0,,TregBr00
259,Will Tukuafu,32,SEA,FB,7,1,2,2,0,0,0.0,2,1.0,0.3,0.3,0,,TukuWi00
260,Delanie Walker,32,TEN,TE,15,9,2,11,0,1,0.0,8,5.5,0.7,0.1,1,PB,WalkHu00
261,Derek Watt,24,SDG,FB,16,2,2,4,0,0,0.0,2,2.0,0.3,0.1,0,,WattDe00
262,Charlie Whitehurst,34,CLE,QB,1,0,2,1,0,0,0.0,2,0.5,1.0,2.0,0,,WhitCh02
263,Albert Wilson,24,KAN,WR,16,5,2,50,1,0,0.0,55,25.0,3.1,0.1,0,,WilsAl02
264,James Wright,25,CIN,WR,13,2,2,-6,0,0,0.0,2,-3.0,-0.5,0.2,0,,WrigJa03
265,Shane Wynn,24,JAX,WR,5,0,2,5,0,0,0.0,7,2.5,1.0,0.4,0,,WynnSh00
266,Bralon Addison,23,CHI,WR,2,0,1,4,0,0,0.0,4,4.0,2.0,0.5,1,,AddiBr01
267,Derek Anderson,33,CAR,QB,5,2,1,4,0,0,0.0,4,4.0,0.8,0.2,1,,AndeDe00
268,Cole Beasley,27,DAL,WR,16,6,1,7,0,0,0.0,7,7.0,0.4,0.1,0,,BeasCo00
269,Odell Beckham Jr.,24,NYG,WR,16,16,1,9,0,0,0.0,9,9.0,0.6,0.1,3,PBAP-2,BeckOd00
270,Jordan Berry,25,PIT,P,16,0,1,-3,0,0,0.0,-3,-3.0,-0.2,0.1,1,,BerrJo00
271,Antwon Blake,26,TEN,DB,16,1,1,-2,0,0,0.0,-2,-2.0,-0.1,0.1,0,,BlakAn00
272,Brandon Bolden,26,NWE,RB,14,0,1,4,0,0,0.0,4,4.0,0.3,0.1,0,,BoldBr00
273,Quan Bray,23,IND,WR,6,0,1,7,0,0,0.0,7,7.0,1.2,0.2,0,,BrayQu00
274,John Brown,26,ARI,WR,15,6,1,10,0,0,0.0,10,10.0,0.7,0.1,1,,BrowJo02
275,Drew Butler,27,ARI,P,7,0,1,0,0,0,0.0,,0.0,0.0,0.1,1,,ButlDr00
276,Amari Cooper,22,OAK,WR,16,14,1,0,0,0,0.0,,0.0,0.0,0.1,2,PB,CoopAm00
277,Matt Darr,24,MIA,P,16,0,1,0,0,0,0.0,,0.0,0.0,0.1,2,,DarrMa00
278,Eric Ebron,23,DET,TE,13,13,1,1,1,0,0.0,1,1.0,0.1,0.1,0,,EbroEr00
279,Lac Edwards,24,NYJ,P,16,0,1,0,0,0,0.0,,0.0,0.0,0.1,1,,EdwaLa01
280,Rhett Ellison,28,MIN,TE,15,6,1,1,1,0,0.0,1,1.0,0.1,0.1,0,,ElliRh00
281,Quincy Enunwa,24,NYJ,WR,16,13,1,12,0,0,0.0,12,12.0,0.8,0.1,0,,EnunQu00
282,Tyler Ervin,23,HOU,RB,12,0,1,3,0,0,0.0,3,3.0,0.3,0.1,3,,ErviTy00
283,David Fales,26,CHI,QB,1,0,1,0,0,0,0.0,,0.0,0.0,1.0,1,,FaleDa00
284,George Farmer,23,SEA,WR,2,0,1,1,0,0,0.0,1,1.0,0.5,0.5,0,,FarmGe02
285,Coby Fleener,28,NOR,TE,16,8,1,2,1,0,0.0,2,2.0,0.1,0.1,2,,FleeCo00
286,Jalston Fowler,26,TEN,RB,16,6,1,3,0,0,0.0,3,3.0,0.2,0.1,0,,FowlJa00
287,Will Fuller,22,HOU,WR,14,13,1,-3,0,0,0.0,-3,-3.0,-0.2,0.1,2,,FullWi01
288,Jimmy Graham,30,SEA,TE,16,15,1,0,0,0,0.0,,0.0,0.0,0.1,2,PB,GrahJi00
289,Jakeem Grant,24,MIA,WR,16,0,1,1,0,0,0.0,1,1.0,0.1,0.1,4,,GranJa00
290,Percy Harvin,28,BUF,WR,2,1,1,11,0,0,0.0,11,11.0,5.5,0.5,0,,HarvPe00
291,Chad Henne,31,JAX,QB,1,0,1,-2,0,0,0.0,-2,-2.0,-2.0,1.0,0,,HennCh01
292,Darrius Heyward-Bey,29,PIT,WR,10,0,1,60,1,0,0.0,60,60.0,6.0,0.1,0,,HeywDa00
293,Malcolm Johnson,24,CLE,TE,7,1,1,2,0,0,0.0,2,2.0,0.3,0.1,1,,JohnMa06
294,Cardale Jones,24,BUF,QB,1,0,1,-1,0,0,0.0,-1,-1.0,-1.0,1.0,0,,JoneCa01
295,Chris Jones,27,DAL,P,16,0,1,30,0,0,0.0,30,30.0,1.9,0.1,0,,JoneCh02
296,Donnie Jones,36,PHI,P,16,0,1,0,0,0,0.0,,0.0,0.0,0.1,1,,JoneDo21
297,Marvin Jones,26,DET,WR,15,15,1,3,0,0,0.0,3,3.0,0.2,0.1,0,,JoneMa02
298,Taiwan Jones,28,OAK,RB,13,0,1,-8,0,0,0.0,-8,-8.0,-0.6,0.1,0,,JoneTa00
299,Drew Kaser,23,SDG,P,16,0,1,0,0,0,0.0,,0.0,0.0,0.1,1,,KaseDr00
300,Travis Kelce,27,KAN,TE,16,15,1,-5,0,0,0.0,-5,-5.0,-0.3,0.1,0,PBAP-1,KelcTr00
301,Joe Kerridge,24,GNB,RB,8,0,1,0,0,0,0.0,,0.0,0.0,0.1,0,,KerrJo00
302,Brandon LaFell,30,CIN,WR,16,14,1,-2,0,0,0.0,-2,-2.0,-0.1,0.1,0,,LaFeBr00
303,Jeremy Maclin,28,KAN,WR,12,12,1,-1,0,0,0.0,-1,-1.0,-0.1,0.1,0,,MaclJe00
304,Sean Mannion,24,LAR,QB,1,0,1,-1,0,0,0.0,-1,-1.0,-1.0,1.0,1,,MannSe00
305,Marc Mariani,29,TEN,WR,16,0,1,15,0,0,0.0,15,15.0,0.9,0.1,1,,MariMa00
306,Bradley Marquez,24,LAR,WR,14,0,1,2,0,0,0.0,2,2.0,0.1,0.1,0,,MarqBr00
307,Pat McAfee,29,IND,P,16,0,1,0,0,0,0.0,,0.0,0.0,0.1,0,PB,McAfPa44
308,J.D. McKissic,23,SEA,RB,1,0,1,2,0,0,0.0,2,2.0,2.0,1.0,0,,McKiJ.00
309,Brandon McManus,25,DEN,K,16,0,1,6,0,0,0.0,6,6.0,0.4,0.1,0,,McMaBr01
310,Cameron Meredith,24,CHI,WR,14,10,1,6,0,0,0.0,6,6.0,0.4,0.1,3,,MereCa00
311,Donte Moncrief,23,IND,WR,9,7,1,-1,0,0,0.0,-1,-1.0,-0.1,0.1,0,,MoncDo00
312,Matt Moore,32,MIA,QB,4,3,1,-1,0,0,0.0,-1,-1.0,-0.3,0.3,1,,MoorMa01
313,Raheem Mostert,24,2TM,RB,3,0,1,6,0,0,0.0,6,6.0,2.0,0.3,0,,MostRa00
313,Raheem Mostert,24,SFO,RB,1,0,1,6,0,0,0.0,6,6.0,6.0,1.0,0,,MostRa00
314,Jordan Norwood,30,DEN,WR,14,6,1,0,0,0,0.0,,0.0,0.0,0.1,5,,NorwJo00
315,Breshad Perriman,23,BAL,WR,16,1,1,2,0,0,0.0,2,2.0,0.1,0.1,0,,PerrBr02
316,Dontari Poe,26,KAN,NT,16,16,1,1,1,0,0.0,1,1.0,0.1,0.1,0,,PoexDo00
317,Chris Prosinski,29,CHI,DB,16,1,1,2,0,0,0.0,2,2.0,0.1,0.1,0,,ProsCh00
318,Paul Richardson,24,SEA,WR,15,0,1,5,0,0,0.0,5,5.0,0.3,0.1,0,,RichPa01
319,Eli Rogers,24,PIT,WR,13,8,1,6,0,0,0.0,6,6.0,0.5,0.1,2,,RogeEl00
320,Emmanuel Sanders,29,DEN,WR,16,16,1,4,0,0,0.0,4,4.0,0.3,0.1,1,PB,SandEm00
321,Mohamed Sanu,27,ATL,WR,15,15,1,5,0,0,0.0,5,5.0,0.3,0.1,1,,SanuMo00
322,Colton Schmidt,26,BUF,P,16,0,1,16,0,1,0.0,16,16.0,1.0,0.1,1,,SchmCo00
323,Tajae Sharpe,22,TEN,WR,16,10,1,1,0,0,0.0,1,1.0,0.1,0.1,0,,SharTa00
324,Russell Shepard,26,TAM,WR,14,4,1,9,0,0,0.0,9,9.0,0.6,0.1,0,,ShepRu00
325,Matthew Slater,31,NWE,WR,13,0,1,5,0,0,0.0,5,5.0,0.4,0.1,2,PBAP-1,SlatMa00
326,Lorenzo Taliaferro,25,BAL,RB,3,0,1,0,0,0,0.0,,0.0,0.0,0.3,0,,TaliLo00
327,Bryan Walters,29,JAX,WR,10,3,1,4,0,0,0.0,4,4.0,0.4,0.1,1,,WaltBr00
328,Kevin White,24,CHI,WR,4,4,1,9,0,0,0.0,9,9.0,2.3,0.3,0,,WhitKe00
329,Robert Woods,24,BUF,WR,13,10,1,6,0,0,0.0,6,6.0,0.5,0.1,0,,WoodRo02
330,Kendall Wright,27,TEN,WR,11,4,1,15,0,0,0.0,15,15.0,1.4,0.1,0,,WrigKe01
