Rk,Player,Age,Team,Pos,G,GS,Att,Yds,TD,1D,Succ%,Lng,Y/A,Y/G,A/G,Fmb,Awards,-9999
1,Derrick Henry,25,TEN,RB,15,15,303,1540,16,73,49.2,74,5.1,102.7,20.2,5,PBAP-2,HenrDe00
2,Ezekiel Elliott,24,DAL,RB,16,16,301,1357,12,78,54.8,33,4.5,84.8,18.8,3,PB,ElliEz00
3,Nick Chubb,24,CLE,RB,16,16,298,1494,8,62,43.6,88,5.0,93.4,18.6,3,PB,ChubNi00
4,Christian McCaffrey,23,CAR,RB,16,16,287,1387,15,57,46.3,84,4.8,86.7,17.9,1,PBAP-1AP OPoY-3,McCaCh01
5,Chris Carson,25,SEA,RB,15,15,278,1230,7,75,53.6,59,4.4,82.0,18.5,7,,CarsCh00
6,Joe Mixon,23,CIN,RB,16,15,278,1137,5,56,45.3,41,4.1,71.1,17.4,0,,MixoJo00
7,Leonard Fournette,24,JAX,RB,15,15,265,1152,3,55,41.1,81,4.3,76.8,17.7,1,,FourLe00
8,Dalvin Cook,24,MIN,RB,14,14,250,1135,13,60,47.6,75,4.5,81.1,17.9,4,PBAP CPoY-5,CookDa01
9,Marlon Mack,23,IND,RB,14,12,247,1091,8,67,51.0,63,4.4,77.9,17.6,0,,MackMa00
10,Sony Michel,24,NWE,RB,16,14,247,912,7,55,47.0,26,3.7,57.0,15.4,2,,MichSo00
11,Le'Veon Bell,27,NYJ,RB,15,15,245,789,3,36,40.4,19,3.2,52.6,16.3,1,,BellLe00
12,Carlos Hyde,29,HOU,RB,16,14,245,1070,6,55,51.4,58,4.4,66.9,15.3,4,,HydeCa00
13,Josh Jacobs,21,OAK,RB,13,13,242,1150,7,53,49.6,51,4.8,88.5,18.6,1,AP ORoY-2,JacoJo01
14,David Montgomery,22,CHI,RB,16,8,242,889,6,50,43.4,55,3.7,55.6,15.1,2,,MontDa01
15,Aaron Jones,25,GNB,RB,16,16,236,1084,16,55,54.2,56,4.6,67.8,14.8,3,,JoneAa00
16,Phillip Lindsay,25,DEN,RB,16,16,224,1011,7,38,48.7,40,4.5,63.2,14.0,0,,LindPh00
17,Todd Gurley,25,LAR,RB,15,15,223,857,12,51,46.6,25,3.8,57.1,14.9,3,,GurlTo01
18,Saquon Barkley,22,NYG,RB,13,13,217,1003,6,45,43.3,68,4.6,77.2,16.7,1,,BarkSa00
19,Adrian Peterson,34,WAS,RB,15,15,211,898,5,41,46.0,32,4.3,59.9,14.1,3,,PeteAd01
20,Mark Ingram,30,BAL,RB,15,15,202,1018,10,53,58.4,53,5.0,67.9,13.5,2,PB,IngrMa01
21,Devonta Freeman,27,ATL,RB,14,14,184,656,2,31,41.8,28,3.6,46.9,13.1,3,,FreeDe00
22,Miles Sanders,22,PHI,RB,16,11,179,818,3,30,44.7,65,4.6,51.1,11.2,2,AP ORoY-4,SandMi01
23,Lamar Jackson,22,BAL,QB,15,15,176,1206,7,71,58.0,47,6.9,80.4,11.7,9,PBAP-1AP MVP-1AP OPoY-2,JackLa00
24,Ronald Jones II,22,TAM,RB,16,9,172,724,6,34,43.0,49,4.2,45.3,10.8,3,,JoneRo01
25,Alvin Kamara,24,NOR,RB,14,9,171,797,5,32,50.9,40,4.7,56.9,12.2,4,PB,KamaAl00
26,Kenyan Drake,25,2TM,RB,14,10,170,817,8,48,48.8,80,4.8,58.4,12.1,2,,DrakKe00
26,Kenyan Drake,25,MIA,RB,6,2,47,174,0,6,42.6,11,3.7,29.0,7.8,2,,DrakKe00
26,Kenyan Drake,25,ARI,RB,8,8,123,643,8,42,51.2,80,5.2,80.4,15.4,0,,DrakKe00
27,Frank Gore,36,BUF,RB,16,8,166,599,2,30,41.6,41,3.6,37.4,10.4,0,,GoreFr00
28,Melvin Gordon,26,LAC,RB,12,11,162,612,8,39,49.4,24,3.8,51.0,13.5,4,,GordMe00
29,Peyton Barber,25,TAM,RB,16,7,154,470,6,23,38.3,17,3.1,29.4,9.6,1,,BarbPe01
30,Devin Singletary,22,BUF,RB,12,8,151,775,2,37,49.0,38,5.1,64.6,12.6,4,,SingDe00
31,Latavius Murray,29,NOR,RB,16,8,146,637,5,38,57.5,30,4.4,39.8,9.1,0,,MurrLa00
32,Tevin Coleman,26,SFO,RB,14,11,137,544,6,26,37.2,48,4.0,38.9,9.8,0,,ColeTe01
33,Raheem Mostert,27,SFO,RB,16,0,137,772,8,31,48.9,41,5.6,48.3,8.6,2,,MostRa00
34,Gus Edwards,24,BAL,RB,16,1,133,711,2,46,51.9,63,5.3,44.4,8.3,2,,EdwaGu00
35,Austin Ekeler,24,LAC,RB,16,8,132,557,3,32,44.7,35,4.2,34.8,8.3,3,,EkelAu00
36,Royce Freeman,23,DEN,RB,16,0,132,496,3,22,40.9,26,3.8,31.0,8.3,0,,FreeRo00
37,Matt Breida,24,SFO,RB,13,5,123,623,1,23,43.9,83,5.1,47.9,9.5,2,,BreiMa00
38,Jordan Howard,25,PHI,RB,10,4,119,525,6,28,47.9,20,4.4,52.5,11.9,0,,HowaJo00
39,James Conner,24,PIT,RB,10,10,116,464,4,26,43.1,25,4.0,46.4,11.6,1,,ConnJa00
40,Kerryon Johnson,22,DET,RB,8,7,113,403,3,22,48.7,20,3.6,50.4,14.1,1,,JohnKe06
41,Damien Williams,27,KAN,RB,11,6,111,498,5,22,46.8,91,4.5,45.3,10.1,1,,WillDa05
42,Josh Allen,23,BUF,QB,16,16,109,510,9,42,54.1,36,4.7,31.9,6.8,14,,AlleJo02
43,Benny Snell Jr.,21,PIT,RB,13,2,108,426,2,19,45.4,23,3.9,32.8,8.3,1,,SnelBe00
44,DeAndre Washington,26,OAK,RB,16,3,108,387,3,23,50.9,36,3.6,24.2,6.8,0,,WashDe00
45,Jamaal Williams,24,GNB,RB,14,2,107,460,1,23,49.5,45,4.3,32.9,7.6,0,,WillJa06
46,LeSean McCoy,31,KAN,RB,13,9,101,465,4,24,46.5,39,4.6,35.8,7.8,3,,McCoLe01
47,Alexander Mattison,21,MIN,RB,13,0,100,462,1,19,37.0,35,4.6,35.5,7.7,1,,MattAl01
48,David Johnson,28,ARI,RB,13,9,94,345,2,20,43.6,18,3.7,26.5,7.2,1,,JohnDa08
49,Kyler Murray,22,ARI,QB,16,16,93,544,4,27,48.4,35,5.8,34.0,5.8,5,AP ORoY-1,MurrKy00
50,Bo Scarbrough,25,DET,RB,6,5,89,377,1,15,56.2,30,4.2,62.8,14.8,1,,ScarBo01
51,Tony Pollard,22,DAL,RB,15,0,86,455,2,21,50.0,44,5.3,30.3,5.7,1,,PollTo00
52,Duke Johnson,26,HOU,RB,16,2,83,410,2,17,45.8,40,4.9,25.6,5.2,1,,JohnDu00
53,Deshaun Watson,24,HOU,QB,15,15,82,413,7,29,48.8,30,5.0,27.5,5.5,10,PB,WatsDe00
54,Brian Hill,24,ATL,RB,12,2,78,323,2,19,39.7,27,4.1,26.9,6.5,0,,HillBr02
55,Russell Wilson,31,SEA,QB,16,16,75,342,3,17,41.3,21,4.6,21.4,4.7,8,PBAP-2AP OPoY-4,WilsRu00
56,Kalen Ballage,24,MIA,RB,12,6,74,135,3,10,31.1,8,1.8,11.3,6.2,0,,BallKa00
57,Malcolm Brown,26,LAR,RB,14,1,69,255,5,16,46.4,17,3.7,18.2,4.9,0,,BrowMa03
58,Gardner Minshew II,23,JAX,QB,14,12,67,344,0,20,43.3,21,5.1,24.6,4.8,12,,MinsGa00
59,James White,27,NWE,RB,15,1,67,263,1,15,41.8,32,3.9,17.5,4.5,1,,WhitJa02
60,Jaylen Samuels,23,PIT,RB,14,4,66,175,1,9,37.9,13,2.7,12.5,4.7,1,,SamuJa00
61,Rex Burkhead,29,NWE,RB,13,1,65,302,3,18,50.8,33,4.6,23.2,5.0,1,,BurkRe00
62,Rashaad Penny,23,SEA,RB,10,0,65,370,3,16,52.3,58,5.7,37.0,6.5,1,,PennRa00
63,Tarik Cohen,24,CHI,RB,16,11,64,213,0,15,42.2,19,3.3,13.3,4.0,3,,CoheTa00
64,Ty Johnson,22,DET,RB,16,1,63,273,0,11,44.4,40,4.3,17.1,3.9,1,,JohnTy02
65,Patrick Laird,24,MIA,RB,15,4,62,168,1,9,30.6,18,2.7,11.2,4.1,0,,LairPa00
66,Carson Wentz,27,PHI,QB,16,16,62,243,1,21,62.9,19,3.9,15.2,3.9,16,AP CPoY-5,WentCa00
67,Boston Scott,24,PHI,RB,11,2,61,245,5,17,52.5,25,4.0,22.3,5.5,4,,ScotBo02
68,Chase Edmonds,23,ARI,RB,13,2,60,303,4,12,38.3,37,5.1,23.3,4.6,0,,EdmoCh00
69,Bilal Powell,31,NYJ,RB,13,1,59,229,0,12,39.0,17,3.9,17.6,4.5,0,,PoweBi00
70,Jameis Winston,25,TAM,QB,16,16,59,250,1,18,37.3,26,4.2,15.6,3.7,12,,WinsJa00
71,Justice Hill,22,BAL,RB,16,0,58,225,2,10,36.2,18,3.9,14.1,3.6,0,,HillJu00
72,Jacoby Brissett,27,IND,QB,15,15,56,228,4,20,55.4,24,4.1,15.2,3.7,7,,BrisJa00
73,Ryan Fitzpatrick,37,MIA,QB,15,13,54,243,4,16,51.9,20,4.5,16.2,3.6,9,,FitzRy00
74,Dion Lewis,29,TEN,RB,16,1,54,209,0,6,46.3,17,3.9,13.1,3.4,1,,LewiDi00
75,Giovani Bernard,28,CIN,RB,16,2,53,170,0,10,32.1,25,3.2,10.6,3.3,2,,BernGi00
76,Mark Walton,22,MIA,RB,7,4,53,201,0,11,43.4,19,3.8,28.7,7.6,1,,WaltMa00
77,Nyheim Hines,23,IND,RB,16,2,52,199,2,16,51.9,18,3.8,12.4,3.3,1,,HineNy00
78,Dak Prescott,26,DAL,QB,16,16,52,277,3,19,46.2,42,5.3,17.3,3.3,6,,PresDa01
79,Jordan Wilkins,25,IND,RB,14,1,51,307,2,12,56.9,55,6.0,21.9,3.6,0,,WilkJo01
80,Mike Boone,24,MIN,RB,16,2,49,273,3,9,46.9,59,5.6,17.1,3.1,0,,BoonMi00
81,Jonathan Williams,25,IND,RB,9,1,49,235,1,13,51.0,48,4.8,26.1,5.4,0,,WillJo07
82,Mitchell Trubisky,25,CHI,QB,15,15,48,193,2,12,43.8,23,4.0,12.9,3.2,5,,TrubMi00
83,Jimmy Garoppolo,28,SFO,QB,16,16,46,62,1,13,32.6,11,1.3,3.9,2.9,10,AP CPoY-2,GaroJi00
84,Aaron Rodgers,36,GNB,QB,16,16,46,183,1,9,34.8,17,4.0,11.4,2.9,4,PB,RodgAa00
85,Daniel Jones,22,NYG,QB,13,12,45,279,2,21,66.7,26,6.2,21.5,3.5,19,,JoneDa05
86,Kareem Hunt,24,CLE,RB,8,3,43,179,2,8,53.5,16,4.2,22.4,5.4,1,,HuntKa00
87,Patrick Mahomes,24,KAN,QB,14,14,43,218,2,15,41.9,25,5.1,15.6,3.1,3,PBAP OPoY-4,MahoPa00
88,Ryan Tannehill,31,TEN,QB,12,10,43,185,4,14,46.5,25,4.3,15.4,3.6,5,PBAP CPoY-1,TannRy00
89,Derrius Guice,22,WAS,RB,5,1,42,245,2,9,50.0,60,5.8,49.0,8.4,0,,GuicDe00
90,Darrel Williams,24,KAN,RB,12,0,41,141,3,12,48.8,41,3.4,11.8,3.4,1,,WillDa10
91,Darrell Henderson,22,LAR,RB,13,0,39,147,0,10,41.0,22,3.8,11.3,3.0,0,,HendDa00
92,Jalen Richard,26,OAK,RB,16,0,39,145,0,10,48.7,13,3.7,9.1,2.4,2,,RichJa01
93,J.D. McKissic,26,DET,RB,16,3,38,205,0,8,47.4,44,5.4,12.8,2.4,0,,McKiJ.00
94,Chris Thompson,29,WAS,RB,11,0,37,138,0,7,37.8,16,3.7,12.5,3.4,1,,ThomCh03
95,Darwin Thompson,22,KAN,RB,12,0,37,128,1,9,54.1,12,3.5,10.7,3.1,0,,ThomDa06
96,Myles Gaskin,22,MIA,RB,7,0,36,133,1,7,38.9,27,3.7,19.0,5.1,0,,GaskMy00
97,Ryquell Armstead,23,JAX,RB,16,1,35,108,0,5,28.6,16,3.1,6.8,2.2,0,,ArmsRy00
98,Matt Ryan,34,ATL,QB,15,15,34,147,1,10,50.0,12,4.3,9.8,2.3,9,,RyanMa00
99,Sam Darnold,22,NYJ,QB,13,13,33,62,2,6,27.3,24,1.9,4.8,2.5,11,,DarnSa00
100,Jared Goff,25,LAR,QB,16,16,33,40,2,5,30.3,8,1.2,2.5,2.1,10,,GoffJa00
101,Kyle Allen,23,CAR,QB,13,12,32,106,2,9,31.3,17,3.3,8.2,2.5,13,,AlleKy00
102,Andy Dalton,32,CIN,QB,13,13,32,73,4,12,43.8,17,2.3,5.6,2.5,8,,DaltAn00
103,Ty Montgomery,26,NYJ,WR,16,2,32,103,0,2,34.4,15,3.2,6.4,2.0,0,,MontTy01
104,Kirk Cousins,31,MIN,QB,15,15,31,63,1,8,41.9,14,2.0,4.2,2.1,10,PB,CousKi00
105,Jon Hilliman,24,NYG,RB,3,1,30,91,0,6,40.0,10,3.0,30.3,10.0,2,,HillJo03
106,Wayne Gallman,25,NYG,RB,10,2,29,110,2,6,41.4,22,3.8,11.0,2.9,0,,GallWa00
107,Justin Jackson,23,LAC,RB,7,0,29,200,0,9,62.1,40,6.9,28.6,4.1,0,,JackJu01
108,Teddy Bridgewater,27,NOR,QB,9,5,28,31,0,4,21.4,11,1.1,3.4,3.1,1,AP CPoY-5,BridTe00
109,Baker Mayfield,24,CLE,QB,16,16,28,141,3,15,57.1,18,5.0,8.8,1.8,6,,MayfBa00
110,Derek Carr,28,OAK,QB,16,16,27,82,2,7,33.3,15,3.0,5.1,1.7,7,,CarrDe02
111,Taysom Hill,29,NOR,WR,16,5,27,156,1,10,59.3,30,5.8,9.8,1.7,0,,HillTa00
112,Jeff Wilson,24,SFO,RB,10,0,27,105,4,9,48.1,25,3.9,10.5,2.7,0,,WilsJe01
113,Tom Brady,42,NWE,QB,16,16,26,34,3,8,34.6,17,1.3,2.1,1.6,4,,BradTo00
114,Marcus Mariota,26,TEN,QB,7,6,24,129,0,5,50.0,15,5.4,18.4,3.4,3,,MariMa01
115,Kerrith Whyte Jr,23,PIT,RB,6,0,24,122,0,5,41.7,21,5.1,20.3,4.0,0,,WhytKe00
116,Ameer Abdullah,26,MIN,RB,16,0,23,115,0,4,26.1,15,5.0,7.2,1.4,1,,AbduAm00
117,C.J. Prosise,25,SEA,RB,9,0,23,72,1,4,39.1,17,3.1,8.0,2.6,1,,ProsC.00
118,Jeff Driskel,26,DET,QB,3,3,22,151,1,10,72.7,23,6.9,50.3,7.3,1,,DrisJe00
119,Trey Edmunds,25,PIT,RB,11,0,22,92,0,2,31.8,45,4.2,8.4,2.0,0,,EdmuTr00
120,Qadree Ollison,23,ATL,RB,8,0,22,50,4,6,45.5,6,2.3,6.3,2.8,1,,OlliQa00
121,Wendell Smallwood,25,WAS,RB,15,0,22,81,0,4,22.7,17,3.7,5.4,1.5,0,,SmalWe00
122,Ito Smith,24,ATL,RB,7,0,22,106,1,10,54.5,28,4.8,15.1,3.1,0,,SmitIt00
123,Devlin Hodges,23,PIT,QB,8,6,21,68,0,5,28.6,22,3.2,8.5,2.6,5,,HodgDe00
124,Mason Rudolph,24,PIT,QB,10,8,21,42,0,6,33.3,13,2.0,4.2,2.1,4,,RudoMa00
125,Robert Griffin III,29,BAL,QB,7,1,20,70,0,5,40.0,16,3.5,10.0,2.9,0,,GrifRo01
126,Dwayne Haskins,22,WAS,QB,9,7,20,101,0,7,40.0,23,5.1,11.2,2.2,6,,HaskDw00
127,Matthew Stafford,31,DET,QB,8,8,20,66,0,5,40.0,12,3.3,8.3,2.5,5,,StafMa00
128,Curtis Samuel,23,CAR,WR,16,15,19,130,1,7,73.7,16,6.8,8.1,1.2,0,,SamuCu00
129,Travis Homer,21,SEA,RB,16,1,18,114,0,6,50.0,29,6.3,7.1,1.1,0,,HomeTr00
130,Drew Lock,23,DEN,QB,5,5,18,72,0,5,44.4,12,4.0,14.4,3.6,3,,LockDr00
131,Tra Carson,27,2TM,RB,3,1,18,48,0,3,27.8,12,2.7,16.0,6.0,0,,CarsTr01
131,Tra Carson,27,GNB,RB,2,0,6,14,0,1,33.3,7,2.3,7.0,3.0,0,,CarsTr01
131,Tra Carson,27,DET,RB,1,1,12,34,0,2,25.0,12,2.8,34.0,12.0,0,,CarsTr01
132,Cordarrelle Patterson,28,CHI,WR,16,4,17,103,0,4,52.9,46,6.1,6.4,1.1,0,PBAP-1,PattCo00
133,Darren Sproles,36,PHI,RB,6,1,17,66,0,3,41.2,17,3.9,11.0,2.8,1,,SproDa00
134,Spencer Ware,28,KAN,RB,3,1,17,51,0,3,64.7,6,3.0,17.0,5.7,1,,WareSp00
135,Robert Woods,27,LAR,WR,15,15,17,115,1,5,64.7,20,6.8,7.7,1.1,0,,WoodRo02
136,T.J. Yeldon,26,BUF,RB,6,0,17,63,0,5,52.9,12,3.7,10.5,2.8,1,,YeldT.00
137,C.J. Anderson,28,DET,RB,2,0,16,43,0,1,31.3,9,2.7,21.5,8.0,0,,AndeC.00
138,Reggie Bonnafon,23,CAR,RB,16,0,16,116,1,2,43.8,59,7.3,7.3,1.0,0,,BonnRe00
139,Brandon Bolden,29,NWE,RB,15,2,15,68,3,5,53.3,21,4.5,4.5,1.0,0,,BoldBr00
140,Elijhaa Penny,26,NYG,RB,16,1,15,39,0,2,40.0,6,2.6,2.4,0.9,0,,PennEl00
141,Deebo Samuel,23,SFO,WR,15,11,14,159,3,5,64.3,31,11.4,10.6,0.9,2,,SamuDe00
142,Dontrell Hilliard,24,CLE,RB,14,0,13,49,2,3,46.2,11,3.8,3.5,0.9,2,,HillDo00
143,Mike Davis,26,2TM,RB,12,1,13,27,0,0,15.4,8,2.1,2.3,1.1,0,,DaviMi01
143,Mike Davis,26,CHI,RB,7,1,11,25,0,0,18.2,8,2.3,3.6,1.6,0,,DaviMi01
143,Mike Davis,26,CAR,RB,5,0,2,2,0,0,0.0,2,1.0,0.4,0.4,0,,DaviMi01
144,Joe Flacco,34,DEN,QB,8,8,12,20,0,4,41.7,9,1.7,2.5,1.5,8,,FlacJo00
145,Marshawn Lynch,33,SEA,RB,1,0,12,34,1,2,33.3,15,2.8,34.0,12.0,0,,LyncMa00
146,Paul Perkins,25,DET,RB,4,0,12,29,0,3,25.0,13,2.4,7.3,3.0,0,,PerkPa00
147,Philip Rivers,38,LAC,QB,16,16,12,29,0,2,25.0,12,2.4,1.8,0.8,8,,RivePh00
148,Dalyn Dawkins,25,TEN,RB,2,0,11,26,0,2,36.4,14,2.4,13.0,5.5,0,,DawkDa01
149,Dare Ogunbowale,25,TAM,RB,16,0,11,17,2,3,36.4,12,1.5,1.1,0.7,2,,OgunDa00
150,Jay Ajayi,26,PHI,RB,3,0,10,30,0,3,40.0,11,3.0,10.0,3.3,0,,AjayJa00
151,Brandon Allen,27,DEN,QB,3,3,10,39,0,4,60.0,11,3.9,13.0,3.3,0,,AlleBr00
152,Javorius Allen,28,NYG,RB,10,0,10,36,1,3,60.0,19,3.6,3.6,1.0,0,,AlleJa01
153,Ryan Finley,25,CIN,QB,3,3,10,77,0,4,70.0,24,7.7,25.7,3.3,4,,FinlRy00
154,Wes Hills,24,DET,RB,1,1,10,21,2,3,50.0,15,2.1,21.0,10.0,0,,HillWe00
155,Alec Ingold,23,OAK,FB,16,4,10,17,0,7,70.0,4,1.7,1.1,0.6,0,,IngoAl01
156,Christian Kirk,23,ARI,WR,13,13,10,93,0,4,80.0,28,9.3,7.2,0.8,0,,KirkCh01
157,Troymaine Pope,26,LAC,RB,14,0,10,20,0,0,30.0,8,2.0,1.4,0.7,1,,PopeTr00
158,Tyrod Taylor,30,LAC,QB,8,0,10,7,0,1,10.0,9,0.7,0.9,1.3,0,,TaylTy00
159,Drew Brees,40,NOR,QB,11,11,9,-4,1,2,22.2,2,-0.4,-0.4,0.8,0,PB,BreeDr00
160,Taiwan Jones,31,HOU,RB,11,0,9,40,0,3,66.7,11,4.4,3.6,0.8,0,,JoneTa00
161,Case Keenum,31,WAS,QB,10,8,9,12,1,2,33.3,9,1.3,1.2,0.9,6,,KeenCa00
162,Devine Ozigbo,23,JAX,RB,10,0,9,27,0,1,44.4,9,3.0,2.7,0.9,0,,OzigDe01
163,Steven Sims,22,WAS,WR,16,2,9,85,1,2,33.3,65,9.4,5.3,0.6,1,,SimsSt00
164,Josh Adams,23,NYJ,RB,3,0,8,12,0,1,12.5,10,1.5,4.0,2.7,0,,AdamJo03
165,David Blough,24,DET,QB,5,5,8,31,0,1,37.5,9,3.9,6.2,1.6,1,,BlouDa00
166,Tony Brooks-James,25,PIT,RB,3,0,8,7,0,0,12.5,8,0.9,2.3,2.7,0,,BrooTo01
167,Julian Edelman,33,NWE,WR,16,13,8,27,0,2,62.5,9,3.4,1.7,0.5,3,,EdelJu00
168,Tyreek Hill,25,KAN,WR,12,12,8,23,0,1,50.0,5,2.9,1.9,0.7,0,PB,HillTy00
169,Brian Hoyer,34,IND,QB,4,1,8,2,0,0,0.0,6,0.3,0.5,2.0,2,,HoyeBr00
170,Isaiah McKenzie,24,BUF,WR,15,8,8,49,0,4,75.0,16,6.1,3.3,0.5,0,,McKeIs00
171,Dwayne Washington,25,NOR,RB,16,0,8,60,0,2,50.0,31,7.5,3.8,0.5,0,,WashDw00
172,Will Grier,24,CAR,QB,2,2,7,22,0,2,28.6,11,3.1,11.0,3.5,1,,GrieWi00
173,C.J. Ham,26,MIN,FB,16,7,7,17,0,2,42.9,9,2.4,1.1,0.4,1,PB,HamxC.00
174,Brett Hundley,26,ARI,QB,3,0,7,41,0,3,71.4,14,5.9,13.7,2.3,0,,HundBr00
175,Zach Line,29,NOR,RB,12,2,7,20,0,5,71.4,5,2.9,1.7,0.6,0,,LineZa01
176,Derek Watt,27,LAC,FB,16,2,7,10,1,6,85.7,3,1.4,0.6,0.4,0,,WattDe00
177,Alex Armah,25,CAR,FB,16,1,6,11,1,1,16.7,4,1.8,0.7,0.4,0,,ArmaAl00
178,Tavon Austin,29,DAL,WR,14,0,6,47,1,2,66.7,20,7.8,3.4,0.4,1,,AustTa00
179,Brandin Cooks,26,LAR,WR,14,14,6,52,0,3,66.7,27,8.7,3.7,0.4,0,,CookBr00
180,Chase Daniel,33,CHI,QB,3,1,6,6,0,2,33.3,4,1.0,2.0,2.0,0,,DaniCh00
181,Sean Mannion,27,MIN,QB,3,1,6,-5,0,0,0.0,,-0.8,-1.7,2.0,1,,MannSe00
182,D.J. Moore,22,CAR,WR,15,15,6,40,0,3,66.7,13,6.7,2.7,0.4,2,,MoorD.00
183,Sterling Shepard,26,NYG,WR,10,10,6,72,0,3,66.7,23,12.0,7.2,0.6,0,,ShepSt00
184,Tim Boyle,25,GNB,QB,3,0,5,-7,0,0,0.0,,-1.4,-2.3,1.7,0,,BoylTi00
185,Stefon Diggs,26,MIN,WR,15,15,5,61,0,3,100.0,27,12.2,4.1,0.3,4,,DiggSt00
186,Alex Erickson,27,CIN,WR,16,6,5,33,0,2,80.0,17,6.6,2.1,0.3,4,,EricAl01
187,N'Keal Harry,22,NWE,WR,7,5,5,49,0,4,80.0,18,9.8,7.0,0.7,0,,HarrNK00
188,Buddy Howell,23,HOU,RB,16,0,5,10,0,1,40.0,4,2.0,0.6,0.3,0,,HoweGr00
189,George Kittle,26,SFO,TE,14,14,5,22,0,1,40.0,18,4.4,1.6,0.4,1,PBAP-1,KittGe00
190,A.J. McCarron,29,HOU,QB,2,1,5,39,1,3,60.0,18,7.8,19.5,2.5,0,,McCaA.00
191,Matt Moore,35,KAN,QB,6,2,5,-1,0,0,0.0,3,-0.2,-0.2,0.8,2,,MoorMa01
192,Cam Newton,30,CAR,QB,2,2,5,-2,0,0,0.0,3,-0.4,-1.0,2.5,2,,NewtCa00
193,Samaje Perine,24,2TM,RB,7,0,5,16,0,1,40.0,9,3.2,2.3,0.7,0,,PeriSa00
193,Samaje Perine,24,MIA,RB,1,0,5,16,0,1,40.0,9,3.2,16.0,5.0,0,,PeriSa00
194,Josh Reynolds,24,LAR,WR,16,2,5,23,0,2,60.0,12,4.6,1.4,0.3,0,,ReynJo00
195,Keith Smith,27,ATL,FB,16,5,5,8,0,4,80.0,3,1.6,0.5,0.3,0,,SmitKe03
196,Dede Westbrook,26,JAX,WR,15,11,5,27,0,0,60.0,8,5.4,1.8,0.3,1,,WestDe00
197,Dexter Williams,22,GNB,RB,4,0,5,11,0,0,20.0,5,2.2,2.8,1.3,0,,WillDe07
198,Albert Wilson,27,MIA,WR,13,4,5,45,0,1,40.0,28,9.0,3.5,0.4,0,,WilsAl02
199,Kenjon Barner,30,ATL,RB,14,0,4,28,0,1,75.0,12,7.0,2.0,0.3,4,,BarnKe00
200,Tyler Boyd,25,CIN,WR,16,15,4,23,0,1,50.0,10,5.8,1.4,0.3,2,,BoydTy00
201,Parris Campbell,22,IND,WR,7,3,4,34,0,1,75.0,22,8.5,4.9,0.6,3,,CampPa00
202,Trevor Davis,26,3TM,WR,14,4,4,73,1,2,50.0,60,18.3,5.2,0.3,3,,DaviTr03
202,Trevor Davis,26,OAK,WR,9,4,4,73,1,2,50.0,60,18.3,8.1,0.4,2,,DaviTr03
203,Nick Foles,30,JAX,QB,4,4,4,23,0,2,50.0,13,5.8,5.8,1.0,2,,FoleNi00
204,Russell Gage,23,ATL,WR,16,4,4,12,0,0,50.0,6,3.0,0.8,0.3,1,,GageRu00
205,Jakeem Grant,27,MIA,WR,10,2,4,5,1,1,50.0,7,1.3,0.5,0.4,2,,GranJa00
206,Ryan Griffin,30,TAM,QB,2,0,4,-1,0,0,0.0,,-0.3,-0.5,2.0,0,,GrifRy01
207,Mecole Hardman,21,KAN,WR,16,5,4,17,0,1,75.0,9,4.3,1.1,0.3,2,PBAP-2,HardMe00
208,Damien Harris,22,NWE,RB,2,0,4,12,0,0,0.0,13,3.0,6.0,2.0,0,,HarrDa06
209,Deonte Harty,22,NOR,WR,14,1,4,31,0,2,100.0,10,7.8,2.2,0.3,3,PBAP-1,HarrDe07
210,Andy Isabella,23,ARI,WR,15,1,4,15,0,0,75.0,6,3.8,1.0,0.3,0,,IsabAn00
211,D'Ernest Johnson,23,CLE,RB,16,0,4,21,0,0,0.0,13,5.3,1.3,0.3,0,,JohnDE04
212,Diontae Johnson,23,PIT,WR,16,12,4,41,0,2,75.0,17,10.3,2.6,0.3,5,AP-2,JohnDi01
213,Tyler Lockett,27,SEA,WR,16,16,4,-5,0,0,0.0,3,-1.3,-0.3,0.3,1,,LockTy00
214,Eli Manning,38,NYG,QB,4,4,4,7,0,1,50.0,6,1.8,1.8,1.0,3,,MannEl00
215,Jordan Scarlett,23,CAR,RB,9,0,4,9,0,0,50.0,6,2.3,1.0,0.4,0,,ScarJo00
216,Anthony Sherman,31,KAN,RB,16,0,4,9,0,3,75.0,5,2.3,0.6,0.3,0,,SherAn00
217,Jonnu Smith,24,TEN,TE,16,14,4,78,0,2,100.0,57,19.5,4.9,0.3,0,,SmitJo01
218,Adam Thielen,29,MIN,WR,10,10,4,6,1,1,25.0,3,1.5,0.6,0.4,0,,ThieAd00
219,De'Lance Turner,24,MIA,RB,8,0,4,6,0,0,25.0,5,1.5,0.8,0.5,0,,TurnDe01
220,Keenan Allen,27,LAC,WR,16,16,3,16,0,1,33.3,18,5.3,1.0,0.2,0,PB,AlleKe00
221,Odell Beckham Jr.,27,CLE,WR,16,15,3,10,0,1,66.7,11,3.3,0.6,0.2,1,,BeckOd00
222,A.J. Brown,22,TEN,WR,16,11,3,60,1,2,66.7,49,20.0,3.8,0.2,1,AP ORoY-3,BrowAJ00
223,Randall Cobb,29,DAL,WR,15,6,3,11,0,0,66.7,7,3.7,0.7,0.2,2,,CobbRa00
224,Patrick DiMarco,30,BUF,FB,16,4,3,7,0,0,33.3,4,2.3,0.4,0.2,0,,DiMaPa00
225,Phillip Dorsett,26,NWE,WR,14,4,3,21,0,1,66.7,9,7.0,1.5,0.2,0,,DorsPh00
226,Evan Engram,25,NYG,TE,8,6,3,7,0,0,66.7,5,2.3,0.9,0.4,0,,EngrEv00
227,Noah Fant,22,DEN,TE,16,11,3,-12,0,0,0.0,-2,-4.0,-0.8,0.2,1,,FantNo00
228,Josh Ferguson,26,WAS,RB,2,0,3,9,0,1,66.7,7,3.0,4.5,1.5,0,,FergJo02
229,Taylor Gabriel,28,CHI,WR,9,7,3,20,0,1,66.7,14,6.7,2.2,0.3,0,,GabrTa00
230,Garrett Gilbert,28,CLE,QB,5,0,3,-3,0,0,0.0,-1,-1.0,-0.6,0.6,0,,GilbGa01
231,Ted Ginn Jr.,34,NOR,WR,16,9,3,18,0,2,66.7,12,6.0,1.1,0.2,0,,GinnTe00
232,Kyle Juszczyk,28,SFO,FB,12,12,3,7,0,1,33.3,6,2.3,0.6,0.3,0,PB,JuszKy00
233,John Kelly,23,LAR,RB,4,0,3,9,0,0,33.3,6,3.0,2.3,0.8,0,,KellJo00
234,T.J. Logan,25,TAM,FB,12,0,3,10,0,0,33.3,6,3.3,0.8,0.3,0,,LogaT.00
235,David Moore,24,SEA,WR,14,1,3,25,0,1,66.7,19,8.3,1.8,0.2,2,,MoorDa03
236,Nick Mullens,24,SFO,QB,1,0,3,-3,0,0,0.0,-1,-1.0,-3.0,3.0,0,,MullNi00
237,Senorise Perry,28,BUF,RB,11,0,3,3,0,0,0.0,6,1.0,0.3,0.3,0,,PerrSe00
238,Josh Rosen,22,MIA,QB,6,3,3,13,0,0,66.7,6,4.3,2.2,0.5,1,,RoseJo01
239,John Ross,24,CIN,WR,8,8,3,4,0,0,33.3,5,1.3,0.5,0.4,1,,RossJo00
240,Matt Schaub,38,ATL,QB,6,1,3,-3,0,0,0.0,-1,-1.0,-0.5,0.5,1,,SchaMa00
241,Vyncint Smith,23,NYJ,WR,13,4,3,52,1,3,100.0,20,17.3,4.0,0.2,1,,SmitVy00
242,Diontae Spencer,27,DEN,WR,16,2,3,6,0,0,66.7,9,2.0,0.4,0.2,3,,SpenDi00
243,Courtland Sutton,24,DEN,WR,16,14,3,17,0,1,100.0,9,5.7,1.1,0.2,2,PB,SuttCo00
244,Mohamed Sanu,30,2TM,WR,15,12,3,11,0,1,66.7,8,3.7,0.7,0.2,0,,SanuMo00
244,Mohamed Sanu,30,ATL,WR,7,6,2,3,0,1,50.0,2,1.5,0.4,0.3,0,,SanuMo00
244,Mohamed Sanu,30,NWE,WR,8,6,1,8,0,0,100.0,8,8.0,1.0,0.1,0,,SanuMo00
245,Zach Zenner,28,3TM,RB,5,0,3,-2,0,0,0.0,1,-0.7,-0.4,0.6,0,,ZennZa00
245,Zach Zenner,28,NOR,RB,1,0,1,1,0,0,0.0,1,1.0,1.0,1.0,0,,ZennZa00
245,Zach Zenner,28,ARI,RB,3,0,2,-3,0,0,0.0,,-1.5,-1.0,0.7,0,,ZennZa00
246,Nelson Agholor,26,PHI,WR,11,10,2,7,0,1,50.0,16,3.5,0.6,0.2,2,,AghoNe00
247,Matt Barkley,29,BUF,QB,2,0,2,-4,0,0,0.0,,-2.0,-2.0,1.0,3,,BarkMa00
248,Jordan Berry,28,PIT,P,16,0,2,-8,0,0,0.0,,-4.0,-0.5,0.1,3,,BerrJo00
249,Devontae Booker,27,DEN,RB,16,0,2,9,0,0,0.0,5,4.5,0.6,0.1,0,,BookDe00
250,Blake Bortles,27,LAR,QB,3,0,2,-9,0,0,0.0,1,-4.5,-3.0,0.7,0,,BortBl00
251,John Brown,29,BUF,WR,15,15,2,7,0,0,0.0,4,3.5,0.5,0.1,0,,BrowJo02
252,DJ Chark,23,JAX,WR,15,14,2,20,0,1,50.0,20,10.0,1.3,0.1,0,PB,CharDJ00
253,Keke Coutee,22,HOU,WR,9,4,2,14,1,2,100.0,10,7.0,1.6,0.2,1,,CoutKe00
254,James Develin,31,NWE,RB,2,2,2,3,0,1,100.0,2,1.5,1.5,1.0,0,,DeveJa00
255,Robert Foster,25,BUF,WR,13,2,2,29,0,1,100.0,22,14.5,2.2,0.2,0,,FostRo01
256,Mike Glennon,30,OAK,QB,2,0,2,0,0,0,0.0,,0.0,0.0,1.0,3,,GlenMi00
257,DeAndre Hopkins,27,HOU,WR,15,15,2,18,0,2,100.0,12,9.0,1.2,0.1,0,PBAP-1,HopkDe00
258,Richie James,24,SFO,WR,16,1,2,-1,0,0,0.0,,-0.5,-0.1,0.1,1,,JameRi00
259,Julio Jones,30,ATL,WR,15,15,2,-3,0,0,0.0,1,-1.5,-0.2,0.1,1,PBAP-2,JoneJu02
260,Marvin Jones,29,DET,WR,13,11,2,0,0,0,0.0,,0.0,0.0,0.2,0,,JoneMa02
261,Cooper Kupp,26,LAR,WR,16,14,2,4,0,0,50.0,6,2.0,0.3,0.1,3,AP CPoY-5,KuppCo00
262,Anthony Levine,32,BAL,DB,16,0,2,62,0,2,0.0,60,31.0,3.9,0.1,0,,LeviAn00
263,Josh McCown,40,PHI,QB,3,0,2,-2,0,0,0.0,-1,-1.0,-0.7,0.7,0,,McCoJo01
264,Colt McCoy,33,WAS,QB,1,1,2,14,0,1,100.0,9,7.0,14.0,2.0,2,,McCoCo00
265,D.K. Metcalf,22,SEA,WR,16,15,2,11,0,0,100.0,7,5.5,0.7,0.1,3,,MetcDK00
266,Scott Miller,22,TAM,WR,10,2,2,16,0,1,50.0,18,8.0,1.6,0.2,0,,MillSc01
267,Ryan Nall,24,CHI,RB,8,0,2,8,0,1,50.0,7,4.0,1.0,0.3,0,,NallRy00
268,Zach Pascal,25,IND,WR,16,13,2,16,0,1,50.0,12,8.0,1.0,0.1,0,,PascZa00
269,Breshad Perriman,26,TAM,WR,14,4,2,16,0,1,50.0,13,8.0,1.1,0.1,0,,PerrBr02
270,Calvin Ridley,25,ATL,WR,13,10,2,34,0,2,100.0,19,17.0,2.6,0.2,0,,RidlCa00
271,Willie Snead,27,BAL,WR,16,11,2,2,0,0,0.0,2,1.0,0.1,0.1,0,,SneaWi00
272,Jarrett Stidham,23,NWE,QB,3,0,2,-2,0,0,0.0,-1,-1.0,-0.7,0.7,0,,StidJa00
273,Marquez Valdes-Scantling,25,GNB,WR,16,10,2,9,0,0,50.0,9,4.5,0.6,0.1,0,,ValdMa00
274,Darren Waller,27,OAK,TE,16,16,2,5,0,0,50.0,7,2.5,0.3,0.1,1,AP CPoY-3,WallDa01
275,Sammy Watkins,26,KAN,WR,14,13,2,12,0,1,50.0,11,6.0,0.9,0.1,2,,WatkSa00
276,De'Anthony Thomas,26,2TM,RB,14,0,2,5,0,1,50.0,4,2.5,0.4,0.1,3,,ThomDe05
276,De'Anthony Thomas,26,KAN,RB,6,0,1,4,0,1,100.0,4,4.0,0.7,0.2,2,,ThomDe05
276,De'Anthony Thomas,26,BAL,RB,8,0,1,1,0,0,0.0,1,1.0,0.1,0.1,1,,ThomDe05
277,Jamal Agnew,24,DET,DB,13,0,1,9,0,1,100.0,9,9.0,0.7,0.1,1,,AgneJa00
278,Geronimo Allison,25,GNB,WR,16,6,1,7,0,0,100.0,7,7.0,0.4,0.1,2,,AlliGe01
279,Bryan Anger,31,HOU,P,14,0,1,-5,0,0,0.0,-5,-5.0,-0.4,0.1,0,,AngeBr00
280,Andrew Beck,23,DEN,TE,16,6,1,3,0,1,100.0,3,3.0,0.2,0.1,0,,BeckAn01
281,Antonio Brown,31,NWE,WR,1,0,1,5,0,1,100.0,5,5.0,5.0,1.0,0,,BrowAn04
282,Derek Carrier,29,OAK,TE,16,4,1,27,0,1,0.0,27,27.0,1.7,0.1,0,,CarrDe00
283,Robbie Chosen,26,NYJ,WR,16,15,1,4,0,0,100.0,4,4.0,0.3,0.1,1,,AndeRo04
284,Keelan Cole,26,JAX,WR,16,1,1,6,0,0,100.0,6,6.0,0.4,0.1,0,,ColeKe00
285,Amari Cooper,25,DAL,WR,16,16,1,6,0,0,100.0,6,6.0,0.4,0.1,0,PB,CoopAm00
286,Pharoh Cooper,24,2TM,WR,13,1,1,2,0,0,0.0,2,2.0,0.2,0.1,0,,CoopPh00
286,Pharoh Cooper,24,ARI,WR,12,1,1,2,0,0,0.0,2,2.0,0.2,0.1,0,,CoopPh00
287,Jamison Crowder,26,NYJ,WR,16,12,1,4,0,0,100.0,4,4.0,0.3,0.1,0,,CrowJa00
288,Will Dissly,23,SEA,TE,6,6,1,7,0,0,100.0,7,7.0,1.2,0.2,1,,DissWi00
289,Tyler Ervin,26,2TM,RB,10,0,1,10,0,1,100.0,10,10.0,1.0,0.1,2,,ErviTy00
289,Tyler Ervin,26,GNB,RB,4,0,1,10,0,1,100.0,10,10.0,2.5,0.3,1,,ErviTy00
290,Gerald Everett,25,LAR,TE,13,2,1,0,0,0,0.0,,0.0,0.0,0.1,0,,EverGe00
291,Isaiah Ford,23,MIA,WR,8,0,1,11,0,1,100.0,11,11.0,1.4,0.1,0,,FordIs00
292,Bennie Fowler,28,NYG,WR,8,2,1,20,0,1,100.0,20,20.0,2.5,0.1,0,,FowlBe00
293,John Franklin,25,TAM,DB,1,0,1,11,0,1,100.0,11,11.0,11.0,1.0,0,,FranJo04
294,Chris Godwin,23,TAM,WR,14,14,1,8,0,0,100.0,8,8.0,0.6,0.1,0,PBAP-2,GodwCh00
295,Marquise Goodwin,29,SFO,WR,9,6,1,15,0,1,100.0,15,15.0,1.7,0.1,0,,GoodMa00
296,Josh Gordon,28,2TM,WR,11,7,1,1,0,0,0.0,1,1.0,0.1,0.1,0,,GordJo02
296,Josh Gordon,28,NWE,WR,6,6,1,1,0,0,0.0,1,1.0,0.2,0.2,0,,GordJo02
297,Matt Haack,25,MIA,P,16,0,1,2,0,1,0.0,2,2.0,0.1,0.1,0,,HaacMa00
298,Marvin Hall,26,DET,WR,9,0,1,7,0,0,100.0,7,7.0,0.8,0.1,0,,HallMa02
299,Erik Harris,29,OAK,FS/SS,16,14,1,4,0,1,0.0,4,4.0,0.3,0.1,0,,HarrEr00
300,Johnny Holton,29,PIT,WR,16,3,1,9,0,1,100.0,9,9.0,0.6,0.1,0,,HoltJo00
301,Adam Humphries,26,TEN,WR,12,3,1,1,0,0,0.0,1,1.0,0.1,0.1,1,,HumpAd00
302,Andy Janovich,26,DEN,RB,7,3,1,1,1,1,100.0,1,1.0,0.1,0.1,0,,JanoAn00
303,Alshon Jeffery,29,PHI,WR,10,10,1,2,1,1,100.0,2,2.0,0.2,0.1,0,,JeffAl00
304,KeeSean Johnson,23,ARI,WR,10,4,1,3,0,0,0.0,3,3.0,0.3,0.1,1,,JohnKe07
305,Olabisi Johnson,22,MIN,WR,16,6,1,6,0,0,100.0,6,6.0,0.4,0.1,0,,JohnOl00
306,Colin Jones,32,CAR,DB,16,0,1,5,0,1,0.0,5,5.0,0.3,0.1,0,,JoneCo01
307,Zay Jones,24,2TM,WR,15,9,1,3,0,0,0.0,3,3.0,0.2,0.1,0,,JoneZa00
307,Zay Jones,24,OAK,WR,10,7,1,3,0,0,0.0,3,3.0,0.3,0.1,0,,JoneZa00
308,Travis Kelce,30,KAN,TE,16,16,1,4,1,1,100.0,4,4.0,0.3,0.1,1,PBAP-2,KelcTr00
309,Brett Kern,33,TEN,P,16,0,1,0,0,0,0.0,,0.0,0.0,0.1,0,PBAP-1,KernBr20
310,Dawson Knox,23,BUF,TE,15,11,1,9,0,1,100.0,9,9.0,0.6,0.1,0,,KnoxDa00
311,Jarvis Landry,27,CLE,WR,16,16,1,10,0,1,100.0,10,10.0,0.6,0.1,0,PB,LandJa00
312,Allen Lazard,24,GNB,WR,16,3,1,21,0,1,100.0,21,21.0,1.3,0.1,0,,LazaAl00
313,Marqise Lee,28,JAX,WR,6,1,1,1,0,0,0.0,1,1.0,0.2,0.2,0,,LeexMa00
314,Vance McDonald,29,PIT,TE,14,14,1,2,0,0,0.0,2,2.0,0.1,0.1,1,,McDoVa00
315,Trace McSorley,24,BAL,QB,1,0,1,1,0,1,100.0,1,1.0,1.0,1.0,0,,McSoTr00
316,Anthony Miller,25,CHI,WR,16,7,1,-1,0,0,0.0,-1,-1.0,-0.1,0.1,1,,MillAn02
317,Chris Moore,26,BAL,WR,14,1,1,0,0,0,0.0,,0.0,0.0,0.1,0,,MoorCh00
318,Alfred Morris,31,ARI,RB,1,0,1,4,0,1,100.0,4,4.0,4.0,1.0,0,,MorrAl00
319,Quenton Nelson,23,IND,LG,16,16,1,0,0,0,0.0,,0.0,0.0,0.1,0,PBAP-1,NelsQu00
320,Kalif Raymond,25,TEN,WR,8,1,1,-5,0,0,0.0,-5,-5.0,-0.6,0.1,1,,RaymKa00
321,Paul Richardson,27,WAS,WR,10,6,1,0,0,0,0.0,,0.0,0.0,0.1,0,,RichPa01
322,Andre Roberts,31,BUF,WR,13,0,1,7,0,0,100.0,7,7.0,0.5,0.1,1,PB,RobeAn00
323,Allen Robinson,26,CHI,WR,16,15,1,2,0,0,0.0,2,2.0,0.1,0.1,0,,RobiAl02
324,Ben Roethlisberger,37,PIT,QB,2,2,1,7,0,0,100.0,7,7.0,3.5,0.5,1,,RoetBe00
325,Chester Rogers,25,IND,WR,12,6,1,18,0,1,100.0,18,18.0,1.5,0.1,2,,RogeCh02
326,Da'Mari Scott,24,NYG,WR,5,2,1,5,0,0,0.0,5,5.0,1.0,0.2,0,,ScotDa02
327,Nick Scott,24,LAR,DB,16,0,1,6,0,0,0.0,6,6.0,0.4,0.1,0,,ScotNi01
328,Golden Tate,31,NYG,WR,11,10,1,16,0,1,100.0,16,16.0,1.5,0.1,1,,TateGo00
329,Michael Thomas,26,NOR,WR,16,15,1,-9,0,0,0.0,-9,-9.0,-0.6,0.1,1,PBAP-1AP OPoY-1,ThomMi05
330,Danny Vitale,26,GNB,RB,15,4,1,3,0,0,0.0,3,3.0,0.2,0.1,0,,VitaDa00
331,Greg Ward,24,PHI,WR,7,3,1,5,0,0,0.0,5,5.0,0.7,0.1,0,,WardGr02
332,Trevon Wesco,24,NYJ,FB,16,1,1,2,0,1,100.0,2,2.0,0.1,0.1,0,,WescTr00
333,Mike Williams,25,LAC,WR,15,15,1,2,0,0,0.0,2,2.0,0.1,0.1,0,,WillMi07
334,Jarius Wright,30,CAR,WR,16,9,1,-7,0,0,0.0,-7,-7.0,-0.4,0.1,0,,WrigJa02
335,Clive Walford,28,MIA,TE,7,3,0,4,0,0,,4,,0.6,0.0,0,,WalfCl00
