Rk,Player,Age,Team,Pos,G,GS,Att,Yds,TD,1D,Succ%,Lng,Y/A,Y/G,A/G,Fmb,Awards,-9999
1,Derrick Henry,30,BAL,RB,10,10,184,1120,12,49,54.9,87,6.1,112.0,18.4,2,,HenrDe00
2,Kyren Williams,24,LAR,RB,8,8,161,602,8,43,49.1,30,3.7,75.3,20.1,2,,WillKy02
3,Josh Jacobs,26,GNB,RB,9,9,158,762,3,34,52.5,38,4.8,84.7,17.6,2,,JacoJo01
4,Saquon Barkley,27,PHI,RB,8,8,157,925,6,35,53.5,65,5.9,115.6,19.6,1,,BarkSa00
5,Alvin Kamara,29,NOR,RB,9,9,150,660,6,39,53.3,24,4.4,73.3,16.7,1,,KamaAl00
6,James Conner,29,ARI,RB,9,9,147,664,4,44,53.1,22,4.5,73.8,16.3,3,,ConnJa00
7,Tony Pollard,27,TEN,RB,8,8,142,622,3,29,46.5,41,4.4,77.8,17.8,0,,PollTo00
8,Najee Harris,26,PIT,RB,8,8,136,592,2,26,46.3,36,4.4,74.0,17.0,0,,HarrNa00
9,Bijan Robinson,22,ATL,RB,9,9,135,632,4,31,56.3,28,4.7,70.2,15.0,0,,RobiBi01
10,Jordan Mason,25,SFO,RB,8,6,134,685,3,30,46.3,38,5.1,85.6,16.8,2,,MasoJo00
11,Chuba Hubbard,25,CAR,RB,9,9,133,665,5,33,57.9,38,5.0,73.9,14.8,2,,HubbCh01
12,J.K. Dobbins,26,LAC,RB,8,7,126,620,6,31,41.3,61,4.9,77.5,15.8,0,,DobbJK00
13,Breece Hall,23,NYJ,RB,9,9,126,502,3,22,42.9,42,4.0,55.8,14.0,4,,HallBr03
14,Joe Mixon,28,HOU,RB,6,6,126,609,6,29,44.4,59,4.8,101.5,21.0,0,,MixoJo00
15,Aaron Jones,30,MIN,RB,8,8,125,565,2,25,52.8,39,4.5,70.6,15.6,1,,JoneAa00
16,D'Andre Swift,25,CHI,RB,8,8,125,505,4,22,44.0,56,4.0,63.1,15.6,2,,SwifDA00
17,Chase Brown,24,CIN,RB,10,4,118,521,5,21,51.7,30,4.4,52.1,11.8,2,,BrowCh10
18,Rhamondre Stevenson,26,NWE,RB,8,7,114,438,6,23,48.2,33,3.8,54.8,14.3,4,,StevRh00
19,Kareem Hunt,29,KAN,RB,5,4,111,414,5,22,60.4,15,3.7,82.8,22.2,0,,HuntKa00
20,David Montgomery,27,DET,RB,8,8,110,488,7,31,55.5,21,4.4,61.0,13.8,1,,MontDa01
21,James Cook,25,BUF,RB,8,8,109,496,7,27,56.0,49,4.6,62.0,13.6,0,,CookJa01
22,Jonathan Taylor,25,IND,RB,6,6,105,502,5,28,43.8,29,4.8,83.7,17.5,1,,TaylJo02
23,Jahmyr Gibbs,22,DET,RB,8,1,103,656,7,28,63.1,70,6.4,82.0,12.9,0,,GibbJa01
24,Javonte Williams,24,DEN,RB,9,8,102,387,2,21,49.0,20,3.8,43.0,11.3,2,,WillJa10
25,Brian Robinson Jr.,25,WAS,RB,7,6,101,461,6,27,52.5,40,4.6,65.9,14.4,0,,RobiBr01
26,Kenneth Walker III,24,SEA,RB,7,7,99,398,6,18,43.4,28,4.0,56.9,14.1,0,,WalkKe00
27,De'Von Achane,23,MIA,RB,8,7,93,420,2,18,53.8,47,4.5,52.5,11.6,0,,AchaDe00
28,Tank Bigsby,23,JAX,RB,9,1,93,515,4,21,49.5,65,5.5,57.2,10.3,2,,BigsTa00
29,Alexander Mattison,26,LVR,RB,9,5,92,301,3,19,37.0,24,3.3,33.4,10.2,0,,MattAl01
30,Lamar Jackson,27,BAL,QB,10,10,91,538,2,28,54.9,33,5.9,53.8,9.1,6,,JackLa00
31,Tyrone Tracy,25,NYG,RB,9,5,89,442,2,20,46.1,45,5.0,49.1,9.9,1,,TracTy00
32,Jalen Hurts,26,PHI,QB,8,8,86,322,8,36,57.0,23,3.7,40.3,10.8,5,,HurtJa00
33,Bucky Irving,22,TAM,RB,9,1,83,419,3,22,51.8,32,5.0,46.6,9.2,1,,IrviBu00
34,Jayden Daniels,24,WAS,QB,9,9,82,459,4,29,56.1,46,5.6,51.0,9.1,3,,DaniJa02
35,Tyler Allgeier,24,ATL,RB,9,0,74,370,2,24,56.8,24,5.0,41.1,8.2,0,,AllgTy00
36,Zack Moss,27,CIN,RB,8,6,74,242,2,13,36.5,16,3.3,30.3,9.3,2,,MossZa00
37,Rico Dowdle,26,DAL,RB,7,6,71,321,0,19,56.3,15,4.5,45.9,10.1,1,,DowdRi01
38,Devin Singletary,27,NYG,RB,7,4,70,283,2,15,44.3,43,4.0,40.4,10.0,2,,SingDe00
39,Rachaad White,25,TAM,RB,8,8,70,275,1,13,44.3,56,3.9,34.4,8.8,1,,WhitRa01
40,Zach Charbonnet,23,SEA,RB,9,2,61,213,4,13,41.0,13,3.5,23.7,6.8,0,,CharZa00
41,Ray Davis,25,BUF,RB,9,0,61,262,2,14,47.5,22,4.3,29.1,6.8,0,,DaviRa04
42,Daniel Jones,27,NYG,QB,9,9,60,239,1,22,60.0,24,4.0,26.6,6.7,4,,JoneDa05
43,Zamir White,25,LVR,RB,7,4,60,174,1,4,26.7,17,2.9,24.9,8.6,2,,WhitZa01
44,Travis Etienne,25,JAX,RB,7,7,59,254,2,15,54.2,22,4.3,36.3,8.4,1,,EtieTr00
45,Bo Nix,24,DEN,QB,9,9,58,295,4,27,56.9,32,5.1,32.8,6.4,0,,NixxBo00
46,Antonio Gibson,26,NWE,RB,9,2,57,236,0,10,35.1,45,4.1,26.2,6.3,1,,GibsAn00
47,Justin Fields,25,PIT,QB,6,6,55,231,5,17,52.7,18,4.2,38.5,9.2,6,,FielJu00
48,Raheem Mostert,32,MIA,RB,5,1,55,214,2,11,47.3,18,3.9,42.8,11.0,2,,MostRa00
49,Emanuel Wilson,25,GNB,RB,9,0,55,254,1,12,54.5,19,4.6,28.2,6.1,0,,WilsEm00
50,Braelon Allen,20,NYJ,RB,9,0,53,196,2,14,52.8,20,3.7,21.8,5.9,0,,AlleBr05
51,Jaleel McLaughlin,24,DEN,RB,9,1,53,208,1,10,47.2,21,3.9,23.1,5.9,1,,McLaJa00
52,Jerome Ford,25,CLE,RB,7,4,52,269,1,17,53.8,36,5.2,38.4,7.4,0,,FordJe00
53,Austin Ekeler,29,WAS,RB,8,4,50,282,2,10,54.0,50,5.6,35.3,6.3,1,,EkelAu00
54,Ezekiel Elliott,29,DAL,RB,7,2,48,149,2,8,35.4,11,3.1,21.3,6.9,0,,ElliEz00
55,Josh Allen,28,BUF,QB,9,9,47,211,3,22,57.4,19,4.5,23.4,5.2,5,,AlleJo02
56,Trey Sermon,25,IND,RB,9,3,47,131,2,13,44.7,17,2.8,14.6,5.2,0,,SermTr00
57,D'Onta Foreman,28,CLE,RB,8,2,46,155,0,6,39.1,25,3.4,19.4,5.8,1,,ForeDO00
58,Cam Akers,25,2TM,RB,8,2,46,193,1,8,37.0,15,4.2,24.1,5.8,1,,AkerCa00
58,Cam Akers,25,HOU,RB,5,2,40,147,1,5,30.0,15,3.7,29.4,8.0,1,,AkerCa00
58,Cam Akers,25,MIN,RB,3,0,6,46,0,3,83.3,13,7.7,15.3,2.0,0,,AkerCa00
59,Ty Chandler,26,MIN,RB,8,0,44,151,0,6,36.4,25,3.4,18.9,5.5,0,,ChanTy01
60,Carson Steele,22,KAN,RB,8,2,44,149,0,13,61.4,9,3.4,18.6,5.5,3,,SteeCa00
61,Kyler Murray,27,ARI,QB,9,9,43,350,2,14,46.5,50,8.1,38.9,4.8,5,,MurrKy00
62,Nick Chubb,29,CLE,RB,3,3,42,113,1,5,33.3,15,2.7,37.7,14.0,0,,ChubNi00
63,Brock Purdy,25,SFO,QB,8,8,42,210,3,22,69.0,16,5.0,26.3,5.3,5,,PurdBr00
64,Jaylen Wright,21,MIA,RB,7,1,42,208,0,8,45.2,20,5.0,29.7,6.0,0,,WrigJa04
65,Anthony Richardson,22,IND,QB,6,6,41,242,1,17,56.1,26,5.9,40.3,6.8,6,,RichAn03
66,Jaylen Warren,26,PIT,RB,6,0,41,151,0,8,34.1,18,3.7,25.2,6.8,0,,WarrJa01
67,Trey Benson,21,ARI,RB,8,1,39,154,1,9,46.2,20,3.9,19.3,4.9,1,,BensTr01
68,Gus Edwards,29,LAC,RB,4,1,38,113,0,3,42.1,10,3.0,28.3,9.5,0,,EdwaGu00
69,Caleb Williams,23,CHI,QB,8,8,38,221,0,12,42.1,24,5.8,27.6,4.8,4,,WillCa03
70,Isaac Guerendo,24,SFO,RB,8,0,37,227,1,8,54.1,76,6.1,28.4,4.6,2,,GuerIs00
71,Patrick Mahomes,29,KAN,QB,8,8,36,148,1,13,47.2,33,4.1,18.5,4.5,0,,MahoPa00
72,Miles Sanders,27,CAR,RB,9,1,36,134,1,9,44.4,26,3.7,14.9,4.0,0,,SandMi01
73,Geno Smith,34,SEA,QB,9,9,36,193,1,12,33.3,34,5.4,21.4,4.0,4,,SmitGe00
74,Roschon Johnson,23,CHI,RB,7,0,35,108,4,11,57.1,9,3.1,15.4,5.0,0,,JohnRo07
75,Justice Hill,27,BAL,RB,10,0,34,117,0,11,41.2,17,3.4,11.7,3.4,0,,HillJu00
76,Jeremy McNichols,29,WAS,RB,9,1,34,183,3,8,55.9,28,5.4,20.3,3.8,0,,McNiJe00
77,Isiah Pacheco,25,KAN,RB,2,2,34,135,1,6,55.9,11,4.0,67.5,17.0,0,,PachIs00
78,Baker Mayfield,29,TAM,QB,9,9,33,189,2,13,48.5,18,5.7,21.0,3.7,4,,MayfBa00
79,Tyjae Spears,23,TEN,RB,5,0,33,114,1,8,45.5,11,3.5,22.8,6.6,0,,SpeaTy00
80,Jamaal Williams,29,NOR,RB,8,0,32,124,1,8,50.0,14,3.9,15.5,4.0,0,,WillJa06
81,Sam Darnold,27,MIN,QB,8,8,31,120,0,12,45.2,19,3.9,15.0,3.9,6,,DarnSa00
82,Kenneth Gainwell,25,PHI,RB,8,0,31,124,0,6,29.0,19,4.0,15.5,3.9,0,,GainKe00
83,C.J. Stroud,23,HOU,QB,9,9,31,143,0,10,45.2,25,4.6,15.9,3.4,4,,StroCJ00
84,Deshaun Watson,29,CLE,QB,7,7,31,148,1,8,41.9,16,4.8,21.1,4.4,5,,WatsDe00
85,Joe Burrow,28,CIN,QB,10,10,29,123,1,11,44.8,47,4.2,12.3,2.9,5,,BurrJo01
86,D'Ernest Johnson,28,JAX,RB,9,1,28,114,0,6,50.0,13,4.1,12.7,3.1,0,,JohnDE04
87,Tyler Goodson,24,IND,RB,8,0,27,128,1,4,37.0,33,4.7,16.0,3.4,0,,GoodTy00
88,Justin Herbert,26,LAC,QB,8,8,27,85,0,3,25.9,38,3.1,10.6,3.4,4,,HerbJu00
89,Sean Tucker,23,TAM,RB,9,0,26,186,1,9,57.7,36,7.2,20.7,2.9,0,,TuckSe00
90,Trevor Lawrence,25,JAX,QB,9,9,25,113,3,13,56.0,33,4.5,12.6,2.8,3,,LawrTr00
91,Dare Ogunbowale,30,HOU,RB,9,1,24,57,0,3,33.3,7,2.4,6.3,2.7,0,,OgunDa00
92,Taysom Hill,34,NOR,TE,5,5,23,116,3,12,73.9,12,5.0,23.2,4.6,0,,HillTa00
93,Deebo Samuel,28,SFO,WR,7,7,23,66,1,1,43.5,8,2.9,9.4,3.3,0,,SamuDe00
94,Blake Corum,24,LAR,RB,8,0,21,72,0,6,42.9,12,3.4,9.0,2.6,0,,CoruBl00
95,Drake Maye,22,NWE,QB,5,4,21,209,1,13,66.7,26,10.0,41.8,4.2,3,,MayeDr00
96,Kirk Cousins,36,ATL,QB,9,9,18,-3,0,1,11.1,13,-0.2,-0.3,2.0,8,,CousKi00
97,Kimani Vidal,23,LAC,RB,4,0,18,44,0,2,33.3,7,2.4,11.0,4.5,0,,VidaKi00
98,Emari Demercado,25,ARI,RB,9,0,17,175,1,6,52.9,53,10.3,19.4,1.9,0,,DemeEm00
99,Jared Goff,30,DET,QB,8,8,17,16,0,3,17.6,8,0.9,2.0,2.1,4,,GoffJa00
100,Ty Johnson,27,BUF,RB,9,1,17,99,1,7,52.9,19,5.8,11.0,1.9,0,,JohnTy02
101,Pierre Strong,26,CLE,RB,7,0,17,64,0,4,52.9,14,3.8,9.1,2.4,0,,StroPi00
102,Ameer Abdullah,31,LVR,RB,9,0,16,81,1,3,50.0,40,5.1,9.0,1.8,2,,AbduAm00
103,Julius Chestnut,24,TEN,RB,8,0,16,71,0,1,37.5,12,4.4,8.9,2.0,0,,ChesJu00
104,Tyler Huntley,26,MIA,QB,3,3,16,67,1,6,43.8,20,4.2,22.3,5.3,1,,HuntTy01
105,Will Levis,25,TEN,QB,5,5,16,106,0,9,62.5,21,6.6,21.2,3.2,3,,LeviWi00
106,Cordarrelle Patterson,33,PIT,RB,4,1,16,92,0,5,56.3,14,5.8,23.0,4.0,0,,PattCo00
107,Malik Willis,25,GNB,QB,4,2,16,137,1,6,56.3,29,8.6,34.3,4.0,0,,WillMa12
108,Jacoby Brissett,32,NWE,QB,6,5,15,62,0,5,53.3,16,4.1,10.3,2.5,4,,BrisJa00
109,Audric Estime,21,DEN,RB,5,0,15,95,0,5,60.0,21,6.3,19.0,3.0,2,,EstiAu00
110,Gardner Minshew II,28,LVR,QB,8,7,15,46,0,4,33.3,11,3.1,5.8,1.9,5,,MinsGa00
111,Samaje Perine,29,KAN,RB,8,0,14,55,1,5,64.3,10,3.9,6.9,1.8,0,,PeriSa00
112,Dameon Pierce,24,HOU,RB,4,0,14,98,1,2,50.0,54,7.0,24.5,3.5,0,,PierDa01
113,Chris Brooks,24,GNB,RB,7,0,13,53,0,3,46.2,11,4.1,7.6,1.9,0,,BrooCh00
114,Jordan Love,26,GNB,QB,7,7,13,28,0,4,30.8,12,2.2,4.0,1.9,4,,LoveJo03
115,Marcus Mariota,31,WAS,QB,2,0,13,36,0,3,38.5,11,2.8,18.0,6.5,0,,MariMa01
116,Dak Prescott,31,DAL,QB,8,8,13,54,1,5,61.5,22,4.2,6.8,1.6,4,,PresDa01
117,Mason Rudolph,29,TEN,QB,4,3,13,61,1,6,53.8,14,4.7,15.3,3.3,4,,RudoMa00
118,Bryce Young,23,CAR,QB,6,4,13,41,1,2,38.5,9,3.2,6.8,2.2,0,,YounBr01
119,Eric Gray,25,NYG,RB,9,0,12,26,0,1,25.0,6,2.2,2.9,1.3,2,,GrayEr01
120,Aaron Rodgers,41,NYJ,QB,9,9,12,43,0,3,33.3,14,3.6,4.8,1.3,2,,RodgAa00
121,Jameis Winston,30,CLE,QB,7,2,12,31,0,9,83.3,13,2.6,4.4,1.7,2,,WinsJa00
122,Tyler Badie,24,DEN,RB,3,0,11,86,0,4,54.5,43,7.8,28.7,3.7,1,,BadiTy00
123,Andy Dalton,37,CAR,QB,6,5,11,34,0,2,36.4,18,3.1,5.7,1.8,2,,DaltAn00
124,Jamycal Hasty,28,NWE,RB,9,0,11,32,0,0,27.3,9,2.9,3.6,1.2,0,,HastJa02
125,Jayden Reed,24,GNB,WR,9,4,11,110,1,5,63.6,33,10.0,12.2,1.2,1,,ReedJa03
126,Chris Rodriguez,24,WAS,RB,3,0,11,52,0,3,72.7,17,4.7,17.3,3.7,0,,RodrCh00
127,CeeDee Lamb,25,DAL,WR,8,8,10,52,0,3,40.0,18,5.2,6.5,1.3,1,,LambCe00
128,Jordan Mims,25,NOR,RB,7,0,10,29,0,0,30.0,6,2.9,4.1,1.4,0,,MimsJo00
129,Ronnie Rivers,25,LAR,RB,8,0,10,51,0,5,70.0,12,5.1,6.4,1.3,0,,RiveRo01
130,Will Shipley,22,PHI,RB,8,1,10,12,0,0,0.0,5,1.2,1.5,1.3,0,,ShipWi00
131,J.J. Taylor,26,HOU,RB,4,0,10,44,0,1,50.0,9,4.4,11.0,2.5,0,,TaylJJ01
132,Alec Ingold,28,MIA,FB,8,5,9,13,1,5,55.6,6,1.4,1.6,1.1,2,,IngoAl01
133,Kendre Miller,22,NOR,RB,2,0,9,52,0,2,55.6,16,5.8,26.0,4.5,0,,MillKe01
134,Spencer Rattler,24,NOR,QB,3,3,9,61,0,3,66.7,28,6.8,20.3,3.0,3,,RattSp00
135,Craig Reynolds,28,DET,RB,8,0,9,24,0,1,44.4,6,2.7,3.0,1.1,1,,ReynCr00
136,Xavier Worthy,21,KAN,WR,8,6,9,37,2,2,66.7,21,4.1,4.6,1.1,0,,WortXa00
137,Derek Carr,33,NOR,QB,6,6,8,22,1,2,62.5,8,2.8,3.7,1.3,0,,CarrDe02
138,Dalvin Cook,29,DAL,RB,2,0,8,20,0,0,37.5,4,2.5,10.0,4.0,0,,CookDa01
139,Joe Flacco,39,IND,QB,5,3,8,25,0,2,25.0,21,3.1,5.0,1.6,2,,FlacJo00
140,Hassan Haskins,25,LAC,RB,8,0,8,18,0,4,50.0,5,2.3,2.3,1.0,0,,HaskHa00
141,Khalil Herbert,26,2TM,RB,7,0,8,16,1,3,62.5,6,2.0,2.3,1.1,0,,HerbKh00
141,Khalil Herbert,26,CHI,RB,6,0,8,16,1,3,62.5,6,2.0,2.7,1.3,0,,HerbKh00
142,Tua Tagovailoa,26,MIA,QB,4,4,8,44,0,5,62.5,13,5.5,11.0,2.0,3,,TagoTu00
143,Jeff Wilson,29,MIA,RB,4,0,8,40,0,1,50.0,14,5.0,10.0,2.0,0,,WilsJe01
144,Jake Haener,25,NOR,QB,5,0,7,18,0,0,28.6,9,2.6,3.6,1.4,0,,HaenJa00
145,Matthew Stafford,36,LAR,QB,8,8,7,-7,0,0,0.0,,-1.0,-0.9,0.9,3,,StafMa00
146,Patrick Taylor,26,SFO,RB,8,0,7,25,0,1,42.9,6,3.6,3.1,0.9,0,,TaylPa01
147,Deuce Vaughn,23,DAL,RB,5,0,7,20,0,0,28.6,4,2.9,4.0,1.4,0,,VaugDe00
148,Tyson Bagent,24,CHI,QB,2,0,6,-7,0,0,0.0,,-1.2,-3.5,3.0,0,,BageTy00
149,Tank Dell,25,HOU,WR,8,5,6,30,0,2,33.3,18,5.0,3.8,0.8,0,,DellNa00
150,Zay Flowers,24,BAL,WR,10,8,6,47,0,1,66.7,19,7.8,4.7,0.6,0,,FlowZa00
151,MarShawn Lloyd,23,GNB,RB,1,0,6,15,0,0,16.7,5,2.5,15.0,6.0,0,,LloyMa00
152,Hunter Luepke,24,DAL,RB,8,2,6,19,0,4,66.7,6,3.2,2.4,0.8,0,,LuepHu00
153,Rashid Shaheed,26,NOR,WR,6,5,6,29,0,2,50.0,13,4.8,4.8,1.0,1,,ShahRa00
154,Aaron Shampklin,25,PIT,RB,3,0,6,17,0,1,16.7,5,2.8,5.7,2.0,0,,ShamAa00
155,Sterling Shepard,31,TAM,WR,7,1,6,52,0,3,66.7,24,8.7,7.4,0.9,0,,ShepSt00
156,Mitchell Trubisky,30,BUF,QB,5,0,6,-6,0,0,0.0,,-1.0,-1.2,1.2,0,,TrubMi00
157,Russell Wilson,36,PIT,QB,2,2,6,10,1,2,33.3,5,1.7,5.0,3.0,1,,WilsRu00
158,Derius Davis,24,LAC,WR,6,1,5,31,0,2,80.0,10,6.2,5.2,0.8,0,,DaviDe02
159,Tyreek Hill,30,MIA,WR,8,8,5,36,0,2,40.0,16,7.2,4.5,0.6,0,,HillTy00
160,Terrell Jennings,23,NWE,RB,1,0,5,13,0,0,20.0,5,2.6,13.0,5.0,0,,JennTe00
161,Xavier Legette,23,CAR,WR,9,6,5,22,0,2,60.0,8,4.4,2.4,0.6,0,,LegeXa00
162,Jase McClellan,22,ATL,RB,1,0,5,17,0,1,40.0,6,3.4,17.0,5.0,0,,McClJa05
163,Ray-Ray McCloud,28,ATL,WR,9,8,5,50,0,2,60.0,20,10.0,5.6,0.6,3,,McClRa00
164,Bo Melton,25,GNB,WR,9,0,5,34,0,3,60.0,16,6.8,3.8,0.6,0,,MeltBo00
165,Tre Tucker,23,LVR,WR,9,8,5,29,1,2,80.0,11,5.8,3.2,0.6,0,,TuckTr00
166,DJ Turner,27,LVR,WR,9,4,5,33,1,1,60.0,18,6.6,3.7,0.6,0,,TurnDJ00
167,KaVontae Turpin,28,DAL,WR,8,1,5,14,0,1,40.0,11,2.8,1.8,0.6,2,,TurpKa00
168,Jonathan Ward,27,PIT,RB,4,0,5,22,0,1,60.0,7,4.4,5.5,1.3,0,,WardJo00
169,Mike Boone,29,CAR,RB,2,0,4,7,0,0,25.0,5,1.8,3.5,2.0,0,,BoonMi00
170,Isaiah Davis,22,NYJ,RB,9,0,4,18,0,2,75.0,12,4.5,2.0,0.4,0,,DaviIs00
171,Ashton Dulin,27,IND,WR,9,2,4,38,0,2,100.0,12,9.5,4.2,0.4,0,,DuliAs00
172,Kenny McIntosh,24,SEA,RB,9,0,4,16,0,1,50.0,6,4.0,1.8,0.4,0,,McInKe00
173,D.J. Moore,27,CHI,WR,8,8,4,15,0,1,50.0,14,3.8,1.9,0.5,0,,MoorD.00
174,Calvin Ridley,30,TEN,WR,8,7,4,32,1,2,75.0,10,8.0,4.0,0.5,1,,RidlCa00
175,Clayton Tune,25,ARI,QB,3,0,4,-4,0,1,25.0,2,-1.0,-1.3,1.3,1,,TuneCl00
176,Jameson Williams,23,DET,WR,6,4,4,32,0,3,75.0,15,8.0,5.3,0.7,0,,WillJa11
177,Stefon Diggs,31,HOU,WR,8,8,3,8,1,1,66.7,6,2.7,1.0,0.4,0,,DiggSt00
178,Devin Duvernay,27,JAX,WR,5,0,3,10,0,1,66.7,4,3.3,2.0,0.6,0,,DuveDe00
179,Myles Gaskin,27,MIN,RB,5,0,3,-1,0,0,0.0,2,-0.3,-0.2,0.6,0,,GaskMy00
180,Travis Homer,26,CHI,RB,4,0,3,16,0,1,100.0,6,5.3,4.0,0.8,0,,HomeTr00
181,Josh Johnson,38,BAL,QB,3,0,3,2,0,0,0.0,2,0.7,0.7,1.0,0,,JohnJo05
182,Quentin Johnston,23,LAC,WR,6,5,3,6,0,0,33.3,4,2.0,1.0,0.5,0,,JohnQu02
183,Kyle Juszczyk,33,SFO,FB,8,7,3,21,1,1,33.3,14,7.0,2.6,0.4,0,,JuszKy00
184,Malik Nabers,21,NYG,WR,7,6,3,0,0,1,33.3,,0.0,0.0,0.4,0,,NabeMa00
185,Puka Nacua,23,LAR,WR,3,3,3,12,0,0,66.7,7,4.0,4.0,1.0,0,,NacuPu00
186,Rome Odunze,22,CHI,WR,8,6,3,15,0,1,66.7,8,5.0,1.9,0.4,1,,OdunRo00
187,Cooper Rush,31,DAL,QB,4,0,3,5,0,2,66.7,4,1.7,1.3,0.8,1,,RushCo00
188,Curtis Samuel,28,BUF,WR,8,0,3,6,0,0,33.3,7,2.0,0.8,0.4,0,,SamuCu00
189,Brian Thomas,22,JAX,WR,9,8,3,15,0,1,33.3,13,5.0,1.7,0.3,0,,ThomBr06
190,Dorian Thompson-Robinson,25,CLE,QB,1,0,3,44,0,2,66.7,34,14.7,44.0,3.0,1,,ThomDo02
191,Jordan Addison,22,MIN,WR,6,6,2,16,1,1,100.0,9,8.0,2.7,0.3,0,,AddiJo00
192,Tim Boyle,30,MIA,QB,2,0,2,10,0,1,100.0,6,5.0,5.0,1.0,0,,BoylTi00
193,Treylon Burks,24,TEN,WR,5,2,2,1,0,0,50.0,6,0.5,0.2,0.4,0,,BurkTr00
194,Michael Burton,32,DEN,FB,9,1,2,-1,0,0,0.0,,-0.5,-0.1,0.2,0,,BurtMi00
195,Brandin Cooks,31,DAL,WR,4,4,2,2,0,0,50.0,5,1.0,0.5,0.5,0,,CookBr00
196,Troy Franklin,21,DEN,WR,8,4,2,8,0,0,50.0,5,4.0,1.0,0.3,0,,FranTr00
197,C.J. Ham,31,MIN,FB,8,2,2,10,1,1,100.0,8,5.0,1.3,0.3,1,,HamxC.00
198,Mecole Hardman,26,KAN,WR,8,0,2,38,1,2,100.0,20,19.0,4.8,0.3,0,,HardMe00
199,Diontae Johnson,28,2TM,WR,9,7,2,6,0,1,50.0,4,3.0,0.7,0.2,0,,JohnDi01
199,Diontae Johnson,28,CAR,WR,7,7,2,6,0,1,50.0,4,3.0,0.9,0.3,0,,JohnDi01
200,Velus Jones Jr.,27,CHI,WR,1,0,2,11,0,1,100.0,6,5.5,11.0,2.0,1,,JoneVe00
201,Tucker Kraft,24,GNB,TE,9,9,2,4,0,2,100.0,2,2.0,0.4,0.2,1,,KrafTu00
202,Cooper Kupp,31,LAR,WR,4,4,2,10,0,1,50.0,9,5.0,2.5,0.5,0,,KuppCo00
203,Tyreik McAllister,26,LVR,WR,3,0,2,11,0,1,50.0,10,5.5,3.7,0.7,0,,McAlTy00
204,Terry McLaurin,29,WAS,WR,9,9,2,2,0,0,0.0,2,1.0,0.2,0.2,1,,McLaTe00
205,Jalen McMillan,23,TAM,WR,6,5,2,28,0,2,100.0,17,14.0,4.7,0.3,0,,McMiJa01
206,Jonathan Mingo,23,CAR,WR,9,5,2,5,0,0,0.0,3,2.5,0.6,0.2,1,,MingJo00
207,Adonai Mitchell,22,IND,WR,9,4,2,14,0,1,100.0,10,7.0,1.6,0.2,0,,MitcAd00
208,Jalen Nailor,25,MIN,WR,8,3,2,3,0,1,50.0,3,1.5,0.4,0.3,1,,NailJa00
209,Kalif Raymond,30,DET,WR,8,1,2,0,0,1,50.0,,0.0,0.0,0.3,0,,RaymKa00
210,Wan'Dale Robinson,23,NYG,WR,9,4,2,18,0,1,50.0,14,9.0,2.0,0.2,0,,RobiWa01
211,Khalil Shakir,24,BUF,WR,8,5,2,4,0,0,0.0,2,2.0,0.5,0.3,0,,ShakKh00
212,Xavier Smith,27,LAR,WR,6,0,2,30,0,1,100.0,24,15.0,5.0,0.3,0,,SmitXa00
213,Jarrett Stidham,28,DEN,QB,1,0,2,-2,0,0,0.0,,-1.0,-2.0,2.0,0,,StidJa00
214,Kyle Trask,26,TAM,QB,1,0,2,-2,0,0,0.0,-1,-1.0,-2.0,2.0,0,,TrasKy00
215,Jaylen Waddle,26,MIA,WR,8,8,2,7,0,0,100.0,4,3.5,0.9,0.3,0,,WaddJa00
216,Brandon Allen,32,SFO,QB,1,0,1,-1,0,0,0.0,-1,-1.0,-1.0,1.0,0,,AlleBr00
217,Tutu Atwell,25,LAR,WR,8,4,1,7,0,0,100.0,7,7.0,0.9,0.1,0,,AtweTu00
218,Jake Bailey,27,MIA,P,8,0,1,0,0,0,0.0,,0.0,0.0,0.1,1,,BailJa00
219,Brock Bowers,22,LVR,TE,9,8,1,12,0,1,100.0,12,12.0,1.3,0.1,0,,BoweBr01
220,Tyler Boyd,30,TEN,WR,8,4,1,3,0,1,100.0,3,3.0,0.4,0.1,0,,BoydTy00
221,British Brooks,25,HOU,RB,5,0,1,2,0,0,0.0,2,2.0,0.4,0.2,0,,BrooBr01
222,Jake Browning,28,CIN,QB,2,0,1,-1,0,0,0.0,,-1.0,-0.5,0.5,0,,BrowJa08
223,Ja'Marr Chase,24,CIN,WR,10,10,1,11,0,1,100.0,11,11.0,1.1,0.1,0,,ChasJa00
224,Malachi Corley,22,NYJ,WR,5,0,1,18,0,0,100.0,18,18.0,3.6,0.2,1,,CorlMa00
225,DeeJay Dallas,26,ARI,RB,9,0,1,2,0,0,0.0,2,2.0,0.2,0.1,1,,DallDe00
226,Greg Dortch,26,ARI,WR,9,1,1,4,0,0,100.0,4,4.0,0.4,0.1,1,,DortGr01
227,Jahan Dotson,24,PHI,WR,8,3,1,13,0,1,100.0,13,13.0,1.6,0.1,0,,DotsJa00
228,Demario Douglas,24,NWE,WR,9,3,1,9,0,0,100.0,9,9.0,1.0,0.1,0,,DougDe00
229,Josh Downs,23,IND,WR,7,3,1,12,0,0,0.0,13,12.0,1.7,0.1,0,,DownJo00
230,Chris Godwin,28,TAM,WR,7,7,1,2,0,1,100.0,2,2.0,0.3,0.1,1,,GodwCh00
231,Matthew Hayball,27,NOR,P,9,0,1,11,0,1,100.0,11,11.0,1.2,0.1,0,,HaybMa00
232,Jaden Hicks,22,KAN,DB,8,0,1,1,0,0,0.0,1,1.0,0.1,0.1,0,,HickJa01
233,Hendon Hooker,26,DET,QB,2,0,1,-1,0,0,0.0,,-1.0,-0.5,0.5,0,,HookHe00
234,Tanner Hudson,30,CIN,TE,6,0,1,1,0,1,100.0,1,1.0,0.2,0.2,1,,HudsTa00
235,Jermaine Jackson,24,NOR,WR,3,0,1,-1,0,0,0.0,,-1.0,-0.3,0.3,0,,JackJe01
236,Jha'Quan Jackson,24,TEN,WR,8,0,1,-5,0,0,0.0,,-5.0,-0.6,0.1,3,,JackJh00
237,Justin Jefferson,25,MIN,WR,8,8,1,3,0,0,0.0,3,3.0,0.4,0.1,1,,JeffJu00
238,Kameron Johnson,22,TAM,WR,4,0,1,0,0,0,0.0,,0.0,0.0,0.3,0,,JohnKa01
239,Travis Kelce,35,KAN,TE,8,8,1,1,0,0,100.0,1,1.0,0.1,0.1,2,,KelcTr00
240,Charlie Kolar,25,BAL,TE,10,3,1,2,0,1,100.0,2,2.0,0.2,0.1,0,,KolaCh00
241,Dylan Laube,25,LVR,RB,3,0,1,0,0,0,0.0,,0.0,0.0,0.3,1,,LaubDy00
242,Drew Lock,28,NYG,QB,2,0,1,13,0,1,100.0,13,13.0,6.5,0.5,2,,LockDr00
243,Trey McBride,25,ARI,TE,8,8,1,2,1,1,100.0,2,2.0,0.3,0.1,0,,McBrTr01
244,Jakobi Meyers,28,LVR,WR,7,7,1,3,0,0,0.0,3,3.0,0.4,0.1,0,,MeyeJa01
245,Marvin Mims,22,DEN,WR,9,1,1,17,0,1,100.0,17,17.0,1.9,0.1,0,,MimsMa00
246,Nick Mullens,29,MIN,QB,2,0,1,0,0,0,0.0,,0.0,0.0,0.5,0,,MullNi00
247,Chris Olave,24,NOR,WR,8,8,1,7,0,1,100.0,7,7.0,0.9,0.1,1,,OlavCh00
248,Cade Otton,25,TAM,TE,9,9,1,-4,0,0,0.0,-4,-4.0,-0.4,0.1,2,,OttoCa00
249,Ricky Pearsall,24,SFO,WR,2,1,1,39,0,1,100.0,39,39.0,19.5,0.5,0,,PearRi00
250,George Pickens,23,PIT,WR,8,7,1,-10,0,0,0.0,-10,-10.0,-1.3,0.1,1,,PickGe00
251,Ja'Lynn Polk,22,NWE,WR,8,5,1,0,0,0,0.0,,0.0,0.0,0.1,0,,PolkJa00
252,Jalen Reagor,25,LAC,WR,3,0,1,-1,0,0,0.0,,-1.0,-0.3,0.3,1,,ReagJa00
253,Jalen Reeves-Maybin,29,DET,LB,8,0,1,1,0,0,0.0,1,1.0,0.1,0.1,0,,ReevJa00
254,Rashee Rice,24,KAN,WR,4,4,1,1,0,1,100.0,1,1.0,0.3,0.3,0,,RiceRa01
255,Desmond Ridder,25,LVR,QB,2,0,1,2,0,0,0.0,2,2.0,1.0,0.5,1,,RiddDe00
256,JK Scott,29,LAC,P,8,0,1,0,0,0,0.0,,0.0,0.0,0.1,1,,ScotJK00
257,Laviska Shenault Jr.,26,SEA,WR,9,0,1,1,0,0,0.0,1,1.0,0.1,0.1,1,,ShenLa00
258,Steven Sims,27,HOU,WR,6,0,1,0,0,0,0.0,,0.0,0.0,0.2,2,,SimsSt00
259,Darius Slayton,27,NYG,WR,9,7,1,11,0,1,100.0,11,11.0,1.2,0.1,1,,SlayDa01
260,Ainias Smith,23,PHI,WR,2,0,1,2,0,0,0.0,2,2.0,1.0,0.5,0,,SmitAi00
261,Jonnu Smith,29,MIA,TE,8,2,1,-1,0,0,0.0,-1,-1.0,-0.1,0.1,0,,SmitJo01
262,Tyrod Taylor,35,NYJ,QB,1,0,1,7,0,0,100.0,7,7.0,7.0,1.0,0,,TaylTy00
263,Tavierre Thomas,28,TAM,CB,9,0,1,-2,0,0,0.0,,-2.0,-0.2,0.1,0,,ThomTa01
264,Deven Thompkins,25,CAR,WR,1,0,1,-2,0,0,0.0,,-2.0,-2.0,1.0,0,,ThomDe07
265,Skylar Thompson,27,MIA,QB,2,1,1,4,0,0,0.0,4,4.0,2.0,0.5,2,,ThomSk00
266,Cedric Tillman,24,CLE,WR,9,4,1,-5,0,0,0.0,,-5.0,-0.6,0.1,0,,TillCe01
267,Sione Vaki,23,DET,RB,7,0,1,5,0,0,0.0,5,5.0,0.7,0.1,0,,VakiSi00
268,Malik Washington,23,MIA,WR,5,0,1,9,0,0,100.0,9,9.0,1.8,0.2,0,,WashMa00
269,Christian Watson,25,GNB,WR,8,8,1,-4,0,0,0.0,,-4.0,-0.5,0.1,0,,WatsCh00
270,Garrett Wilson,24,NYJ,WR,9,9,1,5,0,1,100.0,5,5.0,0.6,0.1,1,,WilsGa00
